taluk_id,district_id,district_name,taluk_name,latitude,longitude,population
1,1,Chennai,Chennai North,13.1025,80.3166,302692
2,1,Chennai,Chennai South,13.0886,80.2678,151306
3,1,Chennai,Chennai East,13.0644,80.2460,287567
4,1,Chennai,Chennai West,13.0602,80.2822,342869
5,1,Chennai,Chennai Central,13.0557,80.2857,166881
6,2,Coimbatore,Coimbatore North,11.0680,76.9550,377462
7,2,Coimbatore,Coimbatore South,11.0555,76.9591,364470
8,2,Coimbatore,Coimbatore East,11.0041,76.9956,313595
9,2,Coimbatore,Coimbatore West,11.0007,77.0038,401083
10,2,Coimbatore,Coimbatore Central,11.0300,77.0045,420304
11,3,Madurai,Madurai North,9.9560,78.1624,402362
12,3,Madurai,Madurai South,9.8915,78.0862,462810
13,3,Madurai,Madurai East,9.9184,78.1371,265982
14,3,Madurai,Madurai West,9.8856,78.1766,184970
15,3,Madurai,Madurai Central,9.9364,78.1651,450009
16,4,Salem,Salem North,11.6720,78.2013,275537
17,4,Salem,Salem South,11.6807,78.1736,201917
18,4,Salem,Salem East,11.6494,78.0866,347840
19,4,Salem,Salem West,11.6778,78.1042,392795
20,4,Salem,Salem Central,11.6897,78.1799,232393
21,5,Tiruchirappalli,Tiruchirappalli North,10.8008,78.6869,433799
22,5,Tiruchirappalli,Tiruchirappalli South,10.7880,78.7274,189459
23,5,Tiruchirappalli,Tiruchirappalli East,10.7443,78.7567,331664
24,5,Tiruchirappalli,Tiruchirappalli West,10.8033,78.6852,474335
25,5,Tiruchirappalli,Tiruchirappalli Central,10.7863,78.6590,246394
26,6,Tirunelveli,Tirunelveli North,8.6923,77.7298,251958
27,6,Tirunelveli,Tirunelveli South,8.7573,77.7440,238118
28,6,Tirunelveli,Tirunelveli East,8.7004,77.7802,397844
29,6,Tirunelveli,Tirunelveli West,8.7358,77.7827,313876
30,6,Tirunelveli,Tirunelveli Central,8.7269,77.7081,155626
31,7,Erode,Erode North,11.2939,77.6742,253784
32,7,Erode,Erode South,11.3104,77.6839,381425
33,7,Erode,Erode East,11.3242,77.7040,337316
34,7,Erode,Erode West,11.3280,77.7752,392561
35,7,Erode,Erode Central,11.3309,77.7112,415022
36,8,Tiruppur,Tiruppur North,11.1103,77.3282,250771
37,8,Tiruppur,Tiruppur South,11.1511,77.3947,302507
38,8,Tiruppur,Tiruppur East,11.1181,77.2881,272872
39,8,Tiruppur,Tiruppur West,11.0980,77.3523,408168
40,8,Tiruppur,Tiruppur Central,11.0678,77.2851,237563
41,9,Vellore,Vellore North,12.9596,79.1630,392398
42,9,Vellore,Vellore South,12.9643,79.0920,226402
43,9,Vellore,Vellore East,12.9666,79.1752,453635
44,9,Vellore,Vellore West,12.9111,79.1026,219680
45,9,Vellore,Vellore Central,12.8819,79.1061,466229
46,10,Krishnagiri,Krishnagiri North,12.5610,78.2109,313416
47,10,Krishnagiri,Krishnagiri South,12.5206,78.1895,327076
48,10,Krishnagiri,Krishnagiri East,12.5447,78.2067,231908
49,10,Krishnagiri,Krishnagiri West,12.5762,78.2386,151648
50,10,Krishnagiri,Krishnagiri Central,12.5273,78.1708,192712
51,11,Dindigul,Dindigul North,10.3520,77.9205,213226
52,11,Dindigul,Dindigul South,10.4184,78.0264,280884
53,11,Dindigul,Dindigul East,10.4076,77.9418,156974
54,11,Dindigul,Dindigul West,10.3669,78.0263,452946
55,11,Dindigul,Dindigul Central,10.4182,77.9992,325732
56,12,Thanjavur,Thanjavur North,10.8001,79.1832,297137
57,12,Thanjavur,Thanjavur South,10.7361,79.0937,156444
58,12,Thanjavur,Thanjavur East,10.7911,79.1660,257092
59,12,Thanjavur,Thanjavur West,10.8244,79.1540,231806
60,12,Thanjavur,Thanjavur Central,10.7743,79.1458,325762
61,13,Thoothukudi,Thoothukudi North,8.7149,78.1257,154808
62,13,Thoothukudi,Thoothukudi South,8.7275,78.1457,352498
63,13,Thoothukudi,Thoothukudi East,8.7300,78.1550,376355
64,13,Thoothukudi,Thoothukudi West,8.7813,78.1470,367698
65,13,Thoothukudi,Thoothukudi Central,8.7758,78.0923,398072
66,14,Kanniyakumari,Kanniyakumari North,8.0962,77.5679,186566
67,14,Kanniyakumari,Kanniyakumari South,8.0754,77.5196,423483
68,14,Kanniyakumari,Kanniyakumari East,8.0294,77.5021,396979
69,14,Kanniyakumari,Kanniyakumari West,8.1235,77.5220,450325
70,14,Kanniyakumari,Kanniyakumari Central,8.0841,77.5167,456160
71,15,Tenkasi,Tenkasi North,8.9392,77.2581,465482
72,15,Tenkasi,Tenkasi South,8.9050,77.2563,425757
73,15,Tenkasi,Tenkasi East,8.9203,77.2944,193892
74,15,Tenkasi,Tenkasi West,8.9989,77.2785,281643
75,15,Tenkasi,Tenkasi Central,9.0177,77.2789,188326
76,16,Kancheepuram,Kancheepuram North,12.8915,79.7266,287674
77,16,Kancheepuram,Kancheepuram South,12.8437,79.6568,435249
78,16,Kancheepuram,Kancheepuram East,12.8458,79.6514,333029
79,16,Kancheepuram,Kancheepuram West,12.8052,79.7342,203294
80,16,Kancheepuram,Kancheepuram Central,12.8360,79.7015,479028
81,17,Chengalpattu,Chengalpattu North,12.6892,79.9949,478155
82,17,Chengalpattu,Chengalpattu South,12.6671,80.0469,428995
83,17,Chengalpattu,Chengalpattu East,12.7390,79.9772,326796
84,17,Chengalpattu,Chengalpattu West,12.6776,80.0410,366812
85,17,Chengalpattu,Chengalpattu Central,12.6506,80.0207,192926
86,18,Tiruvallur,Tiruvallur North,13.1574,79.9378,457347
87,18,Tiruvallur,Tiruvallur South,13.1903,79.9451,244055
88,18,Tiruvallur,Tiruvallur East,13.1387,79.8682,394867
89,18,Tiruvallur,Tiruvallur West,13.0882,79.8883,238949
90,18,Tiruvallur,Tiruvallur Central,13.1869,79.9106,183109
91,19,Cuddalore,Cuddalore North,11.7508,79.8311,333170
92,19,Cuddalore,Cuddalore South,11.7165,79.7556,472919
93,19,Cuddalore,Cuddalore East,11.6975,79.7664,159352
94,19,Cuddalore,Cuddalore West,11.7960,79.8108,211132
95,19,Cuddalore,Cuddalore Central,11.7501,79.7467,376032
96,20,Viluppuram,Viluppuram North,11.9158,79.5100,300907
97,20,Viluppuram,Viluppuram South,11.9098,79.5067,279900
98,20,Viluppuram,Viluppuram East,11.9422,79.4423,214218
99,20,Viluppuram,Viluppuram West,11.9934,79.4505,254499
100,20,Viluppuram,Viluppuram Central,11.9014,79.4634,220420
101,21,Kallakurichi,Kallakurichi North,11.7266,78.9933,373714
102,21,Kallakurichi,Kallakurichi South,11.7391,78.9177,391643
103,21,Kallakurichi,Kallakurichi East,11.7830,78.9427,408129
104,21,Kallakurichi,Kallakurichi West,11.7081,78.9605,330862
105,21,Kallakurichi,Kallakurichi Central,11.7109,78.9923,310855
106,22,Dharmapuri,Dharmapuri North,12.1768,78.1672,158307
107,22,Dharmapuri,Dharmapuri South,12.1455,78.1893,378996
108,22,Dharmapuri,Dharmapuri East,12.1054,78.2140,195368
109,22,Dharmapuri,Dharmapuri West,12.1317,78.1111,417872
110,22,Dharmapuri,Dharmapuri Central,12.1161,78.1180,282293
111,23,Namakkal,Namakkal North,11.2206,78.1725,337164
112,23,Namakkal,Namakkal South,11.2158,78.1659,197477
113,23,Namakkal,Namakkal East,11.2324,78.1701,440658
114,23,Namakkal,Namakkal West,11.1678,78.1764,222030
115,23,Namakkal,Namakkal Central,11.2681,78.2025,434515
116,24,Nilgiris,Nilgiris North,11.4038,76.6799,472935
117,24,Nilgiris,Nilgiris South,11.4353,76.6511,214836
118,24,Nilgiris,Nilgiris East,11.4130,76.6842,208435
119,24,Nilgiris,Nilgiris West,11.4274,76.6667,257512
120,24,Nilgiris,Nilgiris Central,11.4502,76.7025,265258
121,25,Karur,Karur North,10.9835,78.0769,428776
122,25,Karur,Karur South,11.0061,78.1213,250610
123,25,Karur,Karur East,10.9148,78.0775,292953
124,25,Karur,Karur West,10.9276,78.0548,311764
125,25,Karur,Karur Central,10.9059,78.1258,297204
126,26,Ariyalur,Ariyalur North,11.1507,79.1254,228239
127,26,Ariyalur,Ariyalur South,11.1154,79.0592,476909
128,26,Ariyalur,Ariyalur East,11.1301,79.1015,229727
129,26,Ariyalur,Ariyalur West,11.0849,79.1318,467393
130,26,Ariyalur,Ariyalur Central,11.1206,79.0276,478336
131,27,Perambalur,Perambalur North,11.2931,78.8551,187359
132,27,Perambalur,Perambalur South,11.2543,78.8332,246376
133,27,Perambalur,Perambalur East,11.2843,78.8420,427007
134,27,Perambalur,Perambalur West,11.1772,78.8997,260354
135,27,Perambalur,Perambalur Central,11.2614,78.8441,469956
136,28,Pudukkottai,Pudukkottai North,10.4034,78.8530,247611
137,28,Pudukkottai,Pudukkottai South,10.3895,78.7948,332691
138,28,Pudukkottai,Pudukkottai East,10.3258,78.8031,315076
139,28,Pudukkottai,Pudukkottai West,10.4387,78.8080,276524
140,28,Pudukkottai,Pudukkottai Central,10.4248,78.8207,332315
141,29,Sivaganga,Sivaganga North,9.8028,78.5347,431485
142,29,Sivaganga,Sivaganga South,9.8019,78.4556,428657
143,29,Sivaganga,Sivaganga East,9.8214,78.5022,392655
144,29,Sivaganga,Sivaganga West,9.8322,78.4810,424223
145,29,Sivaganga,Sivaganga Central,9.9016,78.4629,327900
146,30,Ramanathapuram,Ramanathapuram North,9.3579,78.8242,258242
147,30,Ramanathapuram,Ramanathapuram South,9.3657,78.8492,249617
148,30,Ramanathapuram,Ramanathapuram East,9.3351,78.7928,428545
149,30,Ramanathapuram,Ramanathapuram West,9.3277,78.8018,466757
150,30,Ramanathapuram,Ramanathapuram Central,9.3641,78.8340,360093
151,31,Virudhunagar,Virudhunagar North,9.5616,78.0154,409670
152,31,Virudhunagar,Virudhunagar South,9.5467,77.9400,416248
153,31,Virudhunagar,Virudhunagar East,9.5481,78.0066,409977
154,31,Virudhunagar,Virudhunagar West,9.5284,77.9285,263965
155,31,Virudhunagar,Virudhunagar Central,9.5895,77.9492,260231
156,32,Theni,Theni North,10.0219,77.4411,364003
157,32,Theni,Theni South,10.0138,77.5096,383297
158,32,Theni,Theni East,9.9931,77.4994,369702
159,32,Theni,Theni West,10.0176,77.4472,328863
160,32,Theni,Theni Central,10.0072,77.4204,332422
161,33,Thiruvarur,Thiruvarur North,10.7763,79.5900,286039
162,33,Thiruvarur,Thiruvarur South,10.7533,79.6435,315875
163,33,Thiruvarur,Thiruvarur East,10.7736,79.6644,459871
164,33,Thiruvarur,Thiruvarur West,10.7526,79.6057,260613
165,33,Thiruvarur,Thiruvarur Central,10.7371,79.6182,432029
166,34,Nagapattinam,Nagapattinam North,10.7990,79.8395,296286
167,34,Nagapattinam,Nagapattinam South,10.7618,79.8826,270925
168,34,Nagapattinam,Nagapattinam East,10.7409,79.8644,422482
169,34,Nagapattinam,Nagapattinam West,10.7793,79.8291,476001
170,34,Nagapattinam,Nagapattinam Central,10.7140,79.8271,205545
171,35,Mayiladuthurai,Mayiladuthurai North,11.0934,79.6969,389777
172,35,Mayiladuthurai,Mayiladuthurai South,11.0678,79.6886,232654
173,35,Mayiladuthurai,Mayiladuthurai East,11.1587,79.6851,206755
174,35,Mayiladuthurai,Mayiladuthurai West,11.1177,79.6748,257324
175,35,Mayiladuthurai,Mayiladuthurai Central,11.1048,79.6687,359427
176,36,Ranipet,Ranipet North,12.8690,79.3614,322616
177,36,Ranipet,Ranipet South,12.9492,79.3857,178868
178,36,Ranipet,Ranipet East,12.9514,79.3725,389183
179,36,Ranipet,Ranipet West,12.9343,79.3593,241169
180,36,Ranipet,Ranipet Central,12.9697,79.3886,384360
181,37,Tirupathur,Tirupathur North,12.4992,78.5877,161341
182,37,Tirupathur,Tirupathur South,12.4461,78.5602,376417
183,37,Tirupathur,Tirupathur East,12.5012,78.5517,342106
184,37,Tirupathur,Tirupathur West,12.5516,78.5593,316981
185,37,Tirupathur,Tirupathur Central,12.4524,78.5864,292813
186,38,Tiruvannamalai,Tiruvannamalai North,12.2710,79.1229,479047
187,38,Tiruvannamalai,Tiruvannamalai South,12.2314,79.0550,307794
188,38,Tiruvannamalai,Tiruvannamalai East,12.2599,79.0590,415124
189,38,Tiruvannamalai,Tiruvannamalai West,12.2097,79.1189,444978
190,38,Tiruvannamalai,Tiruvannamalai Central,12.2560,79.1016,160281