locality_id,taluk_id,district_id,district_name,locality_name,locality_type,latitude,longitude
1,1,1,Chennai,Chennai North Market,INDUSTRIAL_PARK,13.0857,80.3236
2,1,1,Chennai,Chennai North Campus Zone,RESIDENTIAL_WARD,13.1183,80.3270
3,1,1,Chennai,Chennai North Industrial Bypass,TRANSIT_JUNCTION,13.0947,80.3322
4,2,1,Chennai,Chennai South Market,RESIDENTIAL_WARD,13.0975,80.2551
5,2,1,Chennai,Chennai South Campus Zone,RESIDENTIAL_WARD,13.0975,80.2499
6,2,1,Chennai,Chennai South Industrial Bypass,COMMERCIAL_RETAIL,13.0728,80.2773
7,3,1,Chennai,Chennai East Market,INDUSTRIAL_PARK,13.0456,80.2449
8,3,1,Chennai,Chennai East Campus Zone,RESIDENTIAL_WARD,13.0528,80.2366
9,3,1,Chennai,Chennai East Industrial Bypass,COMMERCIAL_RETAIL,13.0721,80.2549
10,4,1,Chennai,Chennai West Market,COMMERCIAL_RETAIL,13.0560,80.2913
11,4,1,Chennai,Chennai West Campus Zone,COMMERCIAL_RETAIL,13.0491,80.2980
12,4,1,Chennai,Chennai West Industrial Bypass,INDUSTRIAL_PARK,13.0551,80.2927
13,5,1,Chennai,Chennai Central Market,COMMERCIAL_RETAIL,13.0712,80.2870
14,5,1,Chennai,Chennai Central Campus Zone,COMMERCIAL_RETAIL,13.0475,80.3041
15,5,1,Chennai,Chennai Central Industrial Bypass,TRANSIT_JUNCTION,13.0418,80.2843
16,6,2,Coimbatore,Coimbatore North Market,TRANSIT_JUNCTION,11.0694,76.9580
17,6,2,Coimbatore,Coimbatore North Campus Zone,TRANSIT_JUNCTION,11.0848,76.9708
18,6,2,Coimbatore,Coimbatore North Industrial Bypass,COMMERCIAL_RETAIL,11.0567,76.9461
19,7,2,Coimbatore,Coimbatore South Market,RESIDENTIAL_WARD,11.0497,76.9459
20,7,2,Coimbatore,Coimbatore South Campus Zone,RESIDENTIAL_WARD,11.0724,76.9592
21,7,2,Coimbatore,Coimbatore South Industrial Bypass,RESIDENTIAL_WARD,11.0646,76.9644
22,8,2,Coimbatore,Coimbatore East Market,CAMPUS_SECTOR,10.9971,76.9806
23,8,2,Coimbatore,Coimbatore East Campus Zone,INDUSTRIAL_PARK,10.9934,77.0041
24,8,2,Coimbatore,Coimbatore East Industrial Bypass,INDUSTRIAL_PARK,11.0231,76.9891
25,9,2,Coimbatore,Coimbatore West Market,CAMPUS_SECTOR,10.9993,76.9938
26,9,2,Coimbatore,Coimbatore West Campus Zone,TRANSIT_JUNCTION,11.0119,77.0232
27,9,2,Coimbatore,Coimbatore West Industrial Bypass,RESIDENTIAL_WARD,11.0109,77.0094
28,10,2,Coimbatore,Coimbatore Central Market,TRANSIT_JUNCTION,11.0149,77.0197
29,10,2,Coimbatore,Coimbatore Central Campus Zone,RESIDENTIAL_WARD,11.0223,76.9858
30,10,2,Coimbatore,Coimbatore Central Industrial Bypass,CAMPUS_SECTOR,11.0408,76.9899
31,11,3,Madurai,Madurai North Market,CAMPUS_SECTOR,9.9708,78.1586
32,11,3,Madurai,Madurai North Campus Zone,COMMERCIAL_RETAIL,9.9754,78.1750
33,11,3,Madurai,Madurai North Industrial Bypass,INDUSTRIAL_PARK,9.9570,78.1810
34,12,3,Madurai,Madurai South Market,CAMPUS_SECTOR,9.8798,78.0952
35,12,3,Madurai,Madurai South Campus Zone,COMMERCIAL_RETAIL,9.8780,78.1038
36,12,3,Madurai,Madurai South Industrial Bypass,COMMERCIAL_RETAIL,9.9005,78.0793
37,13,3,Madurai,Madurai East Market,COMMERCIAL_RETAIL,9.9127,78.1417
38,13,3,Madurai,Madurai East Campus Zone,TRANSIT_JUNCTION,9.9205,78.1209
39,13,3,Madurai,Madurai East Industrial Bypass,TRANSIT_JUNCTION,9.9191,78.1260
40,14,3,Madurai,Madurai West Market,COMMERCIAL_RETAIL,9.8837,78.1854
41,14,3,Madurai,Madurai West Campus Zone,COMMERCIAL_RETAIL,9.8857,78.1688
42,14,3,Madurai,Madurai West Industrial Bypass,TRANSIT_JUNCTION,9.8965,78.1790
43,15,3,Madurai,Madurai Central Market,COMMERCIAL_RETAIL,9.9275,78.1495
44,15,3,Madurai,Madurai Central Campus Zone,TRANSIT_JUNCTION,9.9298,78.1724
45,15,3,Madurai,Madurai Central Industrial Bypass,CAMPUS_SECTOR,9.9379,78.1792
46,16,4,Salem,Salem North Market,INDUSTRIAL_PARK,11.6603,78.2038
47,16,4,Salem,Salem North Campus Zone,COMMERCIAL_RETAIL,11.6776,78.2136
48,16,4,Salem,Salem North Industrial Bypass,INDUSTRIAL_PARK,11.6868,78.1943
49,17,4,Salem,Salem South Market,TRANSIT_JUNCTION,11.6849,78.1795
50,17,4,Salem,Salem South Campus Zone,COMMERCIAL_RETAIL,11.6934,78.1913
51,17,4,Salem,Salem South Industrial Bypass,RESIDENTIAL_WARD,11.6675,78.1820
52,18,4,Salem,Salem East Market,INDUSTRIAL_PARK,11.6490,78.0841
53,18,4,Salem,Salem East Campus Zone,INDUSTRIAL_PARK,11.6379,78.0809
54,18,4,Salem,Salem East Industrial Bypass,INDUSTRIAL_PARK,11.6363,78.0997
55,19,4,Salem,Salem West Market,RESIDENTIAL_WARD,11.6944,78.1225
56,19,4,Salem,Salem West Campus Zone,COMMERCIAL_RETAIL,11.6740,78.0845
57,19,4,Salem,Salem West Industrial Bypass,RESIDENTIAL_WARD,11.6619,78.0985
58,20,4,Salem,Salem Central Market,CAMPUS_SECTOR,11.6921,78.1852
59,20,4,Salem,Salem Central Campus Zone,RESIDENTIAL_WARD,11.6725,78.1601
60,20,4,Salem,Salem Central Industrial Bypass,COMMERCIAL_RETAIL,11.6822,78.1856
61,21,5,Tiruchirappalli,Tiruchirappalli North Market,INDUSTRIAL_PARK,10.7831,78.6698
62,21,5,Tiruchirappalli,Tiruchirappalli North Campus Zone,INDUSTRIAL_PARK,10.7824,78.6725
63,21,5,Tiruchirappalli,Tiruchirappalli North Industrial Bypass,CAMPUS_SECTOR,10.7875,78.7067
64,22,5,Tiruchirappalli,Tiruchirappalli South Market,CAMPUS_SECTOR,10.7859,78.7109
65,22,5,Tiruchirappalli,Tiruchirappalli South Campus Zone,INDUSTRIAL_PARK,10.7775,78.7403
66,22,5,Tiruchirappalli,Tiruchirappalli South Industrial Bypass,RESIDENTIAL_WARD,10.7745,78.7308
67,23,5,Tiruchirappalli,Tiruchirappalli East Market,CAMPUS_SECTOR,10.7550,78.7618
68,23,5,Tiruchirappalli,Tiruchirappalli East Campus Zone,TRANSIT_JUNCTION,10.7399,78.7576
69,23,5,Tiruchirappalli,Tiruchirappalli East Industrial Bypass,CAMPUS_SECTOR,10.7465,78.7762
70,24,5,Tiruchirappalli,Tiruchirappalli West Market,CAMPUS_SECTOR,10.7889,78.6978
71,24,5,Tiruchirappalli,Tiruchirappalli West Campus Zone,TRANSIT_JUNCTION,10.7986,78.6724
72,24,5,Tiruchirappalli,Tiruchirappalli West Industrial Bypass,INDUSTRIAL_PARK,10.8190,78.6923
73,25,5,Tiruchirappalli,Tiruchirappalli Central Market,COMMERCIAL_RETAIL,10.7951,78.6565
74,25,5,Tiruchirappalli,Tiruchirappalli Central Campus Zone,INDUSTRIAL_PARK,10.7996,78.6737
75,25,5,Tiruchirappalli,Tiruchirappalli Central Industrial Bypass,RESIDENTIAL_WARD,10.7751,78.6452
76,26,6,Tirunelveli,Tirunelveli North Market,RESIDENTIAL_WARD,8.7116,77.7166
77,26,6,Tirunelveli,Tirunelveli North Campus Zone,CAMPUS_SECTOR,8.6957,77.7306
78,26,6,Tirunelveli,Tirunelveli North Industrial Bypass,TRANSIT_JUNCTION,8.6996,77.7436
79,27,6,Tirunelveli,Tirunelveli South Market,INDUSTRIAL_PARK,8.7535,77.7543
80,27,6,Tirunelveli,Tirunelveli South Campus Zone,COMMERCIAL_RETAIL,8.7688,77.7633
81,27,6,Tirunelveli,Tirunelveli South Industrial Bypass,INDUSTRIAL_PARK,8.7612,77.7579
82,28,6,Tirunelveli,Tirunelveli East Market,TRANSIT_JUNCTION,8.7147,77.7622
83,28,6,Tirunelveli,Tirunelveli East Campus Zone,TRANSIT_JUNCTION,8.6939,77.7748
84,28,6,Tirunelveli,Tirunelveli East Industrial Bypass,CAMPUS_SECTOR,8.6942,77.7608
85,29,6,Tirunelveli,Tirunelveli West Market,RESIDENTIAL_WARD,8.7386,77.7643
86,29,6,Tirunelveli,Tirunelveli West Campus Zone,TRANSIT_JUNCTION,8.7360,77.7812
87,29,6,Tirunelveli,Tirunelveli West Industrial Bypass,RESIDENTIAL_WARD,8.7404,77.7881
88,30,6,Tirunelveli,Tirunelveli Central Market,COMMERCIAL_RETAIL,8.7197,77.6897
89,30,6,Tirunelveli,Tirunelveli Central Campus Zone,RESIDENTIAL_WARD,8.7351,77.7224
90,30,6,Tirunelveli,Tirunelveli Central Industrial Bypass,CAMPUS_SECTOR,8.7229,77.7053
91,31,7,Erode,Erode North Market,RESIDENTIAL_WARD,11.3047,77.6671
92,31,7,Erode,Erode North Campus Zone,TRANSIT_JUNCTION,11.2888,77.6806
93,31,7,Erode,Erode North Industrial Bypass,TRANSIT_JUNCTION,11.2777,77.6858
94,32,7,Erode,Erode South Market,TRANSIT_JUNCTION,11.3278,77.6788
95,32,7,Erode,Erode South Campus Zone,RESIDENTIAL_WARD,11.3241,77.6795
96,32,7,Erode,Erode South Industrial Bypass,INDUSTRIAL_PARK,11.3077,77.6680
97,33,7,Erode,Erode East Market,CAMPUS_SECTOR,11.3309,77.7196
98,33,7,Erode,Erode East Campus Zone,COMMERCIAL_RETAIL,11.3320,77.6988
99,33,7,Erode,Erode East Industrial Bypass,RESIDENTIAL_WARD,11.3378,77.7008
100,34,7,Erode,Erode West Market,CAMPUS_SECTOR,11.3336,77.7911
101,34,7,Erode,Erode West Campus Zone,RESIDENTIAL_WARD,11.3171,77.7763
102,34,7,Erode,Erode West Industrial Bypass,TRANSIT_JUNCTION,11.3199,77.7558
103,35,7,Erode,Erode Central Market,INDUSTRIAL_PARK,11.3349,77.7172
104,35,7,Erode,Erode Central Campus Zone,INDUSTRIAL_PARK,11.3489,77.7309
105,35,7,Erode,Erode Central Industrial Bypass,CAMPUS_SECTOR,11.3233,77.7036
106,36,8,Tiruppur,Tiruppur North Market,COMMERCIAL_RETAIL,11.1042,77.3461
107,36,8,Tiruppur,Tiruppur North Campus Zone,TRANSIT_JUNCTION,11.1043,77.3271
108,36,8,Tiruppur,Tiruppur North Industrial Bypass,COMMERCIAL_RETAIL,11.1014,77.3434
109,37,8,Tiruppur,Tiruppur South Market,TRANSIT_JUNCTION,11.1422,77.3929
110,37,8,Tiruppur,Tiruppur South Campus Zone,CAMPUS_SECTOR,11.1347,77.3941
111,37,8,Tiruppur,Tiruppur South Industrial Bypass,COMMERCIAL_RETAIL,11.1390,77.4016
112,38,8,Tiruppur,Tiruppur East Market,RESIDENTIAL_WARD,11.1087,77.2911
113,38,8,Tiruppur,Tiruppur East Campus Zone,CAMPUS_SECTOR,11.1204,77.2800
114,38,8,Tiruppur,Tiruppur East Industrial Bypass,RESIDENTIAL_WARD,11.1145,77.2756
115,39,8,Tiruppur,Tiruppur West Market,TRANSIT_JUNCTION,11.0840,77.3537
116,39,8,Tiruppur,Tiruppur West Campus Zone,RESIDENTIAL_WARD,11.0985,77.3642
117,39,8,Tiruppur,Tiruppur West Industrial Bypass,COMMERCIAL_RETAIL,11.0913,77.3696
118,40,8,Tiruppur,Tiruppur Central Market,COMMERCIAL_RETAIL,11.0691,77.2853
119,40,8,Tiruppur,Tiruppur Central Campus Zone,TRANSIT_JUNCTION,11.0594,77.2917
120,40,8,Tiruppur,Tiruppur Central Industrial Bypass,CAMPUS_SECTOR,11.0733,77.2803
121,41,9,Vellore,Vellore North Market,CAMPUS_SECTOR,12.9774,79.1592
122,41,9,Vellore,Vellore North Campus Zone,COMMERCIAL_RETAIL,12.9599,79.1660
123,41,9,Vellore,Vellore North Industrial Bypass,TRANSIT_JUNCTION,12.9433,79.1820
124,42,9,Vellore,Vellore South Market,RESIDENTIAL_WARD,12.9488,79.0797
125,42,9,Vellore,Vellore South Campus Zone,INDUSTRIAL_PARK,12.9597,79.0992
126,42,9,Vellore,Vellore South Industrial Bypass,CAMPUS_SECTOR,12.9542,79.0745
127,43,9,Vellore,Vellore East Market,TRANSIT_JUNCTION,12.9865,79.1573
128,43,9,Vellore,Vellore East Campus Zone,COMMERCIAL_RETAIL,12.9830,79.1885
129,43,9,Vellore,Vellore East Industrial Bypass,INDUSTRIAL_PARK,12.9471,79.1784
130,44,9,Vellore,Vellore West Market,TRANSIT_JUNCTION,12.9026,79.1143
131,44,9,Vellore,Vellore West Campus Zone,INDUSTRIAL_PARK,12.9303,79.1220
132,44,9,Vellore,Vellore West Industrial Bypass,COMMERCIAL_RETAIL,12.9206,79.1143
133,45,9,Vellore,Vellore Central Market,CAMPUS_SECTOR,12.8773,79.1182
134,45,9,Vellore,Vellore Central Campus Zone,CAMPUS_SECTOR,12.8931,79.1048
135,45,9,Vellore,Vellore Central Industrial Bypass,RESIDENTIAL_WARD,12.8734,79.0909
136,46,10,Krishnagiri,Krishnagiri North Market,TRANSIT_JUNCTION,12.5687,78.2189
137,46,10,Krishnagiri,Krishnagiri North Campus Zone,TRANSIT_JUNCTION,12.5688,78.2216
138,46,10,Krishnagiri,Krishnagiri North Industrial Bypass,RESIDENTIAL_WARD,12.5791,78.2277
139,47,10,Krishnagiri,Krishnagiri South Market,RESIDENTIAL_WARD,12.5237,78.1882
140,47,10,Krishnagiri,Krishnagiri South Campus Zone,CAMPUS_SECTOR,12.5185,78.1876
141,47,10,Krishnagiri,Krishnagiri South Industrial Bypass,TRANSIT_JUNCTION,12.5301,78.1703
142,48,10,Krishnagiri,Krishnagiri East Market,CAMPUS_SECTOR,12.5316,78.2169
143,48,10,Krishnagiri,Krishnagiri East Campus Zone,RESIDENTIAL_WARD,12.5615,78.2196
144,48,10,Krishnagiri,Krishnagiri East Industrial Bypass,TRANSIT_JUNCTION,12.5643,78.2236
145,49,10,Krishnagiri,Krishnagiri West Market,TRANSIT_JUNCTION,12.5775,78.2405
146,49,10,Krishnagiri,Krishnagiri West Campus Zone,INDUSTRIAL_PARK,12.5583,78.2418
147,49,10,Krishnagiri,Krishnagiri West Industrial Bypass,TRANSIT_JUNCTION,12.5721,78.2580
148,50,10,Krishnagiri,Krishnagiri Central Market,COMMERCIAL_RETAIL,12.5304,78.1889
149,50,10,Krishnagiri,Krishnagiri Central Campus Zone,RESIDENTIAL_WARD,12.5372,78.1663
150,50,10,Krishnagiri,Krishnagiri Central Industrial Bypass,TRANSIT_JUNCTION,12.5413,78.1820
151,51,11,Dindigul,Dindigul North Market,TRANSIT_JUNCTION,10.3478,77.9277
152,51,11,Dindigul,Dindigul North Campus Zone,CAMPUS_SECTOR,10.3608,77.9254
153,51,11,Dindigul,Dindigul North Industrial Bypass,TRANSIT_JUNCTION,10.3606,77.9394
154,52,11,Dindigul,Dindigul South Market,CAMPUS_SECTOR,10.4013,78.0136
155,52,11,Dindigul,Dindigul South Campus Zone,CAMPUS_SECTOR,10.4262,78.0342
156,52,11,Dindigul,Dindigul South Industrial Bypass,RESIDENTIAL_WARD,10.4107,78.0239
157,53,11,Dindigul,Dindigul East Market,RESIDENTIAL_WARD,10.4221,77.9398
158,53,11,Dindigul,Dindigul East Campus Zone,COMMERCIAL_RETAIL,10.3931,77.9467
159,53,11,Dindigul,Dindigul East Industrial Bypass,COMMERCIAL_RETAIL,10.4096,77.9372
160,54,11,Dindigul,Dindigul West Market,TRANSIT_JUNCTION,10.3662,78.0215
161,54,11,Dindigul,Dindigul West Campus Zone,CAMPUS_SECTOR,10.3716,78.0277
162,54,11,Dindigul,Dindigul West Industrial Bypass,TRANSIT_JUNCTION,10.3648,78.0417
163,55,11,Dindigul,Dindigul Central Market,CAMPUS_SECTOR,10.4150,77.9879
164,55,11,Dindigul,Dindigul Central Campus Zone,COMMERCIAL_RETAIL,10.4269,77.9816
165,55,11,Dindigul,Dindigul Central Industrial Bypass,INDUSTRIAL_PARK,10.4263,77.9822
166,56,12,Thanjavur,Thanjavur North Market,COMMERCIAL_RETAIL,10.8098,79.1802
167,56,12,Thanjavur,Thanjavur North Campus Zone,RESIDENTIAL_WARD,10.8201,79.1669
168,56,12,Thanjavur,Thanjavur North Industrial Bypass,CAMPUS_SECTOR,10.7850,79.1825
169,57,12,Thanjavur,Thanjavur South Market,CAMPUS_SECTOR,10.7203,79.0951
170,57,12,Thanjavur,Thanjavur South Campus Zone,COMMERCIAL_RETAIL,10.7381,79.1053
171,57,12,Thanjavur,Thanjavur South Industrial Bypass,TRANSIT_JUNCTION,10.7344,79.0947
172,58,12,Thanjavur,Thanjavur East Market,CAMPUS_SECTOR,10.7868,79.1486
173,58,12,Thanjavur,Thanjavur East Campus Zone,INDUSTRIAL_PARK,10.7861,79.1810
174,58,12,Thanjavur,Thanjavur East Industrial Bypass,RESIDENTIAL_WARD,10.8020,79.1769
175,59,12,Thanjavur,Thanjavur West Market,CAMPUS_SECTOR,10.8259,79.1643
176,59,12,Thanjavur,Thanjavur West Campus Zone,CAMPUS_SECTOR,10.8282,79.1557
177,59,12,Thanjavur,Thanjavur West Industrial Bypass,RESIDENTIAL_WARD,10.8214,79.1687
178,60,12,Thanjavur,Thanjavur Central Market,RESIDENTIAL_WARD,10.7794,79.1540
179,60,12,Thanjavur,Thanjavur Central Campus Zone,RESIDENTIAL_WARD,10.7872,79.1644
180,60,12,Thanjavur,Thanjavur Central Industrial Bypass,RESIDENTIAL_WARD,10.7652,79.1615
181,61,13,Thoothukudi,Thoothukudi North Market,COMMERCIAL_RETAIL,8.7319,78.1433
182,61,13,Thoothukudi,Thoothukudi North Campus Zone,TRANSIT_JUNCTION,8.7096,78.1219
183,61,13,Thoothukudi,Thoothukudi North Industrial Bypass,COMMERCIAL_RETAIL,8.7308,78.1435
184,62,13,Thoothukudi,Thoothukudi South Market,COMMERCIAL_RETAIL,8.7461,78.1507
185,62,13,Thoothukudi,Thoothukudi South Campus Zone,INDUSTRIAL_PARK,8.7101,78.1447
186,62,13,Thoothukudi,Thoothukudi South Industrial Bypass,CAMPUS_SECTOR,8.7417,78.1396
187,63,13,Thoothukudi,Thoothukudi East Market,INDUSTRIAL_PARK,8.7114,78.1641
188,63,13,Thoothukudi,Thoothukudi East Campus Zone,COMMERCIAL_RETAIL,8.7270,78.1577
189,63,13,Thoothukudi,Thoothukudi East Industrial Bypass,COMMERCIAL_RETAIL,8.7183,78.1718
190,64,13,Thoothukudi,Thoothukudi West Market,TRANSIT_JUNCTION,8.7790,78.1592
191,64,13,Thoothukudi,Thoothukudi West Campus Zone,COMMERCIAL_RETAIL,8.7631,78.1500
192,64,13,Thoothukudi,Thoothukudi West Industrial Bypass,RESIDENTIAL_WARD,8.7776,78.1623
193,65,13,Thoothukudi,Thoothukudi Central Market,TRANSIT_JUNCTION,8.7709,78.0742
194,65,13,Thoothukudi,Thoothukudi Central Campus Zone,COMMERCIAL_RETAIL,8.7693,78.1032
195,65,13,Thoothukudi,Thoothukudi Central Industrial Bypass,INDUSTRIAL_PARK,8.7847,78.0975
196,66,14,Kanniyakumari,Kanniyakumari North Market,RESIDENTIAL_WARD,8.0827,77.5533
197,66,14,Kanniyakumari,Kanniyakumari North Campus Zone,TRANSIT_JUNCTION,8.0904,77.5776
198,66,14,Kanniyakumari,Kanniyakumari North Industrial Bypass,INDUSTRIAL_PARK,8.0818,77.5520
199,67,14,Kanniyakumari,Kanniyakumari South Market,RESIDENTIAL_WARD,8.0709,77.5185
200,67,14,Kanniyakumari,Kanniyakumari South Campus Zone,INDUSTRIAL_PARK,8.0660,77.5043
201,67,14,Kanniyakumari,Kanniyakumari South Industrial Bypass,RESIDENTIAL_WARD,8.0883,77.5255
202,68,14,Kanniyakumari,Kanniyakumari East Market,TRANSIT_JUNCTION,8.0452,77.5106
203,68,14,Kanniyakumari,Kanniyakumari East Campus Zone,RESIDENTIAL_WARD,8.0119,77.4953
204,68,14,Kanniyakumari,Kanniyakumari East Industrial Bypass,COMMERCIAL_RETAIL,8.0217,77.5074
205,69,14,Kanniyakumari,Kanniyakumari West Market,CAMPUS_SECTOR,8.1060,77.5104
206,69,14,Kanniyakumari,Kanniyakumari West Campus Zone,INDUSTRIAL_PARK,8.1089,77.5375
207,69,14,Kanniyakumari,Kanniyakumari West Industrial Bypass,TRANSIT_JUNCTION,8.1428,77.5044
208,70,14,Kanniyakumari,Kanniyakumari Central Market,COMMERCIAL_RETAIL,8.1021,77.5312
209,70,14,Kanniyakumari,Kanniyakumari Central Campus Zone,INDUSTRIAL_PARK,8.0645,77.5347
210,70,14,Kanniyakumari,Kanniyakumari Central Industrial Bypass,RESIDENTIAL_WARD,8.0792,77.5335
211,71,15,Tenkasi,Tenkasi North Market,INDUSTRIAL_PARK,8.9576,77.2623
212,71,15,Tenkasi,Tenkasi North Campus Zone,COMMERCIAL_RETAIL,8.9256,77.2528
213,71,15,Tenkasi,Tenkasi North Industrial Bypass,TRANSIT_JUNCTION,8.9278,77.2726
214,72,15,Tenkasi,Tenkasi South Market,INDUSTRIAL_PARK,8.9056,77.2704
215,72,15,Tenkasi,Tenkasi South Campus Zone,COMMERCIAL_RETAIL,8.9155,77.2388
216,72,15,Tenkasi,Tenkasi South Industrial Bypass,TRANSIT_JUNCTION,8.9237,77.2584
217,73,15,Tenkasi,Tenkasi East Market,TRANSIT_JUNCTION,8.9113,77.3120
218,73,15,Tenkasi,Tenkasi East Campus Zone,CAMPUS_SECTOR,8.9218,77.2964
219,73,15,Tenkasi,Tenkasi East Industrial Bypass,INDUSTRIAL_PARK,8.9210,77.2991
220,74,15,Tenkasi,Tenkasi West Market,COMMERCIAL_RETAIL,9.0121,77.2913
221,74,15,Tenkasi,Tenkasi West Campus Zone,CAMPUS_SECTOR,9.0082,77.2715
222,74,15,Tenkasi,Tenkasi West Industrial Bypass,COMMERCIAL_RETAIL,8.9856,77.2619
223,75,15,Tenkasi,Tenkasi Central Market,CAMPUS_SECTOR,8.9992,77.2869
224,75,15,Tenkasi,Tenkasi Central Campus Zone,INDUSTRIAL_PARK,9.0190,77.2830
225,75,15,Tenkasi,Tenkasi Central Industrial Bypass,CAMPUS_SECTOR,9.0100,77.2886
226,76,16,Kancheepuram,Kancheepuram North Market,CAMPUS_SECTOR,12.8986,79.7303
227,76,16,Kancheepuram,Kancheepuram North Campus Zone,CAMPUS_SECTOR,12.8840,79.7422
228,76,16,Kancheepuram,Kancheepuram North Industrial Bypass,INDUSTRIAL_PARK,12.8891,79.7349
229,77,16,Kancheepuram,Kancheepuram South Market,INDUSTRIAL_PARK,12.8342,79.6382
230,77,16,Kancheepuram,Kancheepuram South Campus Zone,CAMPUS_SECTOR,12.8252,79.6560
231,77,16,Kancheepuram,Kancheepuram South Industrial Bypass,INDUSTRIAL_PARK,12.8240,79.6655
232,78,16,Kancheepuram,Kancheepuram East Market,RESIDENTIAL_WARD,12.8651,79.6434
233,78,16,Kancheepuram,Kancheepuram East Campus Zone,RESIDENTIAL_WARD,12.8412,79.6373
234,78,16,Kancheepuram,Kancheepuram East Industrial Bypass,INDUSTRIAL_PARK,12.8322,79.6388
235,79,16,Kancheepuram,Kancheepuram West Market,COMMERCIAL_RETAIL,12.7871,79.7528
236,79,16,Kancheepuram,Kancheepuram West Campus Zone,CAMPUS_SECTOR,12.8144,79.7214
237,79,16,Kancheepuram,Kancheepuram West Industrial Bypass,CAMPUS_SECTOR,12.7897,79.7535
238,80,16,Kancheepuram,Kancheepuram Central Market,INDUSTRIAL_PARK,12.8432,79.6859
239,80,16,Kancheepuram,Kancheepuram Central Campus Zone,CAMPUS_SECTOR,12.8428,79.6927
240,80,16,Kancheepuram,Kancheepuram Central Industrial Bypass,TRANSIT_JUNCTION,12.8185,79.6933
241,81,17,Chengalpattu,Chengalpattu North Market,COMMERCIAL_RETAIL,12.7064,79.9776
242,81,17,Chengalpattu,Chengalpattu North Campus Zone,CAMPUS_SECTOR,12.6845,80.0054
243,81,17,Chengalpattu,Chengalpattu North Industrial Bypass,INDUSTRIAL_PARK,12.6829,80.0029
244,82,17,Chengalpattu,Chengalpattu South Market,RESIDENTIAL_WARD,12.6843,80.0553
245,82,17,Chengalpattu,Chengalpattu South Campus Zone,RESIDENTIAL_WARD,12.6774,80.0270
246,82,17,Chengalpattu,Chengalpattu South Industrial Bypass,CAMPUS_SECTOR,12.6579,80.0322
247,83,17,Chengalpattu,Chengalpattu East Market,TRANSIT_JUNCTION,12.7250,79.9933
248,83,17,Chengalpattu,Chengalpattu East Campus Zone,RESIDENTIAL_WARD,12.7386,79.9907
249,83,17,Chengalpattu,Chengalpattu East Industrial Bypass,COMMERCIAL_RETAIL,12.7254,79.9915
250,84,17,Chengalpattu,Chengalpattu West Market,COMMERCIAL_RETAIL,12.6628,80.0393
251,84,17,Chengalpattu,Chengalpattu West Campus Zone,COMMERCIAL_RETAIL,12.6728,80.0366
252,84,17,Chengalpattu,Chengalpattu West Industrial Bypass,CAMPUS_SECTOR,12.6583,80.0398
253,85,17,Chengalpattu,Chengalpattu Central Market,INDUSTRIAL_PARK,12.6332,80.0183
254,85,17,Chengalpattu,Chengalpattu Central Campus Zone,TRANSIT_JUNCTION,12.6448,80.0245
255,85,17,Chengalpattu,Chengalpattu Central Industrial Bypass,CAMPUS_SECTOR,12.6657,80.0010
256,86,18,Tiruvallur,Tiruvallur North Market,COMMERCIAL_RETAIL,13.1575,79.9318
257,86,18,Tiruvallur,Tiruvallur North Campus Zone,CAMPUS_SECTOR,13.1472,79.9228
258,86,18,Tiruvallur,Tiruvallur North Industrial Bypass,CAMPUS_SECTOR,13.1698,79.9515
259,87,18,Tiruvallur,Tiruvallur South Market,RESIDENTIAL_WARD,13.1714,79.9645
260,87,18,Tiruvallur,Tiruvallur South Campus Zone,RESIDENTIAL_WARD,13.1992,79.9285
261,87,18,Tiruvallur,Tiruvallur South Industrial Bypass,INDUSTRIAL_PARK,13.1868,79.9590
262,88,18,Tiruvallur,Tiruvallur East Market,TRANSIT_JUNCTION,13.1224,79.8567
263,88,18,Tiruvallur,Tiruvallur East Campus Zone,CAMPUS_SECTOR,13.1276,79.8602
264,88,18,Tiruvallur,Tiruvallur East Industrial Bypass,COMMERCIAL_RETAIL,13.1317,79.8513
265,89,18,Tiruvallur,Tiruvallur West Market,RESIDENTIAL_WARD,13.0788,79.8887
266,89,18,Tiruvallur,Tiruvallur West Campus Zone,RESIDENTIAL_WARD,13.0917,79.8873
267,89,18,Tiruvallur,Tiruvallur West Industrial Bypass,CAMPUS_SECTOR,13.0935,79.8780
268,90,18,Tiruvallur,Tiruvallur Central Market,CAMPUS_SECTOR,13.2015,79.8952
269,90,18,Tiruvallur,Tiruvallur Central Campus Zone,INDUSTRIAL_PARK,13.1824,79.9178
270,90,18,Tiruvallur,Tiruvallur Central Industrial Bypass,COMMERCIAL_RETAIL,13.1818,79.8971
271,91,19,Cuddalore,Cuddalore North Market,INDUSTRIAL_PARK,11.7439,79.8287
272,91,19,Cuddalore,Cuddalore North Campus Zone,TRANSIT_JUNCTION,11.7445,79.8406
273,91,19,Cuddalore,Cuddalore North Industrial Bypass,TRANSIT_JUNCTION,11.7672,79.8321
274,92,19,Cuddalore,Cuddalore South Market,CAMPUS_SECTOR,11.6988,79.7534
275,92,19,Cuddalore,Cuddalore South Campus Zone,INDUSTRIAL_PARK,11.7210,79.7519
276,92,19,Cuddalore,Cuddalore South Industrial Bypass,INDUSTRIAL_PARK,11.7266,79.7586
277,93,19,Cuddalore,Cuddalore East Market,CAMPUS_SECTOR,11.6827,79.7762
278,93,19,Cuddalore,Cuddalore East Campus Zone,RESIDENTIAL_WARD,11.7158,79.7550
279,93,19,Cuddalore,Cuddalore East Industrial Bypass,INDUSTRIAL_PARK,11.7109,79.7737
280,94,19,Cuddalore,Cuddalore West Market,RESIDENTIAL_WARD,11.8127,79.8012
281,94,19,Cuddalore,Cuddalore West Campus Zone,TRANSIT_JUNCTION,11.8077,79.8252
282,94,19,Cuddalore,Cuddalore West Industrial Bypass,COMMERCIAL_RETAIL,11.8090,79.7917
283,95,19,Cuddalore,Cuddalore Central Market,RESIDENTIAL_WARD,11.7502,79.7480
284,95,19,Cuddalore,Cuddalore Central Campus Zone,CAMPUS_SECTOR,11.7681,79.7287
285,95,19,Cuddalore,Cuddalore Central Industrial Bypass,CAMPUS_SECTOR,11.7342,79.7338
286,96,20,Viluppuram,Viluppuram North Market,CAMPUS_SECTOR,11.9337,79.5195
287,96,20,Viluppuram,Viluppuram North Campus Zone,CAMPUS_SECTOR,11.9186,79.5298
288,96,20,Viluppuram,Viluppuram North Industrial Bypass,RESIDENTIAL_WARD,11.9016,79.5056
289,97,20,Viluppuram,Viluppuram South Market,TRANSIT_JUNCTION,11.9277,79.5090
290,97,20,Viluppuram,Viluppuram South Campus Zone,RESIDENTIAL_WARD,11.9254,79.5120
291,97,20,Viluppuram,Viluppuram South Industrial Bypass,RESIDENTIAL_WARD,11.9001,79.5090
292,98,20,Viluppuram,Viluppuram East Market,CAMPUS_SECTOR,11.9441,79.4358
293,98,20,Viluppuram,Viluppuram East Campus Zone,COMMERCIAL_RETAIL,11.9385,79.4349
294,98,20,Viluppuram,Viluppuram East Industrial Bypass,CAMPUS_SECTOR,11.9605,79.4458
295,99,20,Viluppuram,Viluppuram West Market,CAMPUS_SECTOR,11.9751,79.4449
296,99,20,Viluppuram,Viluppuram West Campus Zone,COMMERCIAL_RETAIL,11.9961,79.4551
297,99,20,Viluppuram,Viluppuram West Industrial Bypass,CAMPUS_SECTOR,11.9781,79.4669
298,100,20,Viluppuram,Viluppuram Central Market,COMMERCIAL_RETAIL,11.9035,79.4438
299,100,20,Viluppuram,Viluppuram Central Campus Zone,COMMERCIAL_RETAIL,11.9101,79.4746
300,100,20,Viluppuram,Viluppuram Central Industrial Bypass,TRANSIT_JUNCTION,11.8956,79.4807
301,101,21,Kallakurichi,Kallakurichi North Market,RESIDENTIAL_WARD,11.7387,79.0054
302,101,21,Kallakurichi,Kallakurichi North Campus Zone,TRANSIT_JUNCTION,11.7078,78.9865
303,101,21,Kallakurichi,Kallakurichi North Industrial Bypass,INDUSTRIAL_PARK,11.7249,78.9994
304,102,21,Kallakurichi,Kallakurichi South Market,CAMPUS_SECTOR,11.7460,78.9141
305,102,21,Kallakurichi,Kallakurichi South Campus Zone,TRANSIT_JUNCTION,11.7417,78.9266
306,102,21,Kallakurichi,Kallakurichi South Industrial Bypass,TRANSIT_JUNCTION,11.7536,78.9292
307,103,21,Kallakurichi,Kallakurichi East Market,RESIDENTIAL_WARD,11.7639,78.9471
308,103,21,Kallakurichi,Kallakurichi East Campus Zone,RESIDENTIAL_WARD,11.7987,78.9508
309,103,21,Kallakurichi,Kallakurichi East Industrial Bypass,INDUSTRIAL_PARK,11.7645,78.9566
310,104,21,Kallakurichi,Kallakurichi West Market,COMMERCIAL_RETAIL,11.6887,78.9669
311,104,21,Kallakurichi,Kallakurichi West Campus Zone,INDUSTRIAL_PARK,11.7020,78.9645
312,104,21,Kallakurichi,Kallakurichi West Industrial Bypass,RESIDENTIAL_WARD,11.7133,78.9662
313,105,21,Kallakurichi,Kallakurichi Central Market,INDUSTRIAL_PARK,11.7202,78.9858
314,105,21,Kallakurichi,Kallakurichi Central Campus Zone,COMMERCIAL_RETAIL,11.7282,79.0017
315,105,21,Kallakurichi,Kallakurichi Central Industrial Bypass,COMMERCIAL_RETAIL,11.7088,79.0037
316,106,22,Dharmapuri,Dharmapuri North Market,COMMERCIAL_RETAIL,12.1630,78.1745
317,106,22,Dharmapuri,Dharmapuri North Campus Zone,COMMERCIAL_RETAIL,12.1797,78.1801
318,106,22,Dharmapuri,Dharmapuri North Industrial Bypass,INDUSTRIAL_PARK,12.1680,78.1671
319,107,22,Dharmapuri,Dharmapuri South Market,TRANSIT_JUNCTION,12.1488,78.1869
320,107,22,Dharmapuri,Dharmapuri South Campus Zone,CAMPUS_SECTOR,12.1605,78.2023
321,107,22,Dharmapuri,Dharmapuri South Industrial Bypass,CAMPUS_SECTOR,12.1435,78.1785
322,108,22,Dharmapuri,Dharmapuri East Market,RESIDENTIAL_WARD,12.1122,78.2097
323,108,22,Dharmapuri,Dharmapuri East Campus Zone,CAMPUS_SECTOR,12.1159,78.2035
324,108,22,Dharmapuri,Dharmapuri East Industrial Bypass,TRANSIT_JUNCTION,12.1018,78.2168
325,109,22,Dharmapuri,Dharmapuri West Market,TRANSIT_JUNCTION,12.1191,78.1032
326,109,22,Dharmapuri,Dharmapuri West Campus Zone,COMMERCIAL_RETAIL,12.1437,78.1224
327,109,22,Dharmapuri,Dharmapuri West Industrial Bypass,TRANSIT_JUNCTION,12.1278,78.1006
328,110,22,Dharmapuri,Dharmapuri Central Market,CAMPUS_SECTOR,12.1134,78.1141
329,110,22,Dharmapuri,Dharmapuri Central Campus Zone,RESIDENTIAL_WARD,12.1148,78.1072
330,110,22,Dharmapuri,Dharmapuri Central Industrial Bypass,RESIDENTIAL_WARD,12.0985,78.1255
331,111,23,Namakkal,Namakkal North Market,CAMPUS_SECTOR,11.2017,78.1885
332,111,23,Namakkal,Namakkal North Campus Zone,INDUSTRIAL_PARK,11.2327,78.1689
333,111,23,Namakkal,Namakkal North Industrial Bypass,TRANSIT_JUNCTION,11.2259,78.1633
334,112,23,Namakkal,Namakkal South Market,CAMPUS_SECTOR,11.2122,78.1476
335,112,23,Namakkal,Namakkal South Campus Zone,CAMPUS_SECTOR,11.2283,78.1728
336,112,23,Namakkal,Namakkal South Industrial Bypass,CAMPUS_SECTOR,11.1959,78.1681
337,113,23,Namakkal,Namakkal East Market,CAMPUS_SECTOR,11.2243,78.1640
338,113,23,Namakkal,Namakkal East Campus Zone,INDUSTRIAL_PARK,11.2176,78.1637
339,113,23,Namakkal,Namakkal East Industrial Bypass,COMMERCIAL_RETAIL,11.2292,78.1526
340,114,23,Namakkal,Namakkal West Market,RESIDENTIAL_WARD,11.1567,78.1590
341,114,23,Namakkal,Namakkal West Campus Zone,TRANSIT_JUNCTION,11.1659,78.1845
342,114,23,Namakkal,Namakkal West Industrial Bypass,CAMPUS_SECTOR,11.1802,78.1862
343,115,23,Namakkal,Namakkal Central Market,INDUSTRIAL_PARK,11.2682,78.1986
344,115,23,Namakkal,Namakkal Central Campus Zone,COMMERCIAL_RETAIL,11.2824,78.2074
345,115,23,Namakkal,Namakkal Central Industrial Bypass,INDUSTRIAL_PARK,11.2707,78.1979
346,116,24,Nilgiris,Nilgiris North Market,TRANSIT_JUNCTION,11.4115,76.6942
347,116,24,Nilgiris,Nilgiris North Campus Zone,INDUSTRIAL_PARK,11.3968,76.6779
348,116,24,Nilgiris,Nilgiris North Industrial Bypass,RESIDENTIAL_WARD,11.4137,76.6692
349,117,24,Nilgiris,Nilgiris South Market,RESIDENTIAL_WARD,11.4388,76.6608
350,117,24,Nilgiris,Nilgiris South Campus Zone,COMMERCIAL_RETAIL,11.4234,76.6408
351,117,24,Nilgiris,Nilgiris South Industrial Bypass,TRANSIT_JUNCTION,11.4299,76.6479
352,118,24,Nilgiris,Nilgiris East Market,INDUSTRIAL_PARK,11.4041,76.6642
353,118,24,Nilgiris,Nilgiris East Campus Zone,COMMERCIAL_RETAIL,11.3982,76.6974
354,118,24,Nilgiris,Nilgiris East Industrial Bypass,RESIDENTIAL_WARD,11.4143,76.6783
355,119,24,Nilgiris,Nilgiris West Market,COMMERCIAL_RETAIL,11.4460,76.6806
356,119,24,Nilgiris,Nilgiris West Campus Zone,RESIDENTIAL_WARD,11.4136,76.6594
357,119,24,Nilgiris,Nilgiris West Industrial Bypass,COMMERCIAL_RETAIL,11.4446,76.6617
358,120,24,Nilgiris,Nilgiris Central Market,INDUSTRIAL_PARK,11.4633,76.7166
359,120,24,Nilgiris,Nilgiris Central Campus Zone,TRANSIT_JUNCTION,11.4371,76.6904
360,120,24,Nilgiris,Nilgiris Central Industrial Bypass,RESIDENTIAL_WARD,11.4451,76.7007
361,121,25,Karur,Karur North Market,CAMPUS_SECTOR,10.9951,78.0911
362,121,25,Karur,Karur North Campus Zone,CAMPUS_SECTOR,10.9676,78.0906
363,121,25,Karur,Karur North Industrial Bypass,CAMPUS_SECTOR,10.9880,78.0768
364,122,25,Karur,Karur South Market,TRANSIT_JUNCTION,11.0079,78.1195
365,122,25,Karur,Karur South Campus Zone,TRANSIT_JUNCTION,10.9977,78.1069
366,122,25,Karur,Karur South Industrial Bypass,COMMERCIAL_RETAIL,10.9934,78.1097
367,123,25,Karur,Karur East Market,COMMERCIAL_RETAIL,10.8996,78.0631
368,123,25,Karur,Karur East Campus Zone,CAMPUS_SECTOR,10.9241,78.0803
369,123,25,Karur,Karur East Industrial Bypass,CAMPUS_SECTOR,10.9335,78.0938
370,124,25,Karur,Karur West Market,TRANSIT_JUNCTION,10.9360,78.0631
371,124,25,Karur,Karur West Campus Zone,CAMPUS_SECTOR,10.9266,78.0424
372,124,25,Karur,Karur West Industrial Bypass,TRANSIT_JUNCTION,10.9156,78.0514
373,125,25,Karur,Karur Central Market,COMMERCIAL_RETAIL,10.9074,78.1187
374,125,25,Karur,Karur Central Campus Zone,CAMPUS_SECTOR,10.8863,78.1191
375,125,25,Karur,Karur Central Industrial Bypass,CAMPUS_SECTOR,10.9099,78.1412
376,126,26,Ariyalur,Ariyalur North Market,COMMERCIAL_RETAIL,11.1649,79.1094
377,126,26,Ariyalur,Ariyalur North Campus Zone,TRANSIT_JUNCTION,11.1308,79.1062
378,126,26,Ariyalur,Ariyalur North Industrial Bypass,CAMPUS_SECTOR,11.1515,79.1163
379,127,26,Ariyalur,Ariyalur South Market,RESIDENTIAL_WARD,11.1038,79.0613
380,127,26,Ariyalur,Ariyalur South Campus Zone,CAMPUS_SECTOR,11.1113,79.0787
381,127,26,Ariyalur,Ariyalur South Industrial Bypass,INDUSTRIAL_PARK,11.1085,79.0655
382,128,26,Ariyalur,Ariyalur East Market,TRANSIT_JUNCTION,11.1161,79.1147
383,128,26,Ariyalur,Ariyalur East Campus Zone,RESIDENTIAL_WARD,11.1493,79.1033
384,128,26,Ariyalur,Ariyalur East Industrial Bypass,INDUSTRIAL_PARK,11.1328,79.1069
385,129,26,Ariyalur,Ariyalur West Market,INDUSTRIAL_PARK,11.0808,79.1165
386,129,26,Ariyalur,Ariyalur West Campus Zone,RESIDENTIAL_WARD,11.1011,79.1280
387,129,26,Ariyalur,Ariyalur West Industrial Bypass,TRANSIT_JUNCTION,11.0775,79.1248
388,130,26,Ariyalur,Ariyalur Central Market,CAMPUS_SECTOR,11.1041,79.0446
389,130,26,Ariyalur,Ariyalur Central Campus Zone,TRANSIT_JUNCTION,11.1118,79.0224
390,130,26,Ariyalur,Ariyalur Central Industrial Bypass,INDUSTRIAL_PARK,11.1102,79.0459
391,131,27,Perambalur,Perambalur North Market,INDUSTRIAL_PARK,11.3127,78.8670
392,131,27,Perambalur,Perambalur North Campus Zone,CAMPUS_SECTOR,11.3052,78.8439
393,131,27,Perambalur,Perambalur North Industrial Bypass,TRANSIT_JUNCTION,11.2897,78.8402
394,132,27,Perambalur,Perambalur South Market,CAMPUS_SECTOR,11.2498,78.8325
395,132,27,Perambalur,Perambalur South Campus Zone,RESIDENTIAL_WARD,11.2650,78.8397
396,132,27,Perambalur,Perambalur South Industrial Bypass,TRANSIT_JUNCTION,11.2405,78.8218
397,133,27,Perambalur,Perambalur East Market,COMMERCIAL_RETAIL,11.2917,78.8232
398,133,27,Perambalur,Perambalur East Campus Zone,COMMERCIAL_RETAIL,11.2707,78.8292
399,133,27,Perambalur,Perambalur East Industrial Bypass,COMMERCIAL_RETAIL,11.2772,78.8280
400,134,27,Perambalur,Perambalur West Market,TRANSIT_JUNCTION,11.1862,78.8873
401,134,27,Perambalur,Perambalur West Campus Zone,CAMPUS_SECTOR,11.1810,78.9007
402,134,27,Perambalur,Perambalur West Industrial Bypass,CAMPUS_SECTOR,11.1774,78.9189
403,135,27,Perambalur,Perambalur Central Market,COMMERCIAL_RETAIL,11.2421,78.8245
404,135,27,Perambalur,Perambalur Central Campus Zone,RESIDENTIAL_WARD,11.2610,78.8602
405,135,27,Perambalur,Perambalur Central Industrial Bypass,INDUSTRIAL_PARK,11.2448,78.8487
406,136,28,Pudukkottai,Pudukkottai North Market,TRANSIT_JUNCTION,10.4214,78.8586
407,136,28,Pudukkottai,Pudukkottai North Campus Zone,RESIDENTIAL_WARD,10.3974,78.8448
408,136,28,Pudukkottai,Pudukkottai North Industrial Bypass,INDUSTRIAL_PARK,10.3834,78.8667
409,137,28,Pudukkottai,Pudukkottai South Market,CAMPUS_SECTOR,10.3912,78.7758
410,137,28,Pudukkottai,Pudukkottai South Campus Zone,INDUSTRIAL_PARK,10.3877,78.7811
411,137,28,Pudukkottai,Pudukkottai South Industrial Bypass,INDUSTRIAL_PARK,10.3745,78.8106
412,138,28,Pudukkottai,Pudukkottai East Market,TRANSIT_JUNCTION,10.3248,78.8128
413,138,28,Pudukkottai,Pudukkottai East Campus Zone,CAMPUS_SECTOR,10.3357,78.7931
414,138,28,Pudukkottai,Pudukkottai East Industrial Bypass,TRANSIT_JUNCTION,10.3356,78.7891
415,139,28,Pudukkottai,Pudukkottai West Market,COMMERCIAL_RETAIL,10.4484,78.7939
416,139,28,Pudukkottai,Pudukkottai West Campus Zone,CAMPUS_SECTOR,10.4192,78.7963
417,139,28,Pudukkottai,Pudukkottai West Industrial Bypass,RESIDENTIAL_WARD,10.4492,78.8078
418,140,28,Pudukkottai,Pudukkottai Central Market,INDUSTRIAL_PARK,10.4109,78.8193
419,140,28,Pudukkottai,Pudukkottai Central Campus Zone,RESIDENTIAL_WARD,10.4094,78.8144
420,140,28,Pudukkottai,Pudukkottai Central Industrial Bypass,INDUSTRIAL_PARK,10.4171,78.8353
421,141,29,Sivaganga,Sivaganga North Market,CAMPUS_SECTOR,9.7907,78.5390
422,141,29,Sivaganga,Sivaganga North Campus Zone,RESIDENTIAL_WARD,9.8211,78.5270
423,141,29,Sivaganga,Sivaganga North Industrial Bypass,CAMPUS_SECTOR,9.8155,78.5313
424,142,29,Sivaganga,Sivaganga South Market,INDUSTRIAL_PARK,9.7936,78.4437
425,142,29,Sivaganga,Sivaganga South Campus Zone,TRANSIT_JUNCTION,9.8210,78.4705
426,142,29,Sivaganga,Sivaganga South Industrial Bypass,INDUSTRIAL_PARK,9.8027,78.4456
427,143,29,Sivaganga,Sivaganga East Market,COMMERCIAL_RETAIL,9.8096,78.5136
428,143,29,Sivaganga,Sivaganga East Campus Zone,CAMPUS_SECTOR,9.8080,78.4901
429,143,29,Sivaganga,Sivaganga East Industrial Bypass,CAMPUS_SECTOR,9.8141,78.4988
430,144,29,Sivaganga,Sivaganga West Market,INDUSTRIAL_PARK,9.8353,78.4863
431,144,29,Sivaganga,Sivaganga West Campus Zone,CAMPUS_SECTOR,9.8237,78.5004
432,144,29,Sivaganga,Sivaganga West Industrial Bypass,RESIDENTIAL_WARD,9.8147,78.4754
433,145,29,Sivaganga,Sivaganga Central Market,CAMPUS_SECTOR,9.9123,78.4530
434,145,29,Sivaganga,Sivaganga Central Campus Zone,COMMERCIAL_RETAIL,9.8832,78.4487
435,145,29,Sivaganga,Sivaganga Central Industrial Bypass,INDUSTRIAL_PARK,9.9170,78.4481
436,146,30,Ramanathapuram,Ramanathapuram North Market,TRANSIT_JUNCTION,9.3623,78.8044
437,146,30,Ramanathapuram,Ramanathapuram North Campus Zone,RESIDENTIAL_WARD,9.3404,78.8102
438,146,30,Ramanathapuram,Ramanathapuram North Industrial Bypass,CAMPUS_SECTOR,9.3625,78.8190
439,147,30,Ramanathapuram,Ramanathapuram South Market,INDUSTRIAL_PARK,9.3788,78.8425
440,147,30,Ramanathapuram,Ramanathapuram South Campus Zone,INDUSTRIAL_PARK,9.3510,78.8499
441,147,30,Ramanathapuram,Ramanathapuram South Industrial Bypass,TRANSIT_JUNCTION,9.3821,78.8327
442,148,30,Ramanathapuram,Ramanathapuram East Market,INDUSTRIAL_PARK,9.3495,78.8009
443,148,30,Ramanathapuram,Ramanathapuram East Campus Zone,RESIDENTIAL_WARD,9.3273,78.8026
444,148,30,Ramanathapuram,Ramanathapuram East Industrial Bypass,INDUSTRIAL_PARK,9.3385,78.7820
445,149,30,Ramanathapuram,Ramanathapuram West Market,INDUSTRIAL_PARK,9.3230,78.8062
446,149,30,Ramanathapuram,Ramanathapuram West Campus Zone,INDUSTRIAL_PARK,9.3234,78.8022
447,149,30,Ramanathapuram,Ramanathapuram West Industrial Bypass,TRANSIT_JUNCTION,9.3279,78.8070
448,150,30,Ramanathapuram,Ramanathapuram Central Market,INDUSTRIAL_PARK,9.3443,78.8461
449,150,30,Ramanathapuram,Ramanathapuram Central Campus Zone,INDUSTRIAL_PARK,9.3829,78.8198
450,150,30,Ramanathapuram,Ramanathapuram Central Industrial Bypass,TRANSIT_JUNCTION,9.3549,78.8537
451,151,31,Virudhunagar,Virudhunagar North Market,RESIDENTIAL_WARD,9.5586,78.0195
452,151,31,Virudhunagar,Virudhunagar North Campus Zone,RESIDENTIAL_WARD,9.5625,78.0087
453,151,31,Virudhunagar,Virudhunagar North Industrial Bypass,TRANSIT_JUNCTION,9.5435,78.0140
454,152,31,Virudhunagar,Virudhunagar South Market,CAMPUS_SECTOR,9.5466,77.9482
455,152,31,Virudhunagar,Virudhunagar South Campus Zone,CAMPUS_SECTOR,9.5639,77.9200
456,152,31,Virudhunagar,Virudhunagar South Industrial Bypass,RESIDENTIAL_WARD,9.5389,77.9428
457,153,31,Virudhunagar,Virudhunagar East Market,INDUSTRIAL_PARK,9.5302,78.0217
458,153,31,Virudhunagar,Virudhunagar East Campus Zone,COMMERCIAL_RETAIL,9.5349,78.0062
459,153,31,Virudhunagar,Virudhunagar East Industrial Bypass,RESIDENTIAL_WARD,9.5343,78.0194
460,154,31,Virudhunagar,Virudhunagar West Market,INDUSTRIAL_PARK,9.5370,77.9462
461,154,31,Virudhunagar,Virudhunagar West Campus Zone,TRANSIT_JUNCTION,9.5284,77.9373
462,154,31,Virudhunagar,Virudhunagar West Industrial Bypass,TRANSIT_JUNCTION,9.5454,77.9465
463,155,31,Virudhunagar,Virudhunagar Central Market,COMMERCIAL_RETAIL,9.5827,77.9529
464,155,31,Virudhunagar,Virudhunagar Central Campus Zone,TRANSIT_JUNCTION,9.5786,77.9367
465,155,31,Virudhunagar,Virudhunagar Central Industrial Bypass,TRANSIT_JUNCTION,9.5817,77.9594
466,156,32,Theni,Theni North Market,TRANSIT_JUNCTION,10.0218,77.4297
467,156,32,Theni,Theni North Campus Zone,INDUSTRIAL_PARK,10.0406,77.4374
468,156,32,Theni,Theni North Industrial Bypass,INDUSTRIAL_PARK,10.0127,77.4549
469,157,32,Theni,Theni South Market,INDUSTRIAL_PARK,10.0226,77.5114
470,157,32,Theni,Theni South Campus Zone,RESIDENTIAL_WARD,10.0236,77.5237
471,157,32,Theni,Theni South Industrial Bypass,TRANSIT_JUNCTION,10.0171,77.5178
472,158,32,Theni,Theni East Market,CAMPUS_SECTOR,9.9956,77.5061
473,158,32,Theni,Theni East Campus Zone,INDUSTRIAL_PARK,9.9972,77.5116
474,158,32,Theni,Theni East Industrial Bypass,COMMERCIAL_RETAIL,9.9943,77.4834
475,159,32,Theni,Theni West Market,RESIDENTIAL_WARD,10.0218,77.4590
476,159,32,Theni,Theni West Campus Zone,INDUSTRIAL_PARK,10.0270,77.4457
477,159,32,Theni,Theni West Industrial Bypass,CAMPUS_SECTOR,10.0337,77.4484
478,160,32,Theni,Theni Central Market,RESIDENTIAL_WARD,10.0029,77.4375
479,160,32,Theni,Theni Central Campus Zone,RESIDENTIAL_WARD,10.0077,77.4369
480,160,32,Theni,Theni Central Industrial Bypass,TRANSIT_JUNCTION,10.0219,77.4079
481,161,33,Thiruvarur,Thiruvarur North Market,CAMPUS_SECTOR,10.7813,79.5746
482,161,33,Thiruvarur,Thiruvarur North Campus Zone,CAMPUS_SECTOR,10.7565,79.5983
483,161,33,Thiruvarur,Thiruvarur North Industrial Bypass,TRANSIT_JUNCTION,10.7650,79.5893
484,162,33,Thiruvarur,Thiruvarur South Market,INDUSTRIAL_PARK,10.7627,79.6241
485,162,33,Thiruvarur,Thiruvarur South Campus Zone,COMMERCIAL_RETAIL,10.7367,79.6521
486,162,33,Thiruvarur,Thiruvarur South Industrial Bypass,INDUSTRIAL_PARK,10.7547,79.6393
487,163,33,Thiruvarur,Thiruvarur East Market,RESIDENTIAL_WARD,10.7876,79.6823
488,163,33,Thiruvarur,Thiruvarur East Campus Zone,TRANSIT_JUNCTION,10.7911,79.6578
489,163,33,Thiruvarur,Thiruvarur East Industrial Bypass,INDUSTRIAL_PARK,10.7926,79.6653
490,164,33,Thiruvarur,Thiruvarur West Market,INDUSTRIAL_PARK,10.7683,79.6161
491,164,33,Thiruvarur,Thiruvarur West Campus Zone,TRANSIT_JUNCTION,10.7395,79.6074
492,164,33,Thiruvarur,Thiruvarur West Industrial Bypass,INDUSTRIAL_PARK,10.7490,79.6205
493,165,33,Thiruvarur,Thiruvarur Central Market,TRANSIT_JUNCTION,10.7552,79.6206
494,165,33,Thiruvarur,Thiruvarur Central Campus Zone,TRANSIT_JUNCTION,10.7382,79.6363
495,165,33,Thiruvarur,Thiruvarur Central Industrial Bypass,TRANSIT_JUNCTION,10.7341,79.6071
496,166,34,Nagapattinam,Nagapattinam North Market,TRANSIT_JUNCTION,10.7963,79.8287
497,166,34,Nagapattinam,Nagapattinam North Campus Zone,RESIDENTIAL_WARD,10.8029,79.8219
498,166,34,Nagapattinam,Nagapattinam North Industrial Bypass,INDUSTRIAL_PARK,10.7944,79.8321
499,167,34,Nagapattinam,Nagapattinam South Market,TRANSIT_JUNCTION,10.7665,79.9014
500,167,34,Nagapattinam,Nagapattinam South Campus Zone,INDUSTRIAL_PARK,10.7803,79.8846
501,167,34,Nagapattinam,Nagapattinam South Industrial Bypass,COMMERCIAL_RETAIL,10.7555,79.8754
502,168,34,Nagapattinam,Nagapattinam East Market,RESIDENTIAL_WARD,10.7339,79.8500
503,168,34,Nagapattinam,Nagapattinam East Campus Zone,COMMERCIAL_RETAIL,10.7439,79.8796
504,168,34,Nagapattinam,Nagapattinam East Industrial Bypass,COMMERCIAL_RETAIL,10.7300,79.8779
505,169,34,Nagapattinam,Nagapattinam West Market,CAMPUS_SECTOR,10.7611,79.8459
506,169,34,Nagapattinam,Nagapattinam West Campus Zone,TRANSIT_JUNCTION,10.7926,79.8374
507,169,34,Nagapattinam,Nagapattinam West Industrial Bypass,RESIDENTIAL_WARD,10.7965,79.8447
508,170,34,Nagapattinam,Nagapattinam Central Market,TRANSIT_JUNCTION,10.7239,79.8322
509,170,34,Nagapattinam,Nagapattinam Central Campus Zone,RESIDENTIAL_WARD,10.7083,79.8113
510,170,34,Nagapattinam,Nagapattinam Central Industrial Bypass,INDUSTRIAL_PARK,10.7327,79.8129
511,171,35,Mayiladuthurai,Mayiladuthurai North Market,INDUSTRIAL_PARK,11.1114,79.7008
512,171,35,Mayiladuthurai,Mayiladuthurai North Campus Zone,COMMERCIAL_RETAIL,11.1112,79.7027
513,171,35,Mayiladuthurai,Mayiladuthurai North Industrial Bypass,CAMPUS_SECTOR,11.0736,79.6832
514,172,35,Mayiladuthurai,Mayiladuthurai South Market,INDUSTRIAL_PARK,11.0613,79.7069
515,172,35,Mayiladuthurai,Mayiladuthurai South Campus Zone,RESIDENTIAL_WARD,11.0723,79.6751
516,172,35,Mayiladuthurai,Mayiladuthurai South Industrial Bypass,COMMERCIAL_RETAIL,11.0591,79.6697
517,173,35,Mayiladuthurai,Mayiladuthurai East Market,RESIDENTIAL_WARD,11.1657,79.6834
518,173,35,Mayiladuthurai,Mayiladuthurai East Campus Zone,TRANSIT_JUNCTION,11.1555,79.6860
519,173,35,Mayiladuthurai,Mayiladuthurai East Industrial Bypass,RESIDENTIAL_WARD,11.1587,79.6705
520,174,35,Mayiladuthurai,Mayiladuthurai West Market,INDUSTRIAL_PARK,11.0980,79.6860
521,174,35,Mayiladuthurai,Mayiladuthurai West Campus Zone,COMMERCIAL_RETAIL,11.1231,79.6823
522,174,35,Mayiladuthurai,Mayiladuthurai West Industrial Bypass,TRANSIT_JUNCTION,11.1188,79.6872
523,175,35,Mayiladuthurai,Mayiladuthurai Central Market,CAMPUS_SECTOR,11.1032,79.6733
524,175,35,Mayiladuthurai,Mayiladuthurai Central Campus Zone,COMMERCIAL_RETAIL,11.0925,79.6625
525,175,35,Mayiladuthurai,Mayiladuthurai Central Industrial Bypass,INDUSTRIAL_PARK,11.0958,79.6634
526,176,36,Ranipet,Ranipet North Market,INDUSTRIAL_PARK,12.8726,79.3519
527,176,36,Ranipet,Ranipet North Campus Zone,INDUSTRIAL_PARK,12.8764,79.3502
528,176,36,Ranipet,Ranipet North Industrial Bypass,RESIDENTIAL_WARD,12.8658,79.3716
529,177,36,Ranipet,Ranipet South Market,COMMERCIAL_RETAIL,12.9514,79.3936
530,177,36,Ranipet,Ranipet South Campus Zone,TRANSIT_JUNCTION,12.9300,79.3924
531,177,36,Ranipet,Ranipet South Industrial Bypass,INDUSTRIAL_PARK,12.9674,79.3718
532,178,36,Ranipet,Ranipet East Market,INDUSTRIAL_PARK,12.9685,79.3651
533,178,36,Ranipet,Ranipet East Campus Zone,COMMERCIAL_RETAIL,12.9355,79.3620
534,178,36,Ranipet,Ranipet East Industrial Bypass,INDUSTRIAL_PARK,12.9466,79.3910
535,179,36,Ranipet,Ranipet West Market,COMMERCIAL_RETAIL,12.9373,79.3515
536,179,36,Ranipet,Ranipet West Campus Zone,CAMPUS_SECTOR,12.9219,79.3689
537,179,36,Ranipet,Ranipet West Industrial Bypass,RESIDENTIAL_WARD,12.9357,79.3405
538,180,36,Ranipet,Ranipet Central Market,INDUSTRIAL_PARK,12.9577,79.3891
539,180,36,Ranipet,Ranipet Central Campus Zone,CAMPUS_SECTOR,12.9864,79.3693
540,180,36,Ranipet,Ranipet Central Industrial Bypass,CAMPUS_SECTOR,12.9532,79.4007
541,181,37,Tirupathur,Tirupathur North Market,RESIDENTIAL_WARD,12.5168,78.5856
542,181,37,Tirupathur,Tirupathur North Campus Zone,RESIDENTIAL_WARD,12.4888,78.5848
543,181,37,Tirupathur,Tirupathur North Industrial Bypass,RESIDENTIAL_WARD,12.4878,78.5804
544,182,37,Tirupathur,Tirupathur South Market,CAMPUS_SECTOR,12.4360,78.5474
545,182,37,Tirupathur,Tirupathur South Campus Zone,RESIDENTIAL_WARD,12.4659,78.5441
546,182,37,Tirupathur,Tirupathur South Industrial Bypass,CAMPUS_SECTOR,12.4514,78.5618
547,183,37,Tirupathur,Tirupathur East Market,INDUSTRIAL_PARK,12.5129,78.5704
548,183,37,Tirupathur,Tirupathur East Campus Zone,TRANSIT_JUNCTION,12.5032,78.5379
549,183,37,Tirupathur,Tirupathur East Industrial Bypass,COMMERCIAL_RETAIL,12.5054,78.5699
550,184,37,Tirupathur,Tirupathur West Market,CAMPUS_SECTOR,12.5500,78.5682
551,184,37,Tirupathur,Tirupathur West Campus Zone,CAMPUS_SECTOR,12.5529,78.5560
552,184,37,Tirupathur,Tirupathur West Industrial Bypass,COMMERCIAL_RETAIL,12.5343,78.5718
553,185,37,Tirupathur,Tirupathur Central Market,INDUSTRIAL_PARK,12.4455,78.5754
554,185,37,Tirupathur,Tirupathur Central Campus Zone,COMMERCIAL_RETAIL,12.4421,78.5792
555,185,37,Tirupathur,Tirupathur Central Industrial Bypass,RESIDENTIAL_WARD,12.4333,78.6050
556,186,38,Tiruvannamalai,Tiruvannamalai North Market,COMMERCIAL_RETAIL,12.2895,79.1189
557,186,38,Tiruvannamalai,Tiruvannamalai North Campus Zone,CAMPUS_SECTOR,12.2616,79.1074
558,186,38,Tiruvannamalai,Tiruvannamalai North Industrial Bypass,TRANSIT_JUNCTION,12.2837,79.1416
559,187,38,Tiruvannamalai,Tiruvannamalai South Market,CAMPUS_SECTOR,12.2431,79.0731
560,187,38,Tiruvannamalai,Tiruvannamalai South Campus Zone,COMMERCIAL_RETAIL,12.2450,79.0476
561,187,38,Tiruvannamalai,Tiruvannamalai South Industrial Bypass,COMMERCIAL_RETAIL,12.2505,79.0545
562,188,38,Tiruvannamalai,Tiruvannamalai East Market,CAMPUS_SECTOR,12.2748,79.0650
563,188,38,Tiruvannamalai,Tiruvannamalai East Campus Zone,RESIDENTIAL_WARD,12.2497,79.0533
564,188,38,Tiruvannamalai,Tiruvannamalai East Industrial Bypass,CAMPUS_SECTOR,12.2691,79.0745
565,189,38,Tiruvannamalai,Tiruvannamalai West Market,INDUSTRIAL_PARK,12.2283,79.1070
566,189,38,Tiruvannamalai,Tiruvannamalai West Campus Zone,CAMPUS_SECTOR,12.2139,79.1107
567,189,38,Tiruvannamalai,Tiruvannamalai West Industrial Bypass,CAMPUS_SECTOR,12.2049,79.1281
568,190,38,Tiruvannamalai,Tiruvannamalai Central Market,RESIDENTIAL_WARD,12.2412,79.0827
569,190,38,Tiruvannamalai,Tiruvannamalai Central Campus Zone,CAMPUS_SECTOR,12.2465,79.0932
570,190,38,Tiruvannamalai,Tiruvannamalai Central Industrial Bypass,COMMERCIAL_RETAIL,12.2494,79.1115