observation_id,district_id,district_name,window_start_date,signals_7d,signals_30d,signals_90d,checkpost_anomalies_count,subsequent_30d_surge_observed
TRN-ROW-00001,18,Tiruvallur,2026-05-09 10:11:29,7,33,6,3,1
TRN-ROW-00002,9,Vellore,2025-03-22 23:47:43,11,25,64,4,1
TRN-ROW-00003,25,Karur,2026-04-30 03:15:44,6,20,96,1,0
TRN-ROW-00004,1,Chennai,2024-10-27 03:15:03,5,17,97,4,1
TRN-ROW-00005,20,Viluppuram,2025-07-23 12:51:05,6,2,59,2,0
TRN-ROW-00006,31,Virudhunagar,2025-10-18 16:09:16,15,29,80,5,1
TRN-ROW-00007,35,Mayiladuthurai,2024-10-18 02:37:26,1,25,11,6,1
TRN-ROW-00008,9,Vellore,2024-09-15 05:40:15,7,21,8,3,1
TRN-ROW-00009,32,Theni,2026-01-26 19:43:47,7,18,60,1,0
TRN-ROW-00010,19,Cuddalore,2025-04-02 19:44:18,12,12,66,0,0
TRN-ROW-00011,8,Tiruppur,2026-03-11 02:06:22,12,30,6,0,1
TRN-ROW-00012,25,Karur,2025-07-08 21:44:40,1,24,16,5,1
TRN-ROW-00013,27,Perambalur,2026-04-15 00:09:47,10,9,81,6,1
TRN-ROW-00014,26,Ariyalur,2025-05-26 10:11:09,15,23,84,6,1
TRN-ROW-00015,33,Thiruvarur,2026-02-04 19:35:12,6,30,7,2,1
TRN-ROW-00016,35,Mayiladuthurai,2024-12-17 01:28:32,8,38,6,4,1
TRN-ROW-00017,37,Tirupathur,2025-07-17 23:22:36,1,12,83,5,1
TRN-ROW-00018,28,Pudukkottai,2026-03-12 21:36:55,9,20,75,4,1
TRN-ROW-00019,6,Tirunelveli,2025-08-04 21:30:19,7,29,73,3,1
TRN-ROW-00020,20,Viluppuram,2026-01-05 17:53:33,4,13,6,0,1
TRN-ROW-00021,13,Thoothukudi,2025-12-26 05:26:45,6,13,77,3,1
TRN-ROW-00022,10,Krishnagiri,2026-02-26 02:40:35,15,4,68,2,0
TRN-ROW-00023,34,Nagapattinam,2025-04-16 19:19:43,4,36,8,0,1
TRN-ROW-00024,34,Nagapattinam,2025-06-05 16:43:36,9,11,39,6,1
TRN-ROW-00025,5,Tiruchirappalli,2025-02-17 11:47:36,11,26,54,2,0
TRN-ROW-00026,7,Erode,2025-11-12 07:05:48,11,12,55,5,1
TRN-ROW-00027,30,Ramanathapuram,2025-06-26 14:33:14,3,10,36,2,0
TRN-ROW-00028,6,Tirunelveli,2026-03-07 06:17:29,6,27,8,5,1
TRN-ROW-00029,9,Vellore,2026-04-11 13:26:44,3,35,86,3,1
TRN-ROW-00030,7,Erode,2025-08-13 21:13:32,12,9,20,5,1
TRN-ROW-00031,21,Kallakurichi,2026-06-06 16:07:19,14,5,66,6,1
TRN-ROW-00032,29,Sivaganga,2026-05-21 01:39:29,6,38,36,2,1
TRN-ROW-00033,37,Tirupathur,2025-12-27 14:35:12,1,16,88,1,0
TRN-ROW-00034,31,Virudhunagar,2025-12-16 01:36:29,8,27,41,2,1
TRN-ROW-00035,2,Coimbatore,2026-02-19 02:36:46,5,5,43,5,1
TRN-ROW-00036,12,Thanjavur,2025-04-16 09:54:21,13,14,65,3,1
TRN-ROW-00037,35,Mayiladuthurai,2026-01-25 09:38:46,6,27,16,1,1
TRN-ROW-00038,35,Mayiladuthurai,2024-08-20 14:07:26,9,31,17,5,1
TRN-ROW-00039,31,Virudhunagar,2025-06-26 03:33:40,6,39,61,0,1
TRN-ROW-00040,7,Erode,2025-12-13 08:17:11,8,24,88,5,1
TRN-ROW-00041,27,Perambalur,2025-08-14 03:35:58,0,15,84,5,1
TRN-ROW-00042,12,Thanjavur,2025-11-11 10:52:50,15,26,65,0,0
TRN-ROW-00043,5,Tiruchirappalli,2025-02-02 22:07:36,0,26,34,6,1
TRN-ROW-00044,19,Cuddalore,2026-05-07 12:20:22,1,5,9,5,1
TRN-ROW-00045,29,Sivaganga,2025-07-03 09:00:28,1,32,55,2,0
TRN-ROW-00046,6,Tirunelveli,2026-04-09 20:01:50,4,2,68,6,1
TRN-ROW-00047,2,Coimbatore,2026-01-04 04:31:42,13,14,68,1,0
TRN-ROW-00048,14,Kanniyakumari,2024-08-29 08:02:09,3,11,93,0,0
TRN-ROW-00049,35,Mayiladuthurai,2025-05-03 00:03:47,5,25,71,4,1
TRN-ROW-00050,32,Theni,2026-06-10 06:47:47,10,21,88,4,1
TRN-ROW-00051,12,Thanjavur,2025-07-18 00:18:00,0,24,70,6,1
TRN-ROW-00052,36,Ranipet,2025-06-12 10:38:43,15,28,25,5,1
TRN-ROW-00053,11,Dindigul,2026-05-11 18:48:38,9,25,49,1,0
TRN-ROW-00054,24,Nilgiris,2025-02-10 00:24:15,5,3,87,0,0
TRN-ROW-00055,33,Thiruvarur,2025-09-14 06:17:50,4,15,87,1,0
TRN-ROW-00056,11,Dindigul,2025-10-24 09:32:32,8,17,24,1,1
TRN-ROW-00057,18,Tiruvallur,2025-10-20 12:38:24,1,35,45,3,1
TRN-ROW-00058,14,Kanniyakumari,2026-05-16 07:59:28,10,35,12,0,1
TRN-ROW-00059,10,Krishnagiri,2025-11-19 04:54:27,10,16,26,6,1
TRN-ROW-00060,11,Dindigul,2025-08-27 16:39:00,4,37,12,3,1
TRN-ROW-00061,18,Tiruvallur,2025-06-09 23:52:48,6,8,62,4,1
TRN-ROW-00062,9,Vellore,2026-05-22 07:12:43,3,8,95,3,1
TRN-ROW-00063,22,Dharmapuri,2026-04-09 16:04:20,2,16,40,5,1
TRN-ROW-00064,3,Madurai,2025-11-25 01:43:06,6,4,65,2,0
TRN-ROW-00065,28,Pudukkottai,2025-10-31 08:54:58,3,33,17,3,1
TRN-ROW-00066,15,Tenkasi,2025-10-01 21:07:09,13,14,65,0,0
TRN-ROW-00067,38,Tiruvannamalai,2025-11-29 12:50:10,11,7,25,6,1
TRN-ROW-00068,18,Tiruvallur,2025-10-12 10:44:14,14,5,74,2,0
TRN-ROW-00069,9,Vellore,2025-02-14 03:57:11,2,19,19,5,1
TRN-ROW-00070,4,Salem,2026-02-03 12:28:45,5,31,77,4,1
TRN-ROW-00071,26,Ariyalur,2025-10-11 09:33:02,3,7,81,1,0
TRN-ROW-00072,34,Nagapattinam,2025-05-18 01:16:32,8,26,60,2,0
TRN-ROW-00073,9,Vellore,2026-03-12 05:33:40,8,21,56,5,1
TRN-ROW-00074,15,Tenkasi,2025-11-07 14:12:46,15,26,13,0,1
TRN-ROW-00075,32,Theni,2026-02-24 13:51:50,7,32,34,0,1
TRN-ROW-00076,9,Vellore,2026-05-18 03:33:53,2,17,39,2,0
TRN-ROW-00077,17,Chengalpattu,2025-12-20 10:56:45,3,8,93,2,0
TRN-ROW-00078,19,Cuddalore,2025-03-18 00:08:34,9,33,78,0,0
TRN-ROW-00079,8,Tiruppur,2025-07-30 12:57:25,1,21,8,0,1
TRN-ROW-00080,8,Tiruppur,2025-06-09 02:06:00,6,31,90,0,0
TRN-ROW-00081,1,Chennai,2025-11-13 20:34:49,2,11,37,5,1
TRN-ROW-00082,8,Tiruppur,2025-10-30 14:23:31,8,36,70,0,0
TRN-ROW-00083,11,Dindigul,2025-12-04 12:32:18,10,16,72,5,1
TRN-ROW-00084,25,Karur,2025-07-20 12:47:58,14,20,68,0,0
TRN-ROW-00085,7,Erode,2026-03-19 04:18:27,5,18,86,1,0
TRN-ROW-00086,23,Namakkal,2025-03-16 19:46:39,6,14,14,2,1
TRN-ROW-00087,15,Tenkasi,2024-10-29 07:26:04,5,28,66,4,1
TRN-ROW-00088,9,Vellore,2025-01-07 01:56:45,0,6,94,4,1
TRN-ROW-00089,13,Thoothukudi,2024-09-30 09:44:50,2,17,95,0,0
TRN-ROW-00090,12,Thanjavur,2025-01-25 16:49:39,10,36,26,3,1
TRN-ROW-00091,27,Perambalur,2025-09-05 19:12:38,3,4,44,2,0
TRN-ROW-00092,31,Virudhunagar,2024-09-02 01:52:26,1,36,35,3,1
TRN-ROW-00093,14,Kanniyakumari,2026-02-26 08:05:09,1,25,66,2,0
TRN-ROW-00094,7,Erode,2025-04-11 01:48:05,6,1,45,6,1
TRN-ROW-00095,22,Dharmapuri,2026-02-17 04:28:17,12,11,26,2,0
TRN-ROW-00096,37,Tirupathur,2025-05-12 00:38:14,7,36,76,0,0
TRN-ROW-00097,35,Mayiladuthurai,2025-04-08 15:29:30,8,14,5,3,1
TRN-ROW-00098,31,Virudhunagar,2025-09-12 13:57:25,10,1,66,3,1
TRN-ROW-00099,1,Chennai,2026-05-07 22:46:57,5,36,76,1,0
TRN-ROW-00100,26,Ariyalur,2025-11-02 02:20:05,5,7,13,5,1
TRN-ROW-00101,25,Karur,2026-06-19 13:27:58,15,4,82,1,0
TRN-ROW-00102,14,Kanniyakumari,2025-11-10 15:11:17,0,35,54,6,1
TRN-ROW-00103,3,Madurai,2024-12-13 21:24:44,8,5,68,2,0
TRN-ROW-00104,4,Salem,2025-12-17 05:44:55,6,37,28,5,1
TRN-ROW-00105,28,Pudukkottai,2024-11-05 23:26:25,3,7,52,2,0
TRN-ROW-00106,24,Nilgiris,2025-08-30 12:45:45,6,3,66,6,1
TRN-ROW-00107,30,Ramanathapuram,2025-10-28 08:56:25,1,36,52,2,1
TRN-ROW-00108,17,Chengalpattu,2025-03-27 10:31:43,12,19,38,4,1
TRN-ROW-00109,16,Kancheepuram,2024-09-15 20:50:52,15,28,69,2,0
TRN-ROW-00110,27,Perambalur,2026-05-29 11:26:15,9,32,57,5,1
TRN-ROW-00111,38,Tiruvannamalai,2025-01-24 02:35:47,9,11,65,2,0
TRN-ROW-00112,22,Dharmapuri,2024-12-07 04:41:58,2,12,70,2,0
TRN-ROW-00113,20,Viluppuram,2025-12-17 03:50:01,15,27,29,2,1
TRN-ROW-00114,17,Chengalpattu,2025-04-19 21:37:22,11,19,14,3,1
TRN-ROW-00115,36,Ranipet,2026-06-18 16:13:41,10,37,72,3,1
TRN-ROW-00116,16,Kancheepuram,2025-07-31 18:30:32,2,25,49,5,1
TRN-ROW-00117,37,Tirupathur,2026-04-23 01:12:03,8,32,34,0,1
TRN-ROW-00118,3,Madurai,2025-01-14 08:28:59,11,33,47,0,1
TRN-ROW-00119,37,Tirupathur,2026-04-28 20:40:50,0,15,56,0,0
TRN-ROW-00120,15,Tenkasi,2026-04-08 13:07:39,8,5,42,0,0
TRN-ROW-00121,36,Ranipet,2025-11-15 22:27:41,0,14,11,5,1
TRN-ROW-00122,22,Dharmapuri,2024-10-15 10:38:28,2,40,92,3,1
TRN-ROW-00123,10,Krishnagiri,2025-08-02 19:39:01,9,39,59,5,1
TRN-ROW-00124,22,Dharmapuri,2025-10-12 17:50:58,11,16,82,5,1
TRN-ROW-00125,24,Nilgiris,2026-04-16 16:44:29,3,39,46,0,1
TRN-ROW-00126,20,Viluppuram,2024-10-30 04:33:16,13,32,55,2,0
TRN-ROW-00127,30,Ramanathapuram,2024-12-11 02:20:43,8,14,74,5,1
TRN-ROW-00128,31,Virudhunagar,2024-12-27 07:37:34,13,16,70,4,1
TRN-ROW-00129,38,Tiruvannamalai,2024-09-07 23:50:56,15,34,50,6,1
TRN-ROW-00130,8,Tiruppur,2025-01-26 20:31:17,12,3,82,4,1
TRN-ROW-00131,38,Tiruvannamalai,2025-01-26 00:57:56,1,7,73,6,1
TRN-ROW-00132,26,Ariyalur,2025-07-15 09:18:26,13,20,81,4,1
TRN-ROW-00133,10,Krishnagiri,2025-07-27 11:26:16,9,4,58,5,1
TRN-ROW-00134,34,Nagapattinam,2025-11-16 07:20:52,8,7,47,3,1
TRN-ROW-00135,31,Virudhunagar,2024-08-25 11:30:24,6,29,24,2,1
TRN-ROW-00136,28,Pudukkottai,2025-03-04 22:19:33,0,20,69,3,1
TRN-ROW-00137,24,Nilgiris,2024-11-06 19:42:30,10,15,35,2,0
TRN-ROW-00138,3,Madurai,2024-10-30 00:11:02,1,11,34,6,1
TRN-ROW-00139,22,Dharmapuri,2025-05-28 23:43:06,14,18,53,6,1
TRN-ROW-00140,14,Kanniyakumari,2025-08-28 16:32:08,1,7,34,2,0
TRN-ROW-00141,3,Madurai,2024-08-23 23:37:42,0,33,34,0,1
TRN-ROW-00142,4,Salem,2026-06-21 06:50:35,14,32,46,2,1
TRN-ROW-00143,16,Kancheepuram,2025-04-02 23:28:54,14,16,75,3,1
TRN-ROW-00144,26,Ariyalur,2026-05-19 04:09:46,6,17,57,6,1
TRN-ROW-00145,4,Salem,2025-02-20 05:05:39,6,29,24,2,1
TRN-ROW-00146,24,Nilgiris,2025-12-21 13:31:14,7,16,89,4,1
TRN-ROW-00147,33,Thiruvarur,2026-03-06 08:02:31,15,38,65,5,1
TRN-ROW-00148,15,Tenkasi,2026-05-09 15:18:09,14,30,67,0,0
TRN-ROW-00149,31,Virudhunagar,2025-03-12 17:19:52,7,33,81,0,0
TRN-ROW-00150,6,Tirunelveli,2026-05-13 21:45:34,8,40,96,5,1
TRN-ROW-00151,2,Coimbatore,2026-01-27 17:24:56,3,16,50,0,0
TRN-ROW-00152,9,Vellore,2025-02-27 21:20:30,6,29,72,4,1
TRN-ROW-00153,15,Tenkasi,2026-03-01 22:11:58,7,30,43,6,1
TRN-ROW-00154,37,Tirupathur,2026-02-01 11:14:16,2,16,11,6,1
TRN-ROW-00155,36,Ranipet,2025-07-30 12:47:55,7,4,84,6,1
TRN-ROW-00156,21,Kallakurichi,2025-09-23 03:44:00,4,30,41,5,1
TRN-ROW-00157,26,Ariyalur,2026-05-21 23:04:17,4,11,86,5,1
TRN-ROW-00158,38,Tiruvannamalai,2025-12-21 09:04:24,10,37,84,6,1
TRN-ROW-00159,24,Nilgiris,2025-11-09 11:24:09,14,25,33,0,1
TRN-ROW-00160,22,Dharmapuri,2026-02-10 19:06:20,9,28,83,0,0
TRN-ROW-00161,20,Viluppuram,2026-03-27 02:40:49,9,3,68,6,1
TRN-ROW-00162,36,Ranipet,2025-02-28 08:59:10,4,14,100,3,1
TRN-ROW-00163,28,Pudukkottai,2025-01-14 05:50:30,1,17,15,4,1
TRN-ROW-00164,6,Tirunelveli,2025-02-20 07:44:54,7,22,89,5,1
TRN-ROW-00165,10,Krishnagiri,2026-06-07 11:03:23,11,23,67,6,1
TRN-ROW-00166,32,Theni,2025-10-23 02:59:10,4,31,31,2,1
TRN-ROW-00167,11,Dindigul,2025-02-09 22:27:07,11,21,67,3,1
TRN-ROW-00168,13,Thoothukudi,2025-03-13 21:36:36,15,4,85,0,0
TRN-ROW-00169,18,Tiruvallur,2026-06-18 20:02:11,13,37,98,2,0
TRN-ROW-00170,36,Ranipet,2025-01-07 10:30:56,8,32,64,6,1
TRN-ROW-00171,2,Coimbatore,2025-11-04 12:52:35,7,27,71,3,1
TRN-ROW-00172,24,Nilgiris,2025-02-25 02:21:10,10,38,69,5,1
TRN-ROW-00173,30,Ramanathapuram,2024-11-03 17:43:13,12,15,31,1,0
TRN-ROW-00174,29,Sivaganga,2025-11-01 04:45:02,4,17,83,6,1
TRN-ROW-00175,15,Tenkasi,2026-03-27 22:28:32,3,23,89,6,1
TRN-ROW-00176,38,Tiruvannamalai,2026-02-11 20:20:46,12,11,99,0,0
TRN-ROW-00177,14,Kanniyakumari,2026-06-07 13:47:19,12,31,99,4,1
TRN-ROW-00178,37,Tirupathur,2026-02-16 03:34:19,8,6,90,5,1
TRN-ROW-00179,34,Nagapattinam,2026-01-27 08:05:02,5,5,91,2,0
TRN-ROW-00180,11,Dindigul,2026-04-06 00:21:59,5,29,88,2,0
TRN-ROW-00181,33,Thiruvarur,2026-01-01 00:18:09,14,5,32,6,1
TRN-ROW-00182,23,Namakkal,2025-09-16 07:07:55,0,4,49,4,1
TRN-ROW-00183,9,Vellore,2025-05-01 16:10:26,1,24,81,5,1
TRN-ROW-00184,28,Pudukkottai,2024-12-05 03:58:24,8,18,75,3,1
TRN-ROW-00185,32,Theni,2024-10-12 13:23:42,12,30,73,3,1
TRN-ROW-00186,20,Viluppuram,2026-03-28 22:22:38,1,33,85,5,1
TRN-ROW-00187,32,Theni,2025-09-04 05:24:22,8,14,5,6,1
TRN-ROW-00188,35,Mayiladuthurai,2026-03-06 14:28:54,10,16,86,1,0
TRN-ROW-00189,32,Theni,2025-02-04 14:10:05,7,30,100,2,0
TRN-ROW-00190,17,Chengalpattu,2024-11-23 03:02:25,3,34,54,5,1
TRN-ROW-00191,21,Kallakurichi,2024-09-16 15:29:09,7,25,83,1,0
TRN-ROW-00192,35,Mayiladuthurai,2025-02-13 11:19:00,9,5,34,3,1
TRN-ROW-00193,3,Madurai,2025-11-24 08:52:41,11,36,22,6,1
TRN-ROW-00194,26,Ariyalur,2026-05-01 20:52:40,8,31,35,4,1
TRN-ROW-00195,32,Theni,2025-01-06 03:43:47,11,8,76,5,1
TRN-ROW-00196,23,Namakkal,2025-08-06 09:38:32,15,19,98,2,0
TRN-ROW-00197,32,Theni,2025-09-22 04:46:03,1,4,51,3,1
TRN-ROW-00198,4,Salem,2024-10-08 15:02:25,2,36,79,6,1
TRN-ROW-00199,3,Madurai,2025-10-03 16:22:50,0,29,12,1,1
TRN-ROW-00200,34,Nagapattinam,2024-12-01 10:27:16,15,39,61,5,1
TRN-ROW-00201,29,Sivaganga,2025-02-06 22:04:37,0,17,26,3,1
TRN-ROW-00202,20,Viluppuram,2025-07-30 05:24:01,11,11,94,4,1
TRN-ROW-00203,15,Tenkasi,2025-10-13 15:26:05,9,26,26,3,1
TRN-ROW-00204,21,Kallakurichi,2024-08-30 16:49:00,13,4,61,6,1
TRN-ROW-00205,35,Mayiladuthurai,2026-01-29 01:22:06,0,36,52,0,1
TRN-ROW-00206,4,Salem,2025-02-08 08:47:52,0,31,34,2,1
TRN-ROW-00207,10,Krishnagiri,2025-05-01 00:06:58,5,37,60,6,1
TRN-ROW-00208,21,Kallakurichi,2026-03-08 07:35:45,13,7,18,4,1
TRN-ROW-00209,30,Ramanathapuram,2025-11-19 08:36:49,0,10,7,1,1
TRN-ROW-00210,6,Tirunelveli,2026-02-08 01:50:07,11,6,93,6,1
TRN-ROW-00211,10,Krishnagiri,2026-02-17 00:36:16,6,9,91,1,0
TRN-ROW-00212,4,Salem,2024-11-20 04:51:34,10,11,77,0,0
TRN-ROW-00213,37,Tirupathur,2025-12-24 20:39:23,3,21,6,4,1
TRN-ROW-00214,34,Nagapattinam,2026-05-18 15:06:44,15,6,94,5,1
TRN-ROW-00215,24,Nilgiris,2026-05-13 07:24:04,15,37,14,6,1
TRN-ROW-00216,15,Tenkasi,2025-09-07 19:39:46,1,35,6,1,1
TRN-ROW-00217,38,Tiruvannamalai,2024-12-25 11:48:52,7,25,87,5,1
TRN-ROW-00218,8,Tiruppur,2025-06-13 22:09:36,3,27,58,6,1
TRN-ROW-00219,27,Perambalur,2025-12-19 08:39:30,3,7,56,4,1
TRN-ROW-00220,4,Salem,2025-01-17 08:52:55,4,38,9,4,1
TRN-ROW-00221,16,Kancheepuram,2025-01-11 03:30:03,10,11,9,6,1
TRN-ROW-00222,25,Karur,2025-09-18 04:42:29,8,16,40,3,1
TRN-ROW-00223,12,Thanjavur,2025-08-25 22:51:55,5,1,5,0,0
TRN-ROW-00224,28,Pudukkottai,2025-06-07 08:24:17,8,23,99,6,1
TRN-ROW-00225,18,Tiruvallur,2024-12-02 22:17:20,14,35,75,2,0
TRN-ROW-00226,7,Erode,2026-05-15 23:00:27,13,2,17,5,1
TRN-ROW-00227,18,Tiruvallur,2025-08-09 08:32:52,14,6,15,0,0
TRN-ROW-00228,3,Madurai,2025-02-01 12:24:46,2,29,21,2,1
TRN-ROW-00229,35,Mayiladuthurai,2024-12-06 01:16:39,6,22,82,2,0
TRN-ROW-00230,4,Salem,2025-05-20 04:56:56,6,27,61,2,0
TRN-ROW-00231,23,Namakkal,2026-01-08 15:17:33,4,22,61,2,0
TRN-ROW-00232,4,Salem,2025-03-27 09:16:54,10,30,52,0,0
TRN-ROW-00233,37,Tirupathur,2026-04-24 14:49:19,4,1,53,1,0
TRN-ROW-00234,10,Krishnagiri,2025-08-11 13:45:09,14,1,53,1,0
TRN-ROW-00235,11,Dindigul,2026-03-05 17:32:08,0,21,46,0,0
TRN-ROW-00236,38,Tiruvannamalai,2025-12-05 18:22:41,4,32,40,4,1
TRN-ROW-00237,3,Madurai,2024-11-07 14:05:18,5,24,7,5,1
TRN-ROW-00238,29,Sivaganga,2024-11-25 21:11:20,4,12,54,0,0
TRN-ROW-00239,34,Nagapattinam,2026-04-09 09:14:25,6,31,63,3,1
TRN-ROW-00240,22,Dharmapuri,2025-03-10 04:52:20,1,18,96,4,1
TRN-ROW-00241,14,Kanniyakumari,2025-02-17 22:28:10,6,39,93,1,0
TRN-ROW-00242,15,Tenkasi,2025-10-02 15:38:55,14,21,6,3,1
TRN-ROW-00243,27,Perambalur,2026-04-25 17:13:06,6,17,47,3,1
TRN-ROW-00244,32,Theni,2025-12-17 07:48:49,10,9,99,2,0
TRN-ROW-00245,38,Tiruvannamalai,2024-09-26 13:50:47,11,28,23,3,1
TRN-ROW-00246,29,Sivaganga,2026-04-07 02:44:33,7,20,35,0,0
TRN-ROW-00247,27,Perambalur,2024-09-23 14:08:45,5,32,45,6,1
TRN-ROW-00248,8,Tiruppur,2024-11-02 16:05:54,12,19,36,3,1
TRN-ROW-00249,16,Kancheepuram,2026-04-11 12:48:19,4,33,79,4,1
TRN-ROW-00250,17,Chengalpattu,2025-09-17 20:01:14,12,19,46,4,1
TRN-ROW-00251,37,Tirupathur,2025-07-09 03:24:12,2,39,21,0,1
TRN-ROW-00252,14,Kanniyakumari,2025-05-17 14:13:00,7,18,49,5,1
TRN-ROW-00253,17,Chengalpattu,2025-07-14 22:41:02,14,18,83,5,1
TRN-ROW-00254,6,Tirunelveli,2026-02-02 08:27:05,13,33,88,2,0
TRN-ROW-00255,34,Nagapattinam,2025-01-03 23:18:07,10,14,12,4,1
TRN-ROW-00256,12,Thanjavur,2025-02-18 02:25:12,12,2,66,5,1
TRN-ROW-00257,20,Viluppuram,2025-01-12 04:37:42,14,24,98,5,1
TRN-ROW-00258,14,Kanniyakumari,2025-03-17 15:11:35,7,36,14,1,1
TRN-ROW-00259,36,Ranipet,2025-07-07 21:17:23,10,1,72,6,1
TRN-ROW-00260,26,Ariyalur,2026-04-24 23:06:04,10,24,77,3,1
TRN-ROW-00261,23,Namakkal,2025-01-05 03:03:57,12,1,9,1,0
TRN-ROW-00262,20,Viluppuram,2025-01-23 02:15:14,15,39,16,6,1
TRN-ROW-00263,22,Dharmapuri,2025-01-25 13:06:31,5,11,38,1,0
TRN-ROW-00264,20,Viluppuram,2024-11-29 00:17:22,4,26,76,3,1
TRN-ROW-00265,4,Salem,2025-12-29 06:15:29,5,13,78,5,1
TRN-ROW-00266,15,Tenkasi,2025-03-04 13:00:56,1,37,66,2,0
TRN-ROW-00267,15,Tenkasi,2025-12-29 06:46:55,15,22,35,1,1
TRN-ROW-00268,17,Chengalpattu,2026-04-07 02:35:29,14,39,14,0,1
TRN-ROW-00269,8,Tiruppur,2025-07-20 00:55:59,2,39,59,4,1
TRN-ROW-00270,21,Kallakurichi,2024-10-11 17:04:29,3,15,100,2,0
TRN-ROW-00271,31,Virudhunagar,2025-09-19 21:06:35,14,25,54,5,1
TRN-ROW-00272,24,Nilgiris,2026-05-08 14:43:21,1,15,41,1,0
TRN-ROW-00273,27,Perambalur,2025-09-03 07:09:00,14,27,57,0,0
TRN-ROW-00274,10,Krishnagiri,2026-02-21 11:29:29,4,40,36,1,1
TRN-ROW-00275,29,Sivaganga,2025-04-09 02:29:12,2,38,17,6,1
TRN-ROW-00276,13,Thoothukudi,2026-04-10 08:48:16,2,16,94,2,0
TRN-ROW-00277,37,Tirupathur,2024-12-06 18:21:41,9,40,91,1,0
TRN-ROW-00278,25,Karur,2026-04-23 03:50:41,9,33,71,2,0
TRN-ROW-00279,38,Tiruvannamalai,2026-05-26 00:36:22,10,29,56,6,1
TRN-ROW-00280,9,Vellore,2025-04-01 01:51:00,3,38,46,3,1
TRN-ROW-00281,10,Krishnagiri,2026-04-09 06:43:55,9,39,55,0,1
TRN-ROW-00282,23,Namakkal,2025-03-28 20:33:40,11,33,69,2,0
TRN-ROW-00283,21,Kallakurichi,2026-06-18 18:21:52,12,35,11,3,1
TRN-ROW-00284,11,Dindigul,2024-10-17 11:21:14,9,22,64,5,1
TRN-ROW-00285,6,Tirunelveli,2026-06-03 18:37:51,5,20,37,4,1
TRN-ROW-00286,17,Chengalpattu,2025-12-14 21:23:43,4,29,86,2,0
TRN-ROW-00287,37,Tirupathur,2026-05-13 20:30:31,5,15,92,4,1
TRN-ROW-00288,5,Tiruchirappalli,2026-03-04 17:35:19,13,16,45,6,1
TRN-ROW-00289,19,Cuddalore,2024-11-16 01:35:27,8,9,42,4,1
TRN-ROW-00290,8,Tiruppur,2026-03-19 18:59:42,10,32,97,0,0
TRN-ROW-00291,28,Pudukkottai,2025-08-13 21:45:07,5,22,20,4,1
TRN-ROW-00292,13,Thoothukudi,2025-04-19 00:46:32,4,30,100,6,1
TRN-ROW-00293,29,Sivaganga,2025-07-09 06:25:23,0,12,36,3,1
TRN-ROW-00294,27,Perambalur,2025-08-03 11:47:19,6,9,78,6,1
TRN-ROW-00295,26,Ariyalur,2026-01-02 12:22:59,11,18,79,0,0
TRN-ROW-00296,3,Madurai,2025-11-15 19:11:40,8,22,33,2,1
TRN-ROW-00297,9,Vellore,2026-02-24 14:58:08,9,6,23,1,0
TRN-ROW-00298,2,Coimbatore,2025-07-10 02:09:45,10,17,30,6,1
TRN-ROW-00299,22,Dharmapuri,2025-11-20 13:52:27,14,33,18,4,1
TRN-ROW-00300,16,Kancheepuram,2025-09-08 01:49:53,8,18,73,3,1
TRN-ROW-00301,32,Theni,2026-04-15 08:19:57,12,10,33,3,1
TRN-ROW-00302,11,Dindigul,2024-11-02 17:38:07,12,28,25,6,1
TRN-ROW-00303,25,Karur,2024-11-23 20:19:08,5,37,33,0,1
TRN-ROW-00304,16,Kancheepuram,2026-05-15 08:56:54,14,4,62,1,0
TRN-ROW-00305,35,Mayiladuthurai,2026-03-26 02:31:07,14,25,10,2,1
TRN-ROW-00306,15,Tenkasi,2025-07-05 13:44:19,13,21,52,1,0
TRN-ROW-00307,32,Theni,2026-02-20 00:40:02,8,18,48,5,1
TRN-ROW-00308,19,Cuddalore,2025-10-03 03:32:56,4,19,23,5,1
TRN-ROW-00309,14,Kanniyakumari,2024-09-14 10:15:21,2,36,14,1,1
TRN-ROW-00310,12,Thanjavur,2025-08-23 21:07:37,6,36,22,4,1
TRN-ROW-00311,24,Nilgiris,2025-03-27 10:41:02,2,9,70,5,1
TRN-ROW-00312,38,Tiruvannamalai,2025-01-08 17:58:29,11,22,19,5,1
TRN-ROW-00313,32,Theni,2025-05-04 15:40:04,9,40,41,1,1
TRN-ROW-00314,17,Chengalpattu,2025-08-19 05:10:54,7,37,55,4,1
TRN-ROW-00315,4,Salem,2025-03-11 11:26:11,3,28,46,0,1
TRN-ROW-00316,23,Namakkal,2025-11-23 03:02:21,6,19,89,4,1
TRN-ROW-00317,9,Vellore,2025-09-28 00:46:35,10,37,25,3,1
TRN-ROW-00318,28,Pudukkottai,2025-07-09 21:25:17,15,30,52,6,1
TRN-ROW-00319,13,Thoothukudi,2024-09-10 12:13:41,15,28,61,6,1
TRN-ROW-00320,9,Vellore,2025-02-11 20:55:06,5,5,33,2,0
TRN-ROW-00321,23,Namakkal,2025-08-02 17:11:53,11,17,11,5,1
TRN-ROW-00322,7,Erode,2025-07-13 11:48:41,3,7,80,1,0
TRN-ROW-00323,13,Thoothukudi,2026-01-21 06:57:08,7,35,27,6,1
TRN-ROW-00324,4,Salem,2025-07-15 07:13:34,7,7,83,2,0
TRN-ROW-00325,37,Tirupathur,2024-09-15 23:09:31,14,3,92,0,0
TRN-ROW-00326,9,Vellore,2025-08-13 09:33:36,2,10,26,2,0
TRN-ROW-00327,35,Mayiladuthurai,2026-05-28 01:56:54,4,26,64,2,0
TRN-ROW-00328,11,Dindigul,2025-06-21 06:38:35,2,22,88,5,1
TRN-ROW-00329,13,Thoothukudi,2025-11-27 17:42:08,2,13,77,2,0
TRN-ROW-00330,9,Vellore,2026-05-26 00:24:17,2,33,5,6,1
TRN-ROW-00331,31,Virudhunagar,2024-12-15 10:10:01,4,21,59,6,1
TRN-ROW-00332,29,Sivaganga,2025-12-21 18:00:09,5,6,23,4,1
TRN-ROW-00333,38,Tiruvannamalai,2026-02-08 14:33:03,6,39,58,4,1
TRN-ROW-00334,6,Tirunelveli,2025-09-04 09:21:17,2,32,8,5,1
TRN-ROW-00335,26,Ariyalur,2025-03-15 08:56:35,10,11,93,2,0
TRN-ROW-00336,32,Theni,2025-04-30 02:21:03,13,8,70,4,1
TRN-ROW-00337,21,Kallakurichi,2025-12-26 01:08:25,2,17,48,1,0
TRN-ROW-00338,28,Pudukkottai,2026-02-16 13:29:29,14,1,84,4,1
TRN-ROW-00339,19,Cuddalore,2025-02-19 20:36:04,4,37,94,6,1
TRN-ROW-00340,20,Viluppuram,2024-12-16 23:54:10,5,15,42,6,1
TRN-ROW-00341,36,Ranipet,2026-04-20 12:02:11,15,6,20,2,0
TRN-ROW-00342,12,Thanjavur,2025-10-12 13:28:18,15,29,74,1,0
TRN-ROW-00343,13,Thoothukudi,2024-09-03 07:50:21,4,12,38,2,0
TRN-ROW-00344,37,Tirupathur,2026-02-13 05:25:39,15,24,31,5,1
TRN-ROW-00345,4,Salem,2025-09-11 00:53:36,6,36,26,1,1
TRN-ROW-00346,30,Ramanathapuram,2026-02-05 15:56:27,2,25,53,5,1
TRN-ROW-00347,19,Cuddalore,2026-04-29 18:27:16,7,17,63,6,1
TRN-ROW-00348,27,Perambalur,2026-03-12 13:56:33,8,25,97,6,1
TRN-ROW-00349,12,Thanjavur,2025-09-11 07:01:43,8,5,78,1,0
TRN-ROW-00350,36,Ranipet,2025-10-03 01:19:52,13,24,97,2,0
TRN-ROW-00351,18,Tiruvallur,2024-11-22 13:25:12,7,34,74,3,1
TRN-ROW-00352,34,Nagapattinam,2025-08-10 05:19:23,0,27,85,3,1
TRN-ROW-00353,22,Dharmapuri,2025-11-29 05:55:54,0,2,88,6,1
TRN-ROW-00354,15,Tenkasi,2025-02-11 23:50:51,12,31,85,4,1
TRN-ROW-00355,4,Salem,2025-10-10 12:17:22,4,21,75,6,1
TRN-ROW-00356,14,Kanniyakumari,2024-10-21 00:14:32,10,14,86,0,0
TRN-ROW-00357,11,Dindigul,2025-11-23 02:13:43,3,27,68,2,0
TRN-ROW-00358,10,Krishnagiri,2025-08-25 06:01:46,5,11,16,2,1
TRN-ROW-00359,12,Thanjavur,2025-09-30 17:43:15,13,18,88,3,1
TRN-ROW-00360,3,Madurai,2025-09-24 05:10:50,1,2,18,2,0
TRN-ROW-00361,10,Krishnagiri,2026-02-23 10:50:20,1,22,47,0,0
TRN-ROW-00362,3,Madurai,2024-08-27 07:54:16,8,8,10,2,1
TRN-ROW-00363,28,Pudukkottai,2025-10-29 16:14:42,14,38,93,5,1
TRN-ROW-00364,6,Tirunelveli,2024-11-22 14:48:54,7,19,25,4,1
TRN-ROW-00365,1,Chennai,2026-03-08 22:33:32,3,3,60,5,1
TRN-ROW-00366,3,Madurai,2025-07-11 11:39:22,4,36,55,6,1
TRN-ROW-00367,10,Krishnagiri,2025-03-29 14:12:57,15,20,99,2,0
TRN-ROW-00368,34,Nagapattinam,2026-06-15 07:25:34,13,32,85,6,1
TRN-ROW-00369,10,Krishnagiri,2025-10-10 20:02:15,12,16,56,3,1
TRN-ROW-00370,19,Cuddalore,2025-05-06 07:18:18,11,8,89,3,1
TRN-ROW-00371,7,Erode,2025-09-03 22:03:21,14,21,98,5,1
TRN-ROW-00372,33,Thiruvarur,2026-05-08 21:40:04,14,39,28,5,1
TRN-ROW-00373,35,Mayiladuthurai,2024-09-15 02:12:29,0,18,39,2,0
TRN-ROW-00374,1,Chennai,2026-03-22 13:11:24,7,36,87,3,1
TRN-ROW-00375,22,Dharmapuri,2026-05-01 20:58:36,14,27,76,5,1
TRN-ROW-00376,25,Karur,2025-05-08 23:03:17,0,3,37,2,0
TRN-ROW-00377,24,Nilgiris,2024-12-26 20:04:44,14,1,75,0,0
TRN-ROW-00378,16,Kancheepuram,2025-08-31 09:19:53,10,36,97,0,0
TRN-ROW-00379,27,Perambalur,2025-06-13 01:39:26,6,14,29,6,1
TRN-ROW-00380,38,Tiruvannamalai,2024-11-12 21:42:00,6,20,42,1,0
TRN-ROW-00381,16,Kancheepuram,2025-08-20 05:50:01,15,32,73,1,0
TRN-ROW-00382,20,Viluppuram,2025-06-17 20:17:16,3,31,13,0,1
TRN-ROW-00383,27,Perambalur,2026-02-03 08:07:42,8,10,87,2,0
TRN-ROW-00384,29,Sivaganga,2024-11-19 03:29:21,3,19,12,1,1
TRN-ROW-00385,36,Ranipet,2026-03-28 15:03:24,14,16,87,5,1
TRN-ROW-00386,24,Nilgiris,2024-11-04 15:42:09,3,40,49,0,1
TRN-ROW-00387,34,Nagapattinam,2026-02-02 17:53:07,9,26,36,5,1
TRN-ROW-00388,32,Theni,2026-02-09 07:15:15,13,35,53,5,1
TRN-ROW-00389,11,Dindigul,2025-04-10 04:15:28,4,7,54,3,1
TRN-ROW-00390,11,Dindigul,2025-01-23 19:59:43,15,34,10,4,1
TRN-ROW-00391,24,Nilgiris,2025-10-22 22:33:09,5,31,18,0,1
TRN-ROW-00392,26,Ariyalur,2024-11-25 01:59:26,8,22,12,6,1
TRN-ROW-00393,38,Tiruvannamalai,2025-05-03 13:20:11,1,37,93,5,1
TRN-ROW-00394,18,Tiruvallur,2024-12-24 23:34:44,10,35,32,0,1
TRN-ROW-00395,13,Thoothukudi,2025-05-08 17:45:36,14,20,93,0,0
TRN-ROW-00396,10,Krishnagiri,2026-06-13 06:03:32,1,38,51,0,1
TRN-ROW-00397,26,Ariyalur,2025-08-04 09:55:28,11,11,56,0,0
TRN-ROW-00398,34,Nagapattinam,2025-07-30 20:13:58,7,37,65,2,0
TRN-ROW-00399,21,Kallakurichi,2024-08-26 15:55:53,14,31,68,6,1
TRN-ROW-00400,32,Theni,2025-11-06 17:49:17,15,21,62,3,1
TRN-ROW-00401,7,Erode,2025-04-13 19:03:48,11,21,83,0,0
TRN-ROW-00402,33,Thiruvarur,2026-06-05 01:51:26,2,26,47,0,0
TRN-ROW-00403,6,Tirunelveli,2026-03-02 02:57:06,3,29,79,5,1
TRN-ROW-00404,36,Ranipet,2025-11-18 23:25:40,5,15,78,6,1
TRN-ROW-00405,17,Chengalpattu,2025-02-19 21:21:16,7,21,16,1,1
TRN-ROW-00406,30,Ramanathapuram,2025-04-06 05:24:58,7,39,37,2,1
TRN-ROW-00407,35,Mayiladuthurai,2024-09-24 06:04:41,2,25,82,5,1
TRN-ROW-00408,17,Chengalpattu,2026-05-20 12:22:03,2,12,57,5,1
TRN-ROW-00409,24,Nilgiris,2024-10-05 02:04:31,9,19,64,6,1
TRN-ROW-00410,11,Dindigul,2024-08-21 17:31:31,13,21,86,5,1
TRN-ROW-00411,26,Ariyalur,2025-05-18 05:03:38,12,36,91,4,1
TRN-ROW-00412,12,Thanjavur,2025-04-16 06:16:48,10,9,8,0,1
TRN-ROW-00413,33,Thiruvarur,2024-08-27 13:13:28,3,39,7,1,1
TRN-ROW-00414,11,Dindigul,2025-02-21 22:46:10,5,12,49,6,1
TRN-ROW-00415,32,Theni,2026-05-06 00:47:24,15,13,86,0,0
TRN-ROW-00416,7,Erode,2026-02-26 02:58:37,6,38,61,1,1
TRN-ROW-00417,7,Erode,2026-05-15 23:03:05,4,31,42,5,1
TRN-ROW-00418,14,Kanniyakumari,2025-11-16 00:01:08,11,17,47,1,0
TRN-ROW-00419,35,Mayiladuthurai,2025-02-02 01:30:39,14,6,30,3,1
TRN-ROW-00420,13,Thoothukudi,2025-11-21 17:25:01,6,31,92,1,0
TRN-ROW-00421,27,Perambalur,2025-07-01 12:36:22,4,31,58,0,0
TRN-ROW-00422,22,Dharmapuri,2024-10-27 05:50:12,5,19,55,1,0
TRN-ROW-00423,11,Dindigul,2024-08-24 14:15:30,0,10,73,4,1
TRN-ROW-00424,34,Nagapattinam,2026-04-05 18:46:44,12,17,75,0,0
TRN-ROW-00425,12,Thanjavur,2025-03-06 18:53:39,1,9,65,3,1
TRN-ROW-00426,14,Kanniyakumari,2025-04-09 11:56:26,0,37,89,2,0
TRN-ROW-00427,29,Sivaganga,2025-06-12 05:41:16,5,20,58,5,1
TRN-ROW-00428,27,Perambalur,2025-06-13 03:53:35,1,3,51,5,1
TRN-ROW-00429,33,Thiruvarur,2026-05-04 15:01:29,0,6,85,1,0
TRN-ROW-00430,23,Namakkal,2025-02-26 01:51:32,15,12,59,5,1
TRN-ROW-00431,25,Karur,2025-10-22 12:48:19,14,39,8,4,1
TRN-ROW-00432,19,Cuddalore,2025-08-28 14:10:11,8,33,32,5,1
TRN-ROW-00433,21,Kallakurichi,2025-08-08 05:37:01,15,32,19,0,1
TRN-ROW-00434,36,Ranipet,2025-06-20 01:44:47,0,16,62,4,1
TRN-ROW-00435,19,Cuddalore,2025-11-03 19:52:07,10,20,18,4,1
TRN-ROW-00436,15,Tenkasi,2025-07-11 19:30:26,13,8,12,1,1
TRN-ROW-00437,27,Perambalur,2026-06-11 11:29:21,5,2,44,1,0
TRN-ROW-00438,6,Tirunelveli,2024-10-24 15:36:43,11,22,9,0,1
TRN-ROW-00439,5,Tiruchirappalli,2025-09-12 11:04:49,11,21,89,3,1
TRN-ROW-00440,1,Chennai,2025-07-03 09:30:55,12,27,25,4,1
TRN-ROW-00441,18,Tiruvallur,2025-10-07 21:18:36,2,13,96,6,1
TRN-ROW-00442,20,Viluppuram,2025-06-22 04:22:36,14,27,38,5,1
TRN-ROW-00443,23,Namakkal,2025-11-27 06:52:57,11,30,100,1,0
TRN-ROW-00444,1,Chennai,2025-01-08 13:04:11,12,2,47,5,1
TRN-ROW-00445,34,Nagapattinam,2025-02-08 04:53:29,7,36,45,3,1
TRN-ROW-00446,9,Vellore,2025-05-11 20:27:26,15,6,71,4,1
TRN-ROW-00447,34,Nagapattinam,2026-05-12 22:27:13,9,7,24,0,0
TRN-ROW-00448,29,Sivaganga,2024-12-06 16:05:50,11,11,57,6,1
TRN-ROW-00449,12,Thanjavur,2025-11-26 05:03:46,10,31,37,6,1
TRN-ROW-00450,21,Kallakurichi,2026-01-13 13:06:33,8,1,73,0,0
TRN-ROW-00451,28,Pudukkottai,2026-05-03 22:40:14,6,12,43,5,1
TRN-ROW-00452,22,Dharmapuri,2025-08-23 04:12:33,15,24,28,5,1
TRN-ROW-00453,8,Tiruppur,2026-04-28 00:49:13,4,29,12,4,1
TRN-ROW-00454,1,Chennai,2026-04-21 16:36:02,15,11,14,4,1
TRN-ROW-00455,14,Kanniyakumari,2025-10-02 19:50:12,2,13,98,0,0
TRN-ROW-00456,14,Kanniyakumari,2024-10-03 04:39:09,0,1,48,0,0
TRN-ROW-00457,5,Tiruchirappalli,2024-12-16 18:03:14,15,34,35,1,1
TRN-ROW-00458,24,Nilgiris,2025-08-21 10:57:52,7,13,85,4,1
TRN-ROW-00459,1,Chennai,2025-07-31 12:35:40,9,3,67,0,0
TRN-ROW-00460,29,Sivaganga,2024-08-31 04:47:54,4,34,84,6,1
TRN-ROW-00461,20,Viluppuram,2025-05-05 13:38:08,14,40,95,3,1
TRN-ROW-00462,36,Ranipet,2024-11-10 05:33:36,12,6,58,5,1
TRN-ROW-00463,19,Cuddalore,2026-03-26 19:38:31,12,2,66,0,0
TRN-ROW-00464,30,Ramanathapuram,2025-07-14 08:17:21,15,2,32,0,0
TRN-ROW-00465,24,Nilgiris,2024-11-21 23:32:59,11,13,44,1,0
TRN-ROW-00466,31,Virudhunagar,2025-05-23 18:32:49,7,7,87,4,1
TRN-ROW-00467,13,Thoothukudi,2025-01-09 15:50:25,10,32,60,5,1
TRN-ROW-00468,21,Kallakurichi,2024-12-30 01:52:03,11,1,67,5,1
TRN-ROW-00469,29,Sivaganga,2025-10-17 19:29:40,6,19,50,0,0
TRN-ROW-00470,32,Theni,2024-09-28 12:48:36,7,12,28,1,0
TRN-ROW-00471,1,Chennai,2025-08-29 00:57:16,12,30,89,2,0
TRN-ROW-00472,36,Ranipet,2025-10-20 00:01:28,4,2,78,2,0
TRN-ROW-00473,12,Thanjavur,2025-08-11 04:03:50,8,4,39,6,1
TRN-ROW-00474,28,Pudukkottai,2024-12-13 10:08:48,8,28,14,4,1
TRN-ROW-00475,29,Sivaganga,2025-07-30 16:27:37,9,2,78,6,1
TRN-ROW-00476,3,Madurai,2025-04-10 08:15:10,9,16,7,2,1
TRN-ROW-00477,15,Tenkasi,2025-08-21 17:33:51,2,17,10,5,1
TRN-ROW-00478,25,Karur,2025-05-11 08:53:13,4,38,31,1,1
TRN-ROW-00479,33,Thiruvarur,2025-09-23 07:36:06,3,1,51,1,0
TRN-ROW-00480,24,Nilgiris,2025-07-21 18:41:05,14,30,20,6,1
TRN-ROW-00481,16,Kancheepuram,2026-01-21 05:43:16,4,14,61,5,1
TRN-ROW-00482,32,Theni,2026-01-08 13:39:20,0,28,88,6,1
TRN-ROW-00483,8,Tiruppur,2026-02-24 04:53:54,15,22,62,5,1
TRN-ROW-00484,16,Kancheepuram,2024-10-21 01:30:35,2,1,39,6,1
TRN-ROW-00485,35,Mayiladuthurai,2025-06-05 10:31:50,9,13,20,5,1
TRN-ROW-00486,29,Sivaganga,2024-11-24 23:35:10,13,2,41,5,1
TRN-ROW-00487,34,Nagapattinam,2025-05-13 18:06:08,11,18,40,4,1
TRN-ROW-00488,32,Theni,2026-05-03 01:09:26,4,23,12,1,1
TRN-ROW-00489,7,Erode,2024-10-10 00:58:53,11,36,39,2,1
TRN-ROW-00490,8,Tiruppur,2024-12-18 14:35:52,0,29,89,3,1
TRN-ROW-00491,8,Tiruppur,2026-01-02 11:13:28,14,25,68,5,1
TRN-ROW-00492,29,Sivaganga,2026-01-18 18:03:32,5,16,63,5,1
TRN-ROW-00493,22,Dharmapuri,2025-12-01 17:00:56,14,11,29,6,1
TRN-ROW-00494,22,Dharmapuri,2026-04-18 14:16:00,2,25,42,4,1
TRN-ROW-00495,7,Erode,2025-10-09 19:21:39,8,36,97,4,1
TRN-ROW-00496,6,Tirunelveli,2026-04-29 00:17:32,5,8,22,2,0
TRN-ROW-00497,27,Perambalur,2025-11-29 05:49:49,0,7,56,4,1
TRN-ROW-00498,21,Kallakurichi,2026-01-17 21:02:45,9,1,26,1,0
TRN-ROW-00499,18,Tiruvallur,2025-07-30 00:38:53,6,10,47,4,1
TRN-ROW-00500,5,Tiruchirappalli,2026-02-25 06:48:12,13,16,85,4,1
TRN-ROW-00501,4,Salem,2026-06-04 08:34:20,9,6,72,2,0
TRN-ROW-00502,38,Tiruvannamalai,2025-10-14 20:08:15,13,10,71,1,0
TRN-ROW-00503,27,Perambalur,2024-10-03 00:23:37,13,1,28,5,1
TRN-ROW-00504,19,Cuddalore,2025-12-15 17:19:55,13,5,72,2,0
TRN-ROW-00505,28,Pudukkottai,2024-10-11 03:29:08,10,7,90,5,1
TRN-ROW-00506,18,Tiruvallur,2025-01-05 10:28:30,11,36,80,0,0
TRN-ROW-00507,26,Ariyalur,2024-12-12 09:53:36,5,1,39,6,1
TRN-ROW-00508,36,Ranipet,2026-03-21 15:33:25,11,5,47,1,0
TRN-ROW-00509,24,Nilgiris,2025-03-16 08:39:35,6,28,67,5,1
TRN-ROW-00510,4,Salem,2026-05-23 12:24:38,10,7,44,6,1
TRN-ROW-00511,17,Chengalpattu,2025-08-04 15:55:31,6,4,77,2,0
TRN-ROW-00512,12,Thanjavur,2026-01-03 16:38:35,1,10,13,3,1
TRN-ROW-00513,38,Tiruvannamalai,2025-01-01 08:51:50,4,39,95,6,1
TRN-ROW-00514,35,Mayiladuthurai,2025-07-26 00:37:02,1,30,91,5,1
TRN-ROW-00515,28,Pudukkottai,2025-07-28 00:40:31,6,37,73,6,1
TRN-ROW-00516,15,Tenkasi,2026-04-30 22:23:06,7,40,47,2,1
TRN-ROW-00517,24,Nilgiris,2025-09-24 10:05:47,3,27,67,2,0
TRN-ROW-00518,8,Tiruppur,2026-02-24 03:28:59,10,22,30,5,1
TRN-ROW-00519,8,Tiruppur,2026-05-01 00:53:17,10,17,9,0,1
TRN-ROW-00520,32,Theni,2026-01-26 19:54:33,11,37,38,3,1
TRN-ROW-00521,38,Tiruvannamalai,2026-02-09 01:46:13,12,20,80,2,0
TRN-ROW-00522,14,Kanniyakumari,2025-10-16 07:03:50,14,16,45,4,1
TRN-ROW-00523,33,Thiruvarur,2024-10-04 13:57:23,14,20,73,6,1
TRN-ROW-00524,25,Karur,2025-11-07 12:57:22,6,2,80,4,1
TRN-ROW-00525,2,Coimbatore,2026-04-16 06:00:15,13,23,50,0,0
TRN-ROW-00526,30,Ramanathapuram,2025-04-16 19:49:08,5,17,73,6,1
TRN-ROW-00527,25,Karur,2025-10-26 04:31:31,3,34,38,3,1
TRN-ROW-00528,31,Virudhunagar,2026-01-23 07:00:17,3,11,38,5,1
TRN-ROW-00529,15,Tenkasi,2026-01-12 02:08:50,14,30,14,4,1
TRN-ROW-00530,9,Vellore,2025-04-14 06:26:49,7,21,37,0,0
TRN-ROW-00531,12,Thanjavur,2024-10-28 18:19:42,9,29,45,2,1
TRN-ROW-00532,19,Cuddalore,2025-10-24 14:02:37,1,5,91,3,1
TRN-ROW-00533,1,Chennai,2024-12-31 03:52:48,14,8,7,0,1
TRN-ROW-00534,8,Tiruppur,2025-10-03 22:14:26,5,20,16,1,1
TRN-ROW-00535,33,Thiruvarur,2025-01-04 18:16:19,12,16,29,5,1
TRN-ROW-00536,30,Ramanathapuram,2024-08-28 17:07:45,2,19,41,0,0
TRN-ROW-00537,8,Tiruppur,2026-06-02 14:01:19,14,8,92,1,0
TRN-ROW-00538,34,Nagapattinam,2025-12-05 17:00:58,12,10,14,0,1
TRN-ROW-00539,24,Nilgiris,2026-04-15 14:23:38,13,21,72,5,1
TRN-ROW-00540,5,Tiruchirappalli,2026-04-22 22:16:54,6,15,8,1,1
TRN-ROW-00541,3,Madurai,2024-09-12 21:36:14,13,15,38,2,0
TRN-ROW-00542,4,Salem,2026-02-05 17:21:25,2,13,8,4,1
TRN-ROW-00543,14,Kanniyakumari,2026-02-06 18:59:02,6,18,8,6,1
TRN-ROW-00544,26,Ariyalur,2026-03-17 00:36:53,15,14,83,2,0
TRN-ROW-00545,20,Viluppuram,2025-05-11 19:29:47,14,20,82,1,0
TRN-ROW-00546,16,Kancheepuram,2024-12-10 13:29:58,4,12,39,6,1
TRN-ROW-00547,4,Salem,2025-07-30 08:44:47,14,18,64,5,1
TRN-ROW-00548,38,Tiruvannamalai,2025-02-09 15:39:15,5,1,53,5,1
TRN-ROW-00549,36,Ranipet,2025-01-02 11:10:22,7,21,80,1,0
TRN-ROW-00550,20,Viluppuram,2024-09-01 21:51:02,4,14,74,1,0
TRN-ROW-00551,12,Thanjavur,2024-12-21 05:05:12,0,22,17,6,1
TRN-ROW-00552,25,Karur,2025-01-31 06:03:57,5,36,26,2,1
TRN-ROW-00553,29,Sivaganga,2026-06-15 22:45:03,8,5,71,3,1
TRN-ROW-00554,7,Erode,2025-11-07 09:51:40,0,13,93,4,1
TRN-ROW-00555,7,Erode,2025-12-03 03:57:20,8,24,47,3,1
TRN-ROW-00556,5,Tiruchirappalli,2025-02-05 11:54:44,2,37,81,0,0
TRN-ROW-00557,9,Vellore,2025-05-01 20:36:55,0,26,11,2,1
TRN-ROW-00558,34,Nagapattinam,2025-11-25 22:11:00,5,36,27,3,1
TRN-ROW-00559,24,Nilgiris,2025-08-25 03:27:50,4,31,15,0,1
TRN-ROW-00560,2,Coimbatore,2025-01-30 18:30:26,3,16,63,6,1
TRN-ROW-00561,26,Ariyalur,2025-12-21 07:33:16,11,12,21,1,0
TRN-ROW-00562,36,Ranipet,2025-09-15 11:12:20,8,37,56,2,1
TRN-ROW-00563,38,Tiruvannamalai,2024-11-15 20:40:02,3,22,59,1,0
TRN-ROW-00564,13,Thoothukudi,2026-02-23 09:39:52,3,40,91,2,0
TRN-ROW-00565,20,Viluppuram,2025-07-06 03:56:50,1,40,28,6,1
TRN-ROW-00566,6,Tirunelveli,2024-10-15 22:32:30,1,30,44,0,1
TRN-ROW-00567,33,Thiruvarur,2025-05-25 09:23:17,4,21,8,0,1
TRN-ROW-00568,2,Coimbatore,2024-12-22 21:13:30,1,28,88,1,0
TRN-ROW-00569,7,Erode,2025-04-27 20:43:17,10,17,16,6,1
TRN-ROW-00570,18,Tiruvallur,2024-11-19 00:07:27,1,8,14,1,0
TRN-ROW-00571,7,Erode,2025-01-24 09:49:02,15,31,77,6,1
TRN-ROW-00572,29,Sivaganga,2025-06-23 08:48:02,7,30,60,1,0
TRN-ROW-00573,35,Mayiladuthurai,2025-12-18 09:24:25,11,10,36,6,1
TRN-ROW-00574,28,Pudukkottai,2025-04-26 06:28:40,3,34,85,4,1
TRN-ROW-00575,37,Tirupathur,2025-12-29 04:24:55,15,6,64,6,1
TRN-ROW-00576,10,Krishnagiri,2025-10-06 18:47:00,3,34,10,1,1
TRN-ROW-00577,11,Dindigul,2025-11-21 21:58:48,1,8,66,0,0
TRN-ROW-00578,35,Mayiladuthurai,2024-09-07 02:36:06,10,31,93,1,0
TRN-ROW-00579,25,Karur,2025-11-14 06:54:02,13,22,91,6,1
TRN-ROW-00580,15,Tenkasi,2025-06-12 21:13:18,3,22,70,4,1
TRN-ROW-00581,29,Sivaganga,2025-04-15 08:45:34,14,39,14,2,1
TRN-ROW-00582,22,Dharmapuri,2025-03-27 06:20:55,10,19,82,0,0
TRN-ROW-00583,3,Madurai,2025-12-19 11:17:15,15,9,47,1,0
TRN-ROW-00584,30,Ramanathapuram,2026-05-01 13:40:55,11,28,24,3,1
TRN-ROW-00585,11,Dindigul,2025-12-25 02:38:15,9,31,82,5,1
TRN-ROW-00586,12,Thanjavur,2026-03-21 14:43:06,9,15,53,6,1
TRN-ROW-00587,13,Thoothukudi,2025-06-27 07:20:58,10,8,30,5,1
TRN-ROW-00588,30,Ramanathapuram,2024-12-11 10:26:08,5,1,10,2,0
TRN-ROW-00589,35,Mayiladuthurai,2026-02-17 14:02:28,3,4,60,4,1
TRN-ROW-00590,30,Ramanathapuram,2024-10-31 08:55:32,8,6,64,1,0
TRN-ROW-00591,35,Mayiladuthurai,2026-03-25 19:50:37,15,23,64,6,1
TRN-ROW-00592,29,Sivaganga,2026-01-28 02:41:12,7,13,89,1,0
TRN-ROW-00593,23,Namakkal,2024-11-05 23:23:12,10,7,86,6,1
TRN-ROW-00594,12,Thanjavur,2025-09-15 11:50:31,11,1,8,3,1
TRN-ROW-00595,14,Kanniyakumari,2025-10-27 09:49:43,1,31,20,3,1
TRN-ROW-00596,13,Thoothukudi,2025-11-19 10:58:36,4,4,64,2,0
TRN-ROW-00597,28,Pudukkottai,2025-05-06 10:18:50,14,15,24,6,1
TRN-ROW-00598,29,Sivaganga,2024-11-22 07:57:36,10,15,37,2,0
TRN-ROW-00599,11,Dindigul,2026-03-28 13:28:28,10,4,97,0,0
TRN-ROW-00600,28,Pudukkottai,2025-02-22 22:59:05,3,20,94,2,0
TRN-ROW-00601,29,Sivaganga,2024-08-22 22:57:10,1,18,92,1,0
TRN-ROW-00602,13,Thoothukudi,2025-06-07 07:57:33,9,38,32,1,1
TRN-ROW-00603,32,Theni,2025-12-12 14:39:13,8,27,53,2,0
TRN-ROW-00604,24,Nilgiris,2025-04-15 10:46:34,3,27,32,0,1
TRN-ROW-00605,21,Kallakurichi,2025-07-02 06:58:55,3,26,86,4,1
TRN-ROW-00606,19,Cuddalore,2025-04-26 05:15:44,13,30,70,0,0
TRN-ROW-00607,13,Thoothukudi,2025-03-31 09:31:50,7,1,8,0,0
TRN-ROW-00608,26,Ariyalur,2026-01-14 09:28:18,1,22,12,0,1
TRN-ROW-00609,13,Thoothukudi,2025-04-09 15:18:14,11,9,48,5,1
TRN-ROW-00610,10,Krishnagiri,2025-12-26 07:38:49,10,28,52,5,1
TRN-ROW-00611,17,Chengalpattu,2025-07-10 10:51:52,1,40,42,1,1
TRN-ROW-00612,16,Kancheepuram,2026-05-27 17:17:02,9,36,6,6,1
TRN-ROW-00613,31,Virudhunagar,2025-01-04 00:27:39,7,34,88,1,0
TRN-ROW-00614,14,Kanniyakumari,2025-10-14 00:07:40,9,4,31,6,1
TRN-ROW-00615,5,Tiruchirappalli,2025-12-31 15:03:51,6,35,77,3,1
TRN-ROW-00616,11,Dindigul,2024-12-24 22:01:17,0,4,27,6,1
TRN-ROW-00617,21,Kallakurichi,2025-12-04 19:31:46,10,29,80,1,0
TRN-ROW-00618,25,Karur,2026-01-14 01:34:59,13,27,25,2,1
TRN-ROW-00619,11,Dindigul,2026-04-14 09:45:32,13,22,21,1,1
TRN-ROW-00620,15,Tenkasi,2025-03-20 10:14:56,9,1,59,1,0
TRN-ROW-00621,20,Viluppuram,2025-01-25 12:40:50,11,37,46,0,1
TRN-ROW-00622,38,Tiruvannamalai,2024-08-20 07:11:05,4,14,52,5,1
TRN-ROW-00623,8,Tiruppur,2025-01-05 16:35:39,10,4,57,3,1
TRN-ROW-00624,35,Mayiladuthurai,2026-04-27 10:03:21,15,10,63,2,0
TRN-ROW-00625,18,Tiruvallur,2026-05-27 23:06:41,6,16,14,6,1
TRN-ROW-00626,6,Tirunelveli,2024-09-26 18:13:25,6,33,48,4,1
TRN-ROW-00627,11,Dindigul,2026-06-08 10:48:28,12,22,48,4,1
TRN-ROW-00628,29,Sivaganga,2025-10-26 03:00:47,1,29,74,5,1
TRN-ROW-00629,38,Tiruvannamalai,2025-09-02 02:46:03,12,28,29,5,1
TRN-ROW-00630,7,Erode,2025-08-02 01:06:00,15,8,98,1,0
TRN-ROW-00631,11,Dindigul,2024-09-04 04:13:04,6,26,69,2,0
TRN-ROW-00632,2,Coimbatore,2026-03-21 07:25:29,2,38,43,1,1
TRN-ROW-00633,28,Pudukkottai,2025-01-17 09:03:01,7,3,20,3,1
TRN-ROW-00634,4,Salem,2025-12-20 12:27:08,11,28,46,3,1
TRN-ROW-00635,22,Dharmapuri,2024-09-28 22:28:07,12,11,67,1,0
TRN-ROW-00636,13,Thoothukudi,2026-06-19 15:49:10,15,39,63,0,1
TRN-ROW-00637,19,Cuddalore,2024-10-22 08:56:30,3,33,96,4,1
TRN-ROW-00638,21,Kallakurichi,2025-12-26 06:37:50,7,7,74,3,1
TRN-ROW-00639,27,Perambalur,2024-10-17 08:32:11,13,36,49,6,1
TRN-ROW-00640,29,Sivaganga,2024-10-01 11:00:41,8,25,5,4,1
TRN-ROW-00641,35,Mayiladuthurai,2024-12-16 04:07:50,10,2,14,6,1
TRN-ROW-00642,26,Ariyalur,2026-04-01 07:15:59,10,8,68,1,0
TRN-ROW-00643,38,Tiruvannamalai,2025-07-24 14:38:36,4,28,51,5,1
TRN-ROW-00644,3,Madurai,2024-09-26 17:18:09,1,34,88,2,0
TRN-ROW-00645,1,Chennai,2024-09-30 22:21:13,11,9,53,2,0
TRN-ROW-00646,3,Madurai,2024-11-24 21:38:23,8,16,80,3,1
TRN-ROW-00647,24,Nilgiris,2025-12-19 10:34:51,2,27,97,5,1
TRN-ROW-00648,14,Kanniyakumari,2026-05-30 23:35:37,12,15,69,0,0
TRN-ROW-00649,20,Viluppuram,2025-09-12 21:24:44,13,36,33,0,1
TRN-ROW-00650,1,Chennai,2026-05-30 16:15:01,5,4,83,6,1
TRN-ROW-00651,30,Ramanathapuram,2026-02-14 10:51:17,5,27,8,4,1
TRN-ROW-00652,33,Thiruvarur,2024-12-25 23:15:13,3,26,72,4,1
TRN-ROW-00653,10,Krishnagiri,2025-08-21 18:28:08,9,22,26,3,1
TRN-ROW-00654,12,Thanjavur,2025-03-30 04:37:27,3,14,71,0,0
TRN-ROW-00655,5,Tiruchirappalli,2025-05-16 05:10:09,6,33,56,4,1
TRN-ROW-00656,3,Madurai,2025-08-15 20:16:40,15,20,78,6,1
TRN-ROW-00657,1,Chennai,2025-09-09 10:48:19,5,7,66,1,0
TRN-ROW-00658,35,Mayiladuthurai,2026-05-25 22:50:47,2,7,47,4,1
TRN-ROW-00659,24,Nilgiris,2025-08-17 12:39:36,3,7,68,5,1
TRN-ROW-00660,3,Madurai,2025-02-14 02:07:42,12,10,12,5,1
TRN-ROW-00661,23,Namakkal,2025-01-28 21:22:37,9,40,47,0,1
TRN-ROW-00662,7,Erode,2024-11-03 03:13:13,7,18,34,6,1
TRN-ROW-00663,2,Coimbatore,2025-08-25 04:26:52,11,35,99,0,0
TRN-ROW-00664,36,Ranipet,2025-02-10 16:23:03,13,29,45,5,1
TRN-ROW-00665,23,Namakkal,2025-01-19 16:03:23,9,7,94,4,1
TRN-ROW-00666,36,Ranipet,2025-08-21 17:33:46,5,32,99,0,0
TRN-ROW-00667,35,Mayiladuthurai,2026-03-04 15:55:34,0,17,28,4,1
TRN-ROW-00668,18,Tiruvallur,2026-02-26 21:14:04,8,39,57,4,1
TRN-ROW-00669,25,Karur,2025-01-26 09:30:47,15,23,50,4,1
TRN-ROW-00670,28,Pudukkottai,2024-11-30 02:57:21,13,24,64,3,1
TRN-ROW-00671,4,Salem,2025-01-03 10:46:31,3,18,22,2,1
TRN-ROW-00672,37,Tirupathur,2026-01-11 13:39:59,4,27,35,3,1
TRN-ROW-00673,15,Tenkasi,2024-12-04 06:06:39,3,9,28,0,0
TRN-ROW-00674,24,Nilgiris,2024-10-01 14:56:06,5,26,53,6,1
TRN-ROW-00675,23,Namakkal,2026-01-03 19:13:30,8,39,16,0,1
TRN-ROW-00676,25,Karur,2025-05-26 13:31:04,2,16,98,3,1
TRN-ROW-00677,16,Kancheepuram,2025-05-27 18:09:26,13,19,87,4,1
TRN-ROW-00678,30,Ramanathapuram,2025-11-03 22:04:28,11,12,70,4,1
TRN-ROW-00679,20,Viluppuram,2026-01-01 15:52:46,3,38,42,4,1
TRN-ROW-00680,14,Kanniyakumari,2026-03-24 21:55:40,8,36,50,1,1
TRN-ROW-00681,25,Karur,2024-10-08 09:22:53,11,25,66,5,1
TRN-ROW-00682,3,Madurai,2024-09-08 20:00:05,1,27,33,2,1
TRN-ROW-00683,31,Virudhunagar,2026-05-02 15:59:47,8,3,19,5,1
TRN-ROW-00684,31,Virudhunagar,2025-05-12 09:09:54,15,32,42,5,1
TRN-ROW-00685,15,Tenkasi,2026-02-11 12:44:43,13,31,70,1,0
TRN-ROW-00686,38,Tiruvannamalai,2025-05-16 09:36:46,9,31,84,0,0
TRN-ROW-00687,13,Thoothukudi,2025-04-25 19:38:42,8,28,71,1,0
TRN-ROW-00688,15,Tenkasi,2025-02-13 01:58:20,15,1,88,5,1
TRN-ROW-00689,32,Theni,2025-05-27 08:01:12,0,12,72,5,1
TRN-ROW-00690,35,Mayiladuthurai,2025-09-15 20:43:29,3,36,29,5,1
TRN-ROW-00691,4,Salem,2026-05-31 15:15:32,12,18,39,6,1
TRN-ROW-00692,27,Perambalur,2026-04-10 12:37:17,14,16,48,0,0
TRN-ROW-00693,28,Pudukkottai,2025-03-05 11:25:24,8,3,100,0,0
TRN-ROW-00694,18,Tiruvallur,2025-02-20 12:55:00,13,18,44,0,0
TRN-ROW-00695,17,Chengalpattu,2024-09-23 13:00:24,6,23,81,1,0
TRN-ROW-00696,3,Madurai,2026-04-05 11:14:28,9,18,78,5,1
TRN-ROW-00697,30,Ramanathapuram,2025-03-28 09:51:24,1,8,96,3,1
TRN-ROW-00698,11,Dindigul,2024-10-24 07:44:33,12,40,75,2,0
TRN-ROW-00699,15,Tenkasi,2025-05-15 07:35:25,0,36,21,1,1
TRN-ROW-00700,31,Virudhunagar,2024-11-03 21:18:03,8,4,89,0,0
TRN-ROW-00701,27,Perambalur,2024-09-10 16:27:51,3,14,25,1,0
TRN-ROW-00702,12,Thanjavur,2024-11-26 07:05:07,3,24,89,4,1
TRN-ROW-00703,21,Kallakurichi,2025-06-10 08:49:04,9,18,9,6,1
TRN-ROW-00704,29,Sivaganga,2025-03-06 16:15:21,15,19,30,0,1
TRN-ROW-00705,36,Ranipet,2026-04-22 03:46:07,5,30,9,0,1
TRN-ROW-00706,12,Thanjavur,2026-01-08 10:02:04,4,2,29,3,1
TRN-ROW-00707,16,Kancheepuram,2026-01-21 21:30:35,15,34,62,2,0
TRN-ROW-00708,23,Namakkal,2026-03-14 11:20:14,1,32,83,0,0
TRN-ROW-00709,21,Kallakurichi,2026-01-06 00:01:30,7,21,30,2,1
TRN-ROW-00710,25,Karur,2025-04-16 23:02:25,7,22,77,3,1
TRN-ROW-00711,31,Virudhunagar,2026-03-31 22:45:38,2,20,32,1,1
TRN-ROW-00712,10,Krishnagiri,2025-03-12 01:25:10,13,3,10,3,1
TRN-ROW-00713,33,Thiruvarur,2026-06-01 13:42:00,13,39,83,1,0
TRN-ROW-00714,14,Kanniyakumari,2025-11-20 17:06:47,15,28,32,2,1
TRN-ROW-00715,14,Kanniyakumari,2025-03-09 13:26:32,5,37,20,6,1
TRN-ROW-00716,27,Perambalur,2025-12-12 03:20:57,12,10,37,6,1
TRN-ROW-00717,36,Ranipet,2026-04-08 00:43:30,12,1,83,3,1
TRN-ROW-00718,12,Thanjavur,2025-11-05 03:27:00,11,24,17,6,1
TRN-ROW-00719,35,Mayiladuthurai,2026-05-06 11:56:33,9,26,5,4,1
TRN-ROW-00720,20,Viluppuram,2026-06-02 15:29:49,12,24,24,2,1
TRN-ROW-00721,25,Karur,2024-12-18 03:46:48,10,20,94,0,0
TRN-ROW-00722,33,Thiruvarur,2026-03-17 03:12:55,15,18,91,2,0
TRN-ROW-00723,21,Kallakurichi,2024-11-05 17:49:19,9,9,55,2,0
TRN-ROW-00724,31,Virudhunagar,2025-04-02 11:34:44,8,27,15,0,1
TRN-ROW-00725,7,Erode,2025-06-03 07:44:24,3,36,26,4,1
TRN-ROW-00726,29,Sivaganga,2025-11-23 21:31:27,10,2,8,6,1
TRN-ROW-00727,14,Kanniyakumari,2025-10-17 22:04:26,0,32,71,3,1
TRN-ROW-00728,18,Tiruvallur,2024-10-06 10:04:23,5,27,57,3,1
TRN-ROW-00729,32,Theni,2026-01-02 07:29:14,9,21,60,3,1
TRN-ROW-00730,13,Thoothukudi,2025-05-11 17:04:16,13,15,52,1,0
TRN-ROW-00731,15,Tenkasi,2025-07-08 02:23:35,9,23,59,4,1
TRN-ROW-00732,21,Kallakurichi,2026-01-28 15:07:24,3,37,89,4,1
TRN-ROW-00733,12,Thanjavur,2025-08-01 00:58:53,6,14,7,4,1
TRN-ROW-00734,27,Perambalur,2025-11-19 22:29:03,8,4,16,0,0
TRN-ROW-00735,35,Mayiladuthurai,2025-07-04 11:40:18,7,17,71,1,0
TRN-ROW-00736,38,Tiruvannamalai,2025-01-25 21:03:44,5,6,10,5,1
TRN-ROW-00737,8,Tiruppur,2025-10-19 03:46:28,6,11,51,4,1
TRN-ROW-00738,18,Tiruvallur,2025-09-04 07:58:25,9,36,28,4,1
TRN-ROW-00739,11,Dindigul,2026-02-28 08:24:41,5,8,99,6,1
TRN-ROW-00740,38,Tiruvannamalai,2025-12-13 03:20:13,5,40,17,4,1
TRN-ROW-00741,9,Vellore,2026-01-31 11:36:32,9,36,45,5,1
TRN-ROW-00742,18,Tiruvallur,2025-06-23 02:35:36,5,33,6,1,1
TRN-ROW-00743,14,Kanniyakumari,2025-11-02 13:50:02,4,36,17,1,1
TRN-ROW-00744,25,Karur,2025-09-15 08:18:04,14,2,62,4,1
TRN-ROW-00745,15,Tenkasi,2025-12-09 20:09:18,10,9,52,6,1
TRN-ROW-00746,17,Chengalpattu,2025-04-20 02:43:28,7,5,13,1,0
TRN-ROW-00747,30,Ramanathapuram,2026-05-03 16:11:54,8,12,73,6,1
TRN-ROW-00748,5,Tiruchirappalli,2025-01-22 12:09:33,3,17,8,5,1
TRN-ROW-00749,11,Dindigul,2024-12-03 04:50:01,3,13,84,4,1
TRN-ROW-00750,7,Erode,2025-07-21 16:31:58,9,18,32,1,0
TRN-ROW-00751,30,Ramanathapuram,2025-07-11 01:14:26,13,31,25,6,1
TRN-ROW-00752,15,Tenkasi,2025-02-27 12:24:25,8,34,33,6,1
TRN-ROW-00753,5,Tiruchirappalli,2025-12-16 03:12:38,0,23,47,2,0
TRN-ROW-00754,16,Kancheepuram,2024-09-18 17:24:36,1,14,64,2,0
TRN-ROW-00755,23,Namakkal,2025-01-01 11:58:42,0,8,31,4,1
TRN-ROW-00756,20,Viluppuram,2025-05-14 19:08:50,3,39,72,5,1
TRN-ROW-00757,10,Krishnagiri,2025-03-06 21:01:58,14,15,48,4,1
TRN-ROW-00758,14,Kanniyakumari,2025-03-19 18:37:02,5,13,56,2,0
TRN-ROW-00759,9,Vellore,2025-02-08 14:36:50,15,27,80,4,1
TRN-ROW-00760,12,Thanjavur,2025-06-27 16:14:53,6,20,91,5,1
TRN-ROW-00761,7,Erode,2026-02-20 08:00:40,0,20,66,1,0
TRN-ROW-00762,10,Krishnagiri,2025-06-18 18:12:56,11,4,20,4,1
TRN-ROW-00763,32,Theni,2024-11-29 16:52:35,1,33,47,1,1
TRN-ROW-00764,6,Tirunelveli,2025-09-28 03:03:50,7,1,91,0,0
TRN-ROW-00765,23,Namakkal,2025-05-21 11:37:26,15,25,47,2,0
TRN-ROW-00766,15,Tenkasi,2025-08-21 10:07:16,15,33,5,2,1
TRN-ROW-00767,36,Ranipet,2025-10-29 08:27:24,8,29,53,3,1
TRN-ROW-00768,37,Tirupathur,2024-09-10 04:14:31,14,9,89,3,1
TRN-ROW-00769,8,Tiruppur,2026-01-13 15:56:29,9,1,86,0,0
TRN-ROW-00770,2,Coimbatore,2025-09-13 00:43:11,13,20,26,2,1
TRN-ROW-00771,7,Erode,2026-04-16 10:15:23,13,38,27,6,1
TRN-ROW-00772,18,Tiruvallur,2024-11-29 05:54:15,4,12,31,6,1
TRN-ROW-00773,28,Pudukkottai,2026-01-08 14:37:21,6,32,76,4,1
TRN-ROW-00774,4,Salem,2026-02-15 00:05:51,11,25,86,5,1
TRN-ROW-00775,24,Nilgiris,2026-06-04 10:43:09,15,28,9,1,1
TRN-ROW-00776,9,Vellore,2025-06-15 12:29:27,9,5,29,5,1
TRN-ROW-00777,34,Nagapattinam,2024-10-25 15:14:46,10,37,74,4,1
TRN-ROW-00778,37,Tirupathur,2025-04-20 03:35:12,0,17,87,2,0
TRN-ROW-00779,2,Coimbatore,2026-05-26 01:02:54,5,28,40,0,1
TRN-ROW-00780,11,Dindigul,2025-10-03 12:46:51,8,32,98,1,0
TRN-ROW-00781,24,Nilgiris,2025-11-21 00:36:24,12,1,47,0,0
TRN-ROW-00782,24,Nilgiris,2025-12-07 17:20:28,11,17,35,0,0
TRN-ROW-00783,15,Tenkasi,2025-02-12 15:33:27,5,14,52,4,1
TRN-ROW-00784,36,Ranipet,2025-07-05 11:02:49,15,4,28,3,1
TRN-ROW-00785,1,Chennai,2025-09-29 18:26:27,10,25,58,2,0
TRN-ROW-00786,18,Tiruvallur,2026-01-19 11:32:59,0,27,58,3,1
TRN-ROW-00787,23,Namakkal,2024-12-04 03:49:00,11,9,52,1,0
TRN-ROW-00788,17,Chengalpattu,2025-10-17 06:36:22,6,25,94,5,1
TRN-ROW-00789,36,Ranipet,2025-09-11 21:28:13,14,28,78,5,1
TRN-ROW-00790,33,Thiruvarur,2025-02-01 15:04:30,4,11,84,3,1
TRN-ROW-00791,10,Krishnagiri,2025-04-13 17:49:44,2,15,54,4,1
TRN-ROW-00792,16,Kancheepuram,2025-04-28 15:48:10,11,3,52,2,0
TRN-ROW-00793,16,Kancheepuram,2024-10-24 12:31:08,14,21,24,6,1
TRN-ROW-00794,6,Tirunelveli,2025-04-05 02:15:40,10,20,60,6,1
TRN-ROW-00795,31,Virudhunagar,2024-12-27 18:13:18,1,11,73,2,0
TRN-ROW-00796,20,Viluppuram,2025-06-18 04:45:48,4,3,100,6,1
TRN-ROW-00797,24,Nilgiris,2026-06-08 01:03:03,14,39,67,4,1
TRN-ROW-00798,24,Nilgiris,2025-05-18 21:01:36,7,15,12,5,1
TRN-ROW-00799,26,Ariyalur,2025-07-30 19:59:12,4,20,22,1,1
TRN-ROW-00800,36,Ranipet,2025-02-01 02:25:47,7,13,93,3,1
TRN-ROW-00801,33,Thiruvarur,2025-10-21 17:30:28,13,26,24,1,1
TRN-ROW-00802,17,Chengalpattu,2024-10-24 10:34:41,11,32,30,2,1
TRN-ROW-00803,6,Tirunelveli,2026-03-10 22:06:18,7,35,29,4,1
TRN-ROW-00804,9,Vellore,2025-02-15 06:18:36,4,19,91,1,0
TRN-ROW-00805,15,Tenkasi,2025-11-03 12:19:48,3,28,37,3,1
TRN-ROW-00806,22,Dharmapuri,2026-01-02 18:22:08,11,23,49,2,0
TRN-ROW-00807,37,Tirupathur,2025-08-27 11:37:29,8,19,53,6,1
TRN-ROW-00808,31,Virudhunagar,2025-09-11 15:21:13,13,23,23,2,1
TRN-ROW-00809,37,Tirupathur,2025-01-30 20:52:12,11,24,9,3,1
TRN-ROW-00810,24,Nilgiris,2024-11-10 12:15:54,4,8,97,1,0
TRN-ROW-00811,25,Karur,2026-03-26 11:44:25,15,36,32,4,1
TRN-ROW-00812,17,Chengalpattu,2026-06-05 12:11:12,1,20,85,4,1
TRN-ROW-00813,26,Ariyalur,2025-12-24 23:23:56,8,10,69,3,1
TRN-ROW-00814,34,Nagapattinam,2025-01-31 11:44:33,6,40,48,1,1
TRN-ROW-00815,30,Ramanathapuram,2026-03-12 06:17:42,2,6,85,6,1
TRN-ROW-00816,15,Tenkasi,2025-11-09 18:18:38,12,40,50,6,1
TRN-ROW-00817,14,Kanniyakumari,2024-10-30 10:06:39,4,34,43,1,1
TRN-ROW-00818,22,Dharmapuri,2026-05-04 03:03:19,11,19,40,2,0
TRN-ROW-00819,3,Madurai,2026-06-06 17:38:53,2,10,77,4,1
TRN-ROW-00820,3,Madurai,2026-01-05 01:10:05,15,24,65,6,1
TRN-ROW-00821,15,Tenkasi,2026-05-11 00:47:29,7,16,67,2,0
TRN-ROW-00822,30,Ramanathapuram,2025-05-21 06:40:16,8,6,19,1,0
TRN-ROW-00823,17,Chengalpattu,2026-04-03 10:34:58,10,13,48,1,0
TRN-ROW-00824,2,Coimbatore,2025-04-27 01:36:43,6,25,97,3,1
TRN-ROW-00825,16,Kancheepuram,2026-04-04 15:21:10,6,22,83,0,0
TRN-ROW-00826,21,Kallakurichi,2025-04-22 09:08:16,3,37,80,4,1
TRN-ROW-00827,7,Erode,2026-02-17 03:50:02,14,6,19,1,0
TRN-ROW-00828,13,Thoothukudi,2025-12-12 15:24:14,3,1,85,0,0
TRN-ROW-00829,24,Nilgiris,2025-12-24 19:56:00,14,12,31,5,1
TRN-ROW-00830,6,Tirunelveli,2024-10-13 19:18:21,5,32,12,1,1
TRN-ROW-00831,35,Mayiladuthurai,2025-10-14 04:11:52,12,36,89,2,0
TRN-ROW-00832,27,Perambalur,2026-02-19 19:40:48,8,7,98,5,1
TRN-ROW-00833,18,Tiruvallur,2025-11-26 23:37:41,13,8,88,6,1
TRN-ROW-00834,29,Sivaganga,2024-12-19 23:05:01,12,24,26,6,1
TRN-ROW-00835,7,Erode,2024-10-20 23:00:41,0,23,28,6,1
TRN-ROW-00836,27,Perambalur,2025-04-06 13:29:48,9,21,34,0,1
TRN-ROW-00837,21,Kallakurichi,2025-03-22 03:24:40,5,12,57,3,1
TRN-ROW-00838,30,Ramanathapuram,2024-11-30 20:39:40,4,23,16,6,1
TRN-ROW-00839,8,Tiruppur,2026-01-28 15:12:24,12,5,81,1,0
TRN-ROW-00840,1,Chennai,2026-04-13 01:29:36,0,13,88,5,1
TRN-ROW-00841,19,Cuddalore,2025-07-02 16:27:23,2,30,54,2,0
TRN-ROW-00842,21,Kallakurichi,2025-12-09 14:20:21,10,27,50,1,0
TRN-ROW-00843,4,Salem,2025-10-20 17:25:44,12,32,32,5,1
TRN-ROW-00844,29,Sivaganga,2024-12-12 19:34:19,0,3,85,5,1
TRN-ROW-00845,31,Virudhunagar,2025-10-15 13:23:08,7,35,9,4,1
TRN-ROW-00846,35,Mayiladuthurai,2025-01-07 13:25:41,2,12,5,6,1
TRN-ROW-00847,34,Nagapattinam,2025-04-05 07:22:36,11,36,49,6,1
TRN-ROW-00848,31,Virudhunagar,2025-07-17 08:24:38,1,9,22,0,0
TRN-ROW-00849,13,Thoothukudi,2026-01-16 14:32:11,12,14,72,4,1
TRN-ROW-00850,11,Dindigul,2025-01-01 08:21:08,14,4,78,1,0
TRN-ROW-00851,25,Karur,2024-11-30 10:26:28,5,33,35,1,1
TRN-ROW-00852,21,Kallakurichi,2025-10-01 11:51:30,1,36,53,1,1
TRN-ROW-00853,19,Cuddalore,2024-11-10 11:16:17,15,24,83,0,0
TRN-ROW-00854,16,Kancheepuram,2024-09-04 01:23:25,12,4,59,6,1
TRN-ROW-00855,25,Karur,2024-10-05 16:41:16,14,20,16,2,1
TRN-ROW-00856,8,Tiruppur,2025-03-22 09:33:55,5,15,73,4,1
TRN-ROW-00857,7,Erode,2026-04-17 18:40:21,4,24,99,5,1
TRN-ROW-00858,10,Krishnagiri,2026-05-07 02:13:07,6,11,87,1,0
TRN-ROW-00859,10,Krishnagiri,2025-02-06 10:31:40,14,38,81,1,0
TRN-ROW-00860,17,Chengalpattu,2026-04-14 04:45:52,3,28,30,3,1
TRN-ROW-00861,1,Chennai,2026-02-07 15:20:07,5,35,95,5,1
TRN-ROW-00862,17,Chengalpattu,2025-04-25 11:52:43,14,10,60,4,1
TRN-ROW-00863,29,Sivaganga,2025-06-09 02:26:32,2,1,73,4,1
TRN-ROW-00864,32,Theni,2025-09-16 08:02:08,1,11,65,3,1
TRN-ROW-00865,34,Nagapattinam,2025-09-05 03:31:06,3,24,38,0,1
TRN-ROW-00866,22,Dharmapuri,2025-04-18 07:34:14,14,4,16,3,1
TRN-ROW-00867,28,Pudukkottai,2025-08-21 09:17:33,7,12,97,0,0
TRN-ROW-00868,2,Coimbatore,2026-03-26 10:33:49,12,6,32,2,0
TRN-ROW-00869,23,Namakkal,2025-03-21 19:46:13,14,38,91,2,0
TRN-ROW-00870,38,Tiruvannamalai,2024-12-14 08:45:46,8,19,78,6,1
TRN-ROW-00871,28,Pudukkottai,2025-02-23 05:55:03,8,38,48,3,1
TRN-ROW-00872,32,Theni,2025-08-02 03:36:09,4,14,72,6,1
TRN-ROW-00873,34,Nagapattinam,2024-11-15 00:58:19,9,21,39,5,1
TRN-ROW-00874,19,Cuddalore,2026-03-30 08:22:39,3,26,8,0,1
TRN-ROW-00875,4,Salem,2025-06-19 16:14:41,13,25,68,1,0
TRN-ROW-00876,9,Vellore,2026-01-06 10:18:23,2,10,20,0,0
TRN-ROW-00877,38,Tiruvannamalai,2025-07-05 23:35:15,6,29,52,2,0
TRN-ROW-00878,38,Tiruvannamalai,2025-08-27 05:53:50,2,38,75,0,0
TRN-ROW-00879,10,Krishnagiri,2025-11-16 06:58:44,6,40,49,3,1
TRN-ROW-00880,1,Chennai,2026-06-11 07:23:27,13,4,46,0,0
TRN-ROW-00881,15,Tenkasi,2025-10-13 05:23:02,12,20,89,4,1
TRN-ROW-00882,4,Salem,2025-06-01 03:30:43,13,15,64,1,0
TRN-ROW-00883,24,Nilgiris,2025-03-28 10:46:06,11,6,6,2,1
TRN-ROW-00884,20,Viluppuram,2026-02-22 09:50:18,15,6,100,5,1
TRN-ROW-00885,8,Tiruppur,2025-05-27 04:30:36,13,16,46,6,1
TRN-ROW-00886,15,Tenkasi,2026-06-10 01:57:49,15,13,22,1,0
TRN-ROW-00887,25,Karur,2025-12-23 12:41:13,15,2,25,2,0
TRN-ROW-00888,1,Chennai,2026-01-29 17:30:09,10,21,9,1,1
TRN-ROW-00889,28,Pudukkottai,2026-06-15 02:04:09,14,37,88,1,0
TRN-ROW-00890,1,Chennai,2025-12-03 22:09:50,0,20,65,0,0
TRN-ROW-00891,23,Namakkal,2025-01-20 05:24:33,13,39,95,5,1
TRN-ROW-00892,38,Tiruvannamalai,2025-06-30 07:44:13,3,22,72,5,1
TRN-ROW-00893,2,Coimbatore,2025-01-07 16:14:47,6,38,6,0,1
TRN-ROW-00894,2,Coimbatore,2024-09-14 06:03:17,12,21,87,5,1
TRN-ROW-00895,36,Ranipet,2024-10-23 23:50:13,6,22,24,1,1
TRN-ROW-00896,14,Kanniyakumari,2024-09-23 12:16:23,4,19,49,3,1
TRN-ROW-00897,1,Chennai,2026-03-02 12:49:31,2,2,93,5,1
TRN-ROW-00898,15,Tenkasi,2025-08-29 03:03:16,8,31,11,5,1
TRN-ROW-00899,33,Thiruvarur,2024-09-11 20:52:44,9,24,41,5,1
TRN-ROW-00900,21,Kallakurichi,2024-10-03 22:52:44,15,9,87,5,1
TRN-ROW-00901,25,Karur,2025-10-10 00:38:44,15,32,49,6,1
TRN-ROW-00902,35,Mayiladuthurai,2025-12-06 13:01:47,9,1,48,0,0
TRN-ROW-00903,37,Tirupathur,2026-01-31 21:29:14,10,4,81,3,1
TRN-ROW-00904,18,Tiruvallur,2025-11-11 13:27:42,7,8,15,6,1
TRN-ROW-00905,6,Tirunelveli,2026-01-05 05:53:44,11,7,83,4,1
TRN-ROW-00906,31,Virudhunagar,2024-10-30 09:26:16,0,20,78,5,1
TRN-ROW-00907,33,Thiruvarur,2026-04-23 15:36:07,3,6,12,5,1
TRN-ROW-00908,17,Chengalpattu,2026-05-13 00:55:46,12,37,85,6,1
TRN-ROW-00909,22,Dharmapuri,2024-09-30 05:36:47,13,27,12,3,1
TRN-ROW-00910,29,Sivaganga,2025-06-12 00:46:57,15,35,56,1,1
TRN-ROW-00911,2,Coimbatore,2025-01-26 19:09:38,11,32,22,2,1
TRN-ROW-00912,2,Coimbatore,2025-12-17 13:51:10,3,19,95,4,1
TRN-ROW-00913,34,Nagapattinam,2026-06-14 19:52:01,11,25,34,3,1
TRN-ROW-00914,10,Krishnagiri,2026-04-01 05:14:25,8,15,23,6,1
TRN-ROW-00915,2,Coimbatore,2025-12-18 15:22:13,7,14,32,0,0
TRN-ROW-00916,23,Namakkal,2025-02-26 09:41:24,8,26,39,2,1
TRN-ROW-00917,34,Nagapattinam,2025-06-17 16:05:45,9,10,38,2,0
TRN-ROW-00918,19,Cuddalore,2026-04-10 17:25:41,11,31,75,6,1
TRN-ROW-00919,22,Dharmapuri,2025-11-11 15:01:19,8,32,20,0,1
TRN-ROW-00920,32,Theni,2025-01-29 06:24:45,2,36,60,1,1
TRN-ROW-00921,18,Tiruvallur,2024-08-29 13:35:34,7,13,31,4,1
TRN-ROW-00922,8,Tiruppur,2024-09-08 07:08:17,13,28,20,6,1
TRN-ROW-00923,37,Tirupathur,2026-04-10 13:43:59,8,4,28,6,1
TRN-ROW-00924,30,Ramanathapuram,2025-03-09 21:52:27,11,3,85,3,1
TRN-ROW-00925,19,Cuddalore,2026-01-29 03:06:41,12,28,72,4,1
TRN-ROW-00926,12,Thanjavur,2026-05-23 00:24:19,0,24,51,6,1
TRN-ROW-00927,20,Viluppuram,2026-04-10 13:24:24,8,37,98,5,1
TRN-ROW-00928,38,Tiruvannamalai,2024-10-30 01:36:34,5,34,79,1,0
TRN-ROW-00929,33,Thiruvarur,2025-08-08 17:29:26,5,8,80,1,0
TRN-ROW-00930,38,Tiruvannamalai,2025-03-05 16:23:08,12,33,74,3,1
TRN-ROW-00931,4,Salem,2025-08-24 12:57:35,13,3,84,5,1
TRN-ROW-00932,31,Virudhunagar,2024-09-16 04:13:43,5,11,37,2,0
TRN-ROW-00933,34,Nagapattinam,2025-05-09 03:11:33,6,20,19,2,1
TRN-ROW-00934,37,Tirupathur,2025-01-11 13:45:13,12,15,24,1,1
TRN-ROW-00935,29,Sivaganga,2026-05-22 23:56:41,11,4,92,2,0
TRN-ROW-00936,13,Thoothukudi,2025-04-05 02:33:56,4,2,69,4,1
TRN-ROW-00937,16,Kancheepuram,2026-02-17 20:46:20,11,37,32,5,1
TRN-ROW-00938,31,Virudhunagar,2025-03-10 02:59:33,14,36,94,1,0
TRN-ROW-00939,21,Kallakurichi,2026-06-13 04:19:39,3,3,80,5,1
TRN-ROW-00940,13,Thoothukudi,2024-11-10 19:13:33,6,33,81,1,0
TRN-ROW-00941,31,Virudhunagar,2025-07-31 08:25:29,8,30,43,4,1
TRN-ROW-00942,10,Krishnagiri,2025-12-30 08:14:52,0,36,98,1,0
TRN-ROW-00943,19,Cuddalore,2026-01-03 01:27:59,1,40,42,0,1
TRN-ROW-00944,35,Mayiladuthurai,2026-03-03 23:41:07,10,32,37,2,1
TRN-ROW-00945,8,Tiruppur,2026-05-13 07:46:34,14,9,35,3,1
TRN-ROW-00946,8,Tiruppur,2025-08-26 07:12:58,12,3,41,4,1
TRN-ROW-00947,16,Kancheepuram,2025-03-16 17:20:19,11,33,24,6,1
TRN-ROW-00948,3,Madurai,2025-10-09 11:57:44,5,16,80,1,0
TRN-ROW-00949,19,Cuddalore,2026-05-09 20:07:53,3,9,36,3,1
TRN-ROW-00950,28,Pudukkottai,2025-05-17 05:04:29,11,2,75,3,1
TRN-ROW-00951,38,Tiruvannamalai,2025-04-21 12:52:42,0,35,86,6,1
TRN-ROW-00952,8,Tiruppur,2025-10-07 02:02:59,4,31,61,5,1
TRN-ROW-00953,30,Ramanathapuram,2026-02-08 09:04:05,4,34,89,4,1
TRN-ROW-00954,24,Nilgiris,2025-08-09 08:16:12,0,25,13,2,1
TRN-ROW-00955,22,Dharmapuri,2025-05-05 04:34:50,14,14,94,5,1
TRN-ROW-00956,30,Ramanathapuram,2024-10-27 10:56:55,6,26,87,4,1
TRN-ROW-00957,25,Karur,2024-10-10 00:55:52,8,15,5,5,1
TRN-ROW-00958,6,Tirunelveli,2025-06-22 07:27:10,2,9,67,5,1
TRN-ROW-00959,15,Tenkasi,2025-05-09 19:52:40,3,35,67,1,0
TRN-ROW-00960,19,Cuddalore,2025-06-30 00:27:56,12,11,89,0,0
TRN-ROW-00961,4,Salem,2026-01-20 01:30:00,2,23,49,5,1
TRN-ROW-00962,38,Tiruvannamalai,2026-05-05 09:26:26,8,22,48,6,1
TRN-ROW-00963,9,Vellore,2026-06-06 01:04:30,14,20,7,1,1
TRN-ROW-00964,8,Tiruppur,2025-07-28 00:19:41,12,31,27,0,1
TRN-ROW-00965,24,Nilgiris,2025-03-22 19:48:33,0,12,95,4,1
TRN-ROW-00966,33,Thiruvarur,2026-01-11 06:03:36,0,1,60,4,1
TRN-ROW-00967,26,Ariyalur,2026-03-15 13:39:56,13,26,5,3,1
TRN-ROW-00968,1,Chennai,2025-02-21 14:54:50,10,19,21,2,1
TRN-ROW-00969,13,Thoothukudi,2025-02-13 14:05:51,1,33,77,0,0
TRN-ROW-00970,4,Salem,2025-09-22 11:12:11,8,27,76,3,1
TRN-ROW-00971,33,Thiruvarur,2025-05-25 19:55:55,2,33,51,0,1
TRN-ROW-00972,16,Kancheepuram,2025-04-18 00:52:16,10,24,35,5,1
TRN-ROW-00973,5,Tiruchirappalli,2025-01-24 22:00:31,15,17,27,0,1
TRN-ROW-00974,37,Tirupathur,2024-09-23 13:27:07,0,11,91,0,0
TRN-ROW-00975,7,Erode,2025-10-12 02:49:41,7,27,15,4,1
TRN-ROW-00976,23,Namakkal,2025-01-22 14:41:25,7,12,52,2,0
TRN-ROW-00977,25,Karur,2025-02-08 10:48:40,7,31,72,1,0
TRN-ROW-00978,6,Tirunelveli,2025-11-30 01:03:55,12,36,81,5,1
TRN-ROW-00979,38,Tiruvannamalai,2025-11-06 20:16:03,14,24,26,5,1
TRN-ROW-00980,21,Kallakurichi,2026-06-16 03:52:01,15,35,81,6,1
TRN-ROW-00981,36,Ranipet,2025-03-07 07:55:59,3,31,61,6,1
TRN-ROW-00982,31,Virudhunagar,2024-10-28 00:46:36,5,24,73,3,1
TRN-ROW-00983,32,Theni,2024-11-23 19:00:46,15,36,5,2,1
TRN-ROW-00984,30,Ramanathapuram,2024-09-20 12:06:51,2,25,20,1,1
TRN-ROW-00985,36,Ranipet,2025-10-07 00:46:51,14,28,92,4,1
TRN-ROW-00986,5,Tiruchirappalli,2024-09-28 15:46:12,0,14,74,6,1
TRN-ROW-00987,38,Tiruvannamalai,2024-11-03 04:48:50,1,6,33,3,1
TRN-ROW-00988,34,Nagapattinam,2025-10-21 20:05:49,6,3,99,4,1
TRN-ROW-00989,31,Virudhunagar,2025-09-14 17:34:33,13,37,61,0,1
TRN-ROW-00990,26,Ariyalur,2025-08-20 17:51:17,3,21,30,0,1
TRN-ROW-00991,4,Salem,2024-11-02 21:32:34,6,5,28,4,1
TRN-ROW-00992,16,Kancheepuram,2025-07-08 16:47:00,14,22,45,1,0
TRN-ROW-00993,15,Tenkasi,2025-08-09 21:15:55,4,33,51,4,1
TRN-ROW-00994,12,Thanjavur,2025-12-27 01:37:31,11,29,48,1,1
TRN-ROW-00995,14,Kanniyakumari,2026-04-14 17:29:19,8,12,66,6,1
TRN-ROW-00996,28,Pudukkottai,2026-05-02 09:29:20,6,9,96,6,1
TRN-ROW-00997,27,Perambalur,2025-03-07 07:33:36,5,11,77,5,1
TRN-ROW-00998,35,Mayiladuthurai,2024-11-28 19:55:56,10,11,63,3,1
TRN-ROW-00999,15,Tenkasi,2026-01-08 03:28:01,4,5,88,3,1
TRN-ROW-01000,29,Sivaganga,2024-08-29 19:00:47,14,32,6,1,1
TRN-ROW-01001,6,Tirunelveli,2024-12-14 13:22:09,9,28,30,2,1
TRN-ROW-01002,17,Chengalpattu,2024-12-21 06:54:15,5,39,13,3,1
TRN-ROW-01003,20,Viluppuram,2025-09-13 01:11:44,7,40,36,3,1
TRN-ROW-01004,11,Dindigul,2025-03-22 04:42:49,15,40,67,6,1
TRN-ROW-01005,12,Thanjavur,2025-03-19 19:17:45,9,16,61,0,0
TRN-ROW-01006,16,Kancheepuram,2025-12-04 02:04:16,12,6,64,2,0
TRN-ROW-01007,4,Salem,2026-02-01 04:51:42,0,25,43,2,0
TRN-ROW-01008,18,Tiruvallur,2025-05-27 23:28:49,1,21,33,0,1
TRN-ROW-01009,31,Virudhunagar,2025-10-30 10:25:51,9,22,51,2,0
TRN-ROW-01010,14,Kanniyakumari,2025-10-10 17:33:42,10,38,25,1,1
TRN-ROW-01011,2,Coimbatore,2024-09-03 04:06:20,4,32,21,3,1
TRN-ROW-01012,26,Ariyalur,2025-12-26 16:27:31,8,40,53,4,1
TRN-ROW-01013,21,Kallakurichi,2026-05-07 18:31:07,5,32,84,4,1
TRN-ROW-01014,15,Tenkasi,2026-06-03 06:49:34,10,23,13,2,1
TRN-ROW-01015,36,Ranipet,2025-09-24 12:22:33,8,38,79,0,0
TRN-ROW-01016,17,Chengalpattu,2024-09-15 09:11:43,15,22,64,4,1
TRN-ROW-01017,33,Thiruvarur,2026-05-21 06:19:03,9,27,95,2,0
TRN-ROW-01018,17,Chengalpattu,2025-02-25 20:01:01,4,32,84,0,0
TRN-ROW-01019,30,Ramanathapuram,2025-06-11 10:12:52,1,29,10,1,1
TRN-ROW-01020,20,Viluppuram,2026-06-16 00:06:16,6,32,97,1,0
TRN-ROW-01021,21,Kallakurichi,2025-09-10 10:54:56,3,10,39,1,0
TRN-ROW-01022,8,Tiruppur,2024-11-03 11:53:31,4,26,39,6,1
TRN-ROW-01023,9,Vellore,2026-05-22 07:43:44,6,4,54,3,1
TRN-ROW-01024,11,Dindigul,2026-06-07 18:55:06,8,38,55,0,1
TRN-ROW-01025,18,Tiruvallur,2025-05-08 23:31:51,1,6,36,5,1
TRN-ROW-01026,10,Krishnagiri,2026-04-18 11:38:27,1,27,77,3,1
TRN-ROW-01027,32,Theni,2026-03-29 03:21:35,12,32,19,3,1
TRN-ROW-01028,20,Viluppuram,2024-12-31 19:17:39,8,35,5,0,1
TRN-ROW-01029,16,Kancheepuram,2026-03-05 11:47:00,4,1,43,0,0
TRN-ROW-01030,23,Namakkal,2025-01-27 22:28:12,10,39,49,3,1
TRN-ROW-01031,4,Salem,2025-10-26 18:37:30,14,33,99,1,0
TRN-ROW-01032,1,Chennai,2025-11-13 18:20:47,1,37,52,3,1
TRN-ROW-01033,5,Tiruchirappalli,2026-04-20 15:47:57,1,23,43,5,1
TRN-ROW-01034,34,Nagapattinam,2024-08-31 00:56:48,0,40,43,2,1
TRN-ROW-01035,13,Thoothukudi,2025-01-15 16:00:53,0,6,17,2,0
TRN-ROW-01036,19,Cuddalore,2025-03-20 02:16:49,6,22,52,0,0
TRN-ROW-01037,37,Tirupathur,2026-06-04 10:53:00,8,3,80,5,1
TRN-ROW-01038,5,Tiruchirappalli,2025-11-25 15:57:25,11,14,84,3,1
TRN-ROW-01039,3,Madurai,2025-07-30 22:58:47,13,4,50,1,0
TRN-ROW-01040,1,Chennai,2025-05-31 14:01:22,1,26,65,5,1
TRN-ROW-01041,9,Vellore,2024-09-03 13:30:09,7,39,79,0,0
TRN-ROW-01042,22,Dharmapuri,2025-08-08 09:11:12,10,19,44,5,1
TRN-ROW-01043,11,Dindigul,2025-11-09 20:22:41,10,2,72,6,1
TRN-ROW-01044,8,Tiruppur,2025-09-23 08:27:36,12,25,59,4,1
TRN-ROW-01045,19,Cuddalore,2025-08-03 03:29:55,13,39,59,0,1
TRN-ROW-01046,1,Chennai,2025-11-19 20:03:56,8,37,63,3,1
TRN-ROW-01047,2,Coimbatore,2025-07-05 05:04:21,0,33,67,4,1
TRN-ROW-01048,31,Virudhunagar,2025-09-22 23:52:32,0,35,22,0,1
TRN-ROW-01049,24,Nilgiris,2024-12-13 18:25:52,1,10,28,6,1
TRN-ROW-01050,24,Nilgiris,2025-12-14 17:12:28,14,21,6,5,1
TRN-ROW-01051,35,Mayiladuthurai,2025-03-22 07:21:26,14,1,34,6,1
TRN-ROW-01052,6,Tirunelveli,2025-12-14 04:33:02,13,37,39,5,1
TRN-ROW-01053,4,Salem,2026-01-26 09:24:57,3,30,21,5,1
TRN-ROW-01054,10,Krishnagiri,2025-05-06 08:44:31,15,25,40,4,1
TRN-ROW-01055,12,Thanjavur,2024-12-28 09:44:15,8,38,6,4,1
TRN-ROW-01056,32,Theni,2024-11-19 07:34:39,5,28,11,6,1
TRN-ROW-01057,34,Nagapattinam,2026-01-27 04:47:03,2,18,65,5,1
TRN-ROW-01058,9,Vellore,2025-02-17 10:06:01,4,22,94,0,0
TRN-ROW-01059,8,Tiruppur,2026-02-27 03:36:44,7,39,72,4,1
TRN-ROW-01060,8,Tiruppur,2025-09-04 08:14:18,7,38,94,2,0
TRN-ROW-01061,37,Tirupathur,2025-04-10 03:03:30,15,3,78,3,1
TRN-ROW-01062,13,Thoothukudi,2026-04-26 07:22:35,1,26,96,4,1
TRN-ROW-01063,11,Dindigul,2025-09-23 00:23:30,12,15,52,6,1
TRN-ROW-01064,20,Viluppuram,2025-01-22 05:49:32,4,9,65,4,1
TRN-ROW-01065,24,Nilgiris,2025-11-04 23:10:04,12,16,78,6,1
TRN-ROW-01066,2,Coimbatore,2024-11-28 16:48:05,15,27,60,3,1
TRN-ROW-01067,10,Krishnagiri,2025-12-04 13:15:44,1,9,26,4,1
TRN-ROW-01068,2,Coimbatore,2025-07-24 09:32:57,14,32,29,1,1
TRN-ROW-01069,37,Tirupathur,2024-09-06 12:14:46,3,8,57,4,1
TRN-ROW-01070,9,Vellore,2026-02-07 03:16:42,2,6,56,4,1
TRN-ROW-01071,14,Kanniyakumari,2025-12-30 13:16:47,5,40,89,6,1
TRN-ROW-01072,3,Madurai,2025-01-05 19:29:15,14,32,34,4,1
TRN-ROW-01073,25,Karur,2024-09-08 07:14:39,11,36,83,3,1
TRN-ROW-01074,3,Madurai,2026-06-15 19:59:56,5,10,80,1,0
TRN-ROW-01075,38,Tiruvannamalai,2025-01-07 10:05:46,3,31,6,3,1
TRN-ROW-01076,24,Nilgiris,2024-11-30 23:35:09,6,6,63,0,0
TRN-ROW-01077,2,Coimbatore,2026-05-22 21:57:44,1,27,24,5,1
TRN-ROW-01078,1,Chennai,2026-01-22 20:05:29,14,33,15,2,1
TRN-ROW-01079,6,Tirunelveli,2025-12-03 14:57:48,3,11,29,2,0
TRN-ROW-01080,7,Erode,2026-01-07 07:16:38,14,2,70,2,0
TRN-ROW-01081,13,Thoothukudi,2024-09-26 11:47:02,11,17,96,3,1
TRN-ROW-01082,17,Chengalpattu,2026-02-05 13:23:57,0,19,40,0,0
TRN-ROW-01083,7,Erode,2026-02-20 13:32:31,5,10,57,4,1
TRN-ROW-01084,12,Thanjavur,2025-10-22 12:27:53,4,4,100,3,1
TRN-ROW-01085,29,Sivaganga,2025-02-25 11:57:52,5,25,30,4,1
TRN-ROW-01086,22,Dharmapuri,2025-10-27 14:12:37,12,32,55,1,0
TRN-ROW-01087,12,Thanjavur,2025-01-25 11:42:54,10,8,54,5,1
TRN-ROW-01088,38,Tiruvannamalai,2025-05-17 21:43:54,7,19,98,3,1
TRN-ROW-01089,34,Nagapattinam,2024-12-26 06:50:58,7,21,52,5,1
TRN-ROW-01090,8,Tiruppur,2026-04-29 08:05:32,10,29,25,3,1
TRN-ROW-01091,23,Namakkal,2026-06-07 08:13:00,5,38,21,1,1
TRN-ROW-01092,4,Salem,2025-02-23 09:15:36,15,29,95,5,1
TRN-ROW-01093,15,Tenkasi,2024-10-06 17:24:13,4,40,68,3,1
TRN-ROW-01094,26,Ariyalur,2024-12-31 22:51:09,1,6,95,5,1
TRN-ROW-01095,5,Tiruchirappalli,2025-11-27 19:35:35,6,26,89,5,1
TRN-ROW-01096,36,Ranipet,2025-03-11 21:56:31,9,9,70,1,0
TRN-ROW-01097,7,Erode,2025-03-01 08:54:17,10,31,65,5,1
TRN-ROW-01098,17,Chengalpattu,2026-04-04 18:08:59,9,14,28,5,1
TRN-ROW-01099,17,Chengalpattu,2025-07-09 08:42:59,15,32,33,2,1
TRN-ROW-01100,37,Tirupathur,2025-04-05 20:56:16,10,31,96,2,0
TRN-ROW-01101,19,Cuddalore,2025-10-19 10:15:57,11,40,70,2,0
TRN-ROW-01102,30,Ramanathapuram,2026-06-20 07:47:15,6,37,52,1,1
TRN-ROW-01103,31,Virudhunagar,2024-11-30 05:23:18,7,10,6,5,1
TRN-ROW-01104,1,Chennai,2025-07-18 07:11:57,13,21,9,3,1
TRN-ROW-01105,13,Thoothukudi,2025-09-30 08:50:03,13,26,52,4,1
TRN-ROW-01106,8,Tiruppur,2024-09-14 22:30:02,4,22,14,0,1
TRN-ROW-01107,23,Namakkal,2026-04-18 18:07:30,2,2,88,1,0
TRN-ROW-01108,33,Thiruvarur,2024-09-18 03:32:40,6,40,51,5,1
TRN-ROW-01109,24,Nilgiris,2026-04-14 07:38:13,14,23,13,2,1
TRN-ROW-01110,38,Tiruvannamalai,2026-05-08 21:35:39,0,5,86,0,0
TRN-ROW-01111,31,Virudhunagar,2026-03-09 09:20:18,12,23,79,1,0
TRN-ROW-01112,25,Karur,2025-06-03 22:48:04,1,26,67,4,1
TRN-ROW-01113,6,Tirunelveli,2025-08-11 23:15:23,1,27,20,3,1
TRN-ROW-01114,24,Nilgiris,2026-02-09 05:48:39,11,13,68,6,1
TRN-ROW-01115,37,Tirupathur,2026-02-03 00:23:41,10,21,13,0,1
TRN-ROW-01116,35,Mayiladuthurai,2024-08-31 07:25:05,7,2,41,0,0
TRN-ROW-01117,23,Namakkal,2024-09-17 12:28:27,7,9,88,6,1
TRN-ROW-01118,34,Nagapattinam,2025-12-29 13:27:35,9,4,58,6,1
TRN-ROW-01119,4,Salem,2025-12-19 08:10:49,7,21,60,5,1
TRN-ROW-01120,21,Kallakurichi,2024-12-16 02:15:19,3,12,30,4,1
TRN-ROW-01121,22,Dharmapuri,2025-07-21 16:54:43,5,19,14,4,1
TRN-ROW-01122,32,Theni,2025-04-06 15:08:57,3,14,96,0,0
TRN-ROW-01123,10,Krishnagiri,2026-05-02 11:36:31,15,25,26,5,1
TRN-ROW-01124,13,Thoothukudi,2024-12-27 22:57:37,7,27,85,5,1
TRN-ROW-01125,3,Madurai,2026-04-19 02:49:22,6,29,71,1,0
TRN-ROW-01126,19,Cuddalore,2025-04-22 08:25:16,15,7,96,0,0
TRN-ROW-01127,35,Mayiladuthurai,2026-01-05 01:55:24,2,27,10,3,1
TRN-ROW-01128,8,Tiruppur,2026-02-15 12:00:23,7,1,12,2,0
TRN-ROW-01129,35,Mayiladuthurai,2024-11-12 17:27:25,10,25,9,0,1
TRN-ROW-01130,18,Tiruvallur,2025-04-21 02:40:32,11,35,100,3,1
TRN-ROW-01131,32,Theni,2025-10-18 23:35:17,7,40,93,2,0
TRN-ROW-01132,25,Karur,2025-11-29 19:54:47,5,29,6,2,1
TRN-ROW-01133,30,Ramanathapuram,2025-02-14 07:43:36,14,37,60,3,1
TRN-ROW-01134,3,Madurai,2024-12-25 08:34:03,9,8,54,5,1
TRN-ROW-01135,5,Tiruchirappalli,2025-07-06 12:29:51,14,8,44,0,0
TRN-ROW-01136,15,Tenkasi,2025-02-28 00:48:38,7,2,27,3,1
TRN-ROW-01137,1,Chennai,2024-11-21 01:38:15,2,28,82,6,1
TRN-ROW-01138,20,Viluppuram,2024-09-08 08:05:10,4,10,55,6,1
TRN-ROW-01139,12,Thanjavur,2024-11-06 03:34:16,0,28,70,5,1
TRN-ROW-01140,16,Kancheepuram,2025-07-23 21:14:10,11,20,35,3,1
TRN-ROW-01141,16,Kancheepuram,2026-02-16 19:22:13,1,29,85,3,1
TRN-ROW-01142,13,Thoothukudi,2024-11-12 07:05:45,1,32,74,6,1
TRN-ROW-01143,22,Dharmapuri,2025-01-07 11:11:19,2,40,99,2,0
TRN-ROW-01144,7,Erode,2025-05-07 13:23:41,3,9,89,5,1
TRN-ROW-01145,32,Theni,2026-03-10 13:04:15,12,39,24,1,1
TRN-ROW-01146,6,Tirunelveli,2026-02-11 11:24:41,13,3,91,3,1
TRN-ROW-01147,19,Cuddalore,2025-02-11 23:43:57,2,35,62,6,1
TRN-ROW-01148,1,Chennai,2025-12-04 23:04:01,6,17,56,0,0
TRN-ROW-01149,24,Nilgiris,2025-12-27 19:10:31,15,22,97,4,1
TRN-ROW-01150,15,Tenkasi,2024-11-21 08:28:54,0,34,38,3,1
TRN-ROW-01151,21,Kallakurichi,2025-07-06 22:00:07,4,23,11,2,1
TRN-ROW-01152,11,Dindigul,2025-09-13 00:17:04,5,16,38,5,1
TRN-ROW-01153,8,Tiruppur,2025-07-17 10:19:41,5,22,86,0,0
TRN-ROW-01154,25,Karur,2026-01-10 11:05:06,11,39,24,5,1
TRN-ROW-01155,10,Krishnagiri,2025-02-02 09:12:32,10,19,75,3,1
TRN-ROW-01156,3,Madurai,2025-03-27 10:53:38,6,24,92,5,1
TRN-ROW-01157,11,Dindigul,2026-03-20 19:01:47,0,11,29,1,0
TRN-ROW-01158,37,Tirupathur,2024-11-23 21:18:21,6,1,94,4,1
TRN-ROW-01159,9,Vellore,2026-01-19 12:04:44,12,13,88,4,1
TRN-ROW-01160,28,Pudukkottai,2026-04-28 15:12:43,1,25,63,0,0
TRN-ROW-01161,6,Tirunelveli,2025-09-09 20:14:49,2,24,69,3,1
TRN-ROW-01162,19,Cuddalore,2025-04-03 09:00:32,0,19,75,2,0
TRN-ROW-01163,8,Tiruppur,2026-04-29 09:31:20,0,7,56,4,1
TRN-ROW-01164,3,Madurai,2025-09-27 08:48:25,9,22,81,2,0
TRN-ROW-01165,16,Kancheepuram,2024-11-23 21:21:35,4,13,14,3,1
TRN-ROW-01166,13,Thoothukudi,2024-12-27 09:21:15,0,10,98,4,1
TRN-ROW-01167,1,Chennai,2026-03-24 14:05:21,14,8,100,2,0
TRN-ROW-01168,1,Chennai,2026-06-09 19:29:51,6,8,84,3,1
TRN-ROW-01169,9,Vellore,2026-06-15 17:14:30,9,40,47,3,1
TRN-ROW-01170,27,Perambalur,2025-02-25 15:16:53,5,35,51,1,1
TRN-ROW-01171,29,Sivaganga,2025-02-22 11:24:00,7,2,16,4,1
TRN-ROW-01172,13,Thoothukudi,2025-11-07 16:02:50,9,8,67,6,1
TRN-ROW-01173,14,Kanniyakumari,2025-02-17 17:22:48,13,1,65,2,0
TRN-ROW-01174,5,Tiruchirappalli,2025-08-24 21:20:24,12,19,24,5,1
TRN-ROW-01175,10,Krishnagiri,2025-04-16 10:24:28,5,21,36,0,0
TRN-ROW-01176,16,Kancheepuram,2025-12-08 11:23:18,9,3,84,4,1
TRN-ROW-01177,4,Salem,2026-05-29 23:45:56,4,39,16,5,1
TRN-ROW-01178,24,Nilgiris,2024-09-13 06:48:59,0,15,48,5,1
TRN-ROW-01179,6,Tirunelveli,2025-10-10 11:03:36,12,13,63,0,0
TRN-ROW-01180,14,Kanniyakumari,2024-12-13 19:17:07,10,27,16,5,1
TRN-ROW-01181,35,Mayiladuthurai,2025-12-07 23:12:50,11,18,58,3,1
TRN-ROW-01182,28,Pudukkottai,2025-12-24 11:13:28,14,29,94,1,0
TRN-ROW-01183,2,Coimbatore,2024-09-13 05:06:45,0,36,96,0,0
TRN-ROW-01184,2,Coimbatore,2025-04-17 09:04:38,10,30,39,6,1
TRN-ROW-01185,37,Tirupathur,2025-03-23 23:34:22,12,16,11,4,1
TRN-ROW-01186,4,Salem,2025-05-11 12:11:10,13,34,24,5,1
TRN-ROW-01187,9,Vellore,2026-02-14 21:37:38,12,11,100,4,1
TRN-ROW-01188,17,Chengalpattu,2025-01-14 02:48:24,0,29,98,6,1
TRN-ROW-01189,26,Ariyalur,2024-09-15 10:05:44,2,33,11,0,1
TRN-ROW-01190,3,Madurai,2025-03-18 02:10:12,0,6,38,0,0
TRN-ROW-01191,9,Vellore,2025-08-16 09:47:27,8,26,82,0,0
TRN-ROW-01192,4,Salem,2025-09-28 18:27:13,4,30,9,1,1
TRN-ROW-01193,9,Vellore,2026-03-22 11:41:37,8,15,20,3,1
TRN-ROW-01194,8,Tiruppur,2025-03-30 22:00:02,5,30,9,4,1
TRN-ROW-01195,4,Salem,2026-01-19 15:24:24,5,3,14,4,1
TRN-ROW-01196,11,Dindigul,2026-04-20 22:54:28,12,19,60,2,0
TRN-ROW-01197,1,Chennai,2024-12-17 13:22:12,14,11,70,6,1
TRN-ROW-01198,1,Chennai,2026-02-07 04:48:20,1,35,38,1,1
TRN-ROW-01199,12,Thanjavur,2025-09-13 02:59:28,3,40,97,1,0
TRN-ROW-01200,7,Erode,2025-08-31 00:32:33,15,23,8,1,1