outcome_id,ticket_id,resolved_at,operational_outcome,feedback_to_model,outcome_confidence
OUT-2026-00001,TCK-2026-00001,2026-03-05 03:25:27,CIVIL_SUPPORT_REFERRED,MODEL_PREDICTION_VERIFIED,84
OUT-2026-00002,TCK-2026-00002,2025-08-23 11:33:45,PREVENTIVE_DETERRENCE_ACHIEVED,NEW_CORRIDOR_DISCOVERED,86
OUT-2026-00003,TCK-2026-00003,2026-03-15 22:56:28,CIVIL_SUPPORT_REFERRED,MODEL_PREDICTION_VERIFIED,88
OUT-2026-00004,TCK-2026-00004,2025-07-02 00:30:27,UNSUBSTANTIATED_TIP,FALSE_ALARM_REPORTED,91
OUT-2026-00005,TCK-2026-00005,2025-06-14 04:56:50,SEIZURE_EXECUTED,NEW_CORRIDOR_DISCOVERED,76
OUT-2026-00006,TCK-2026-00006,2025-08-15 07:07:17,PREVENTIVE_DETERRENCE_ACHIEVED,FALSE_ALARM_REPORTED,75
OUT-2026-00007,TCK-2026-00007,2026-04-26 02:29:42,PREVENTIVE_DETERRENCE_ACHIEVED,FALSE_ALARM_REPORTED,93
OUT-2026-00008,TCK-2026-00008,2026-05-21 16:30:34,UNSUBSTANTIATED_TIP,FALSE_ALARM_REPORTED,98
OUT-2026-00009,TCK-2026-00009,2026-03-09 20:56:59,CIVIL_SUPPORT_REFERRED,NEW_CORRIDOR_DISCOVERED,90
OUT-2026-00010,TCK-2026-00010,2025-08-31 23:35:26,SEIZURE_EXECUTED,FALSE_ALARM_REPORTED,80
OUT-2026-00011,TCK-2026-00011,2026-05-11 03:56:42,CIVIL_SUPPORT_REFERRED,NEW_CORRIDOR_DISCOVERED,91
OUT-2026-00012,TCK-2026-00012,2026-07-23 03:54:55,CIVIL_SUPPORT_REFERRED,FALSE_ALARM_REPORTED,94
OUT-2026-00013,TCK-2026-00013,2026-02-19 05:01:20,PREVENTIVE_DETERRENCE_ACHIEVED,NEW_CORRIDOR_DISCOVERED,75
OUT-2026-00014,TCK-2026-00014,2025-09-26 23:02:35,SEIZURE_EXECUTED,NEW_CORRIDOR_DISCOVERED,86
OUT-2026-00015,TCK-2026-00015,2025-10-28 19:27:27,CIVIL_SUPPORT_REFERRED,MODEL_PREDICTION_VERIFIED,97
OUT-2026-00016,TCK-2026-00016,2026-01-10 08:31:43,PREVENTIVE_DETERRENCE_ACHIEVED,MODEL_PREDICTION_VERIFIED,93
OUT-2026-00017,TCK-2026-00017,2025-04-09 18:58:09,CIVIL_SUPPORT_REFERRED,FALSE_ALARM_REPORTED,85
OUT-2026-00018,TCK-2026-00018,2026-07-08 05:54:25,PREVENTIVE_DETERRENCE_ACHIEVED,NEW_CORRIDOR_DISCOVERED,99
OUT-2026-00019,TCK-2026-00019,2026-02-12 16:34:53,UNSUBSTANTIATED_TIP,FALSE_ALARM_REPORTED,83
OUT-2026-00020,TCK-2026-00020,2025-04-23 04:44:05,SEIZURE_EXECUTED,FALSE_ALARM_REPORTED,97
OUT-2026-00021,TCK-2026-00021,2026-04-21 18:53:01,UNSUBSTANTIATED_TIP,FALSE_ALARM_REPORTED,85
OUT-2026-00022,TCK-2026-00022,2026-03-16 14:28:01,SEIZURE_EXECUTED,FALSE_ALARM_REPORTED,98
OUT-2026-00023,TCK-2026-00023,2025-08-03 10:35:13,CIVIL_SUPPORT_REFERRED,MODEL_PREDICTION_VERIFIED,95
OUT-2026-00024,TCK-2026-00024,2026-08-18 11:07:08,PREVENTIVE_DETERRENCE_ACHIEVED,FALSE_ALARM_REPORTED,90
OUT-2026-00025,TCK-2026-00025,2025-05-09 08:53:10,SEIZURE_EXECUTED,NEW_CORRIDOR_DISCOVERED,99
OUT-2026-00026,TCK-2026-00026,2026-02-20 10:53:05,UNSUBSTANTIATED_TIP,NEW_CORRIDOR_DISCOVERED,82
OUT-2026-00027,TCK-2026-00027,2026-03-14 12:38:03,CIVIL_SUPPORT_REFERRED,NEW_CORRIDOR_DISCOVERED,79
OUT-2026-00028,TCK-2026-00028,2025-06-18 18:49:10,SEIZURE_EXECUTED,FALSE_ALARM_REPORTED,94
OUT-2026-00029,TCK-2026-00029,2026-03-09 01:39:02,PREVENTIVE_DETERRENCE_ACHIEVED,MODEL_PREDICTION_VERIFIED,90
OUT-2026-00030,TCK-2026-00030,2025-11-09 14:26:22,UNSUBSTANTIATED_TIP,MODEL_PREDICTION_VERIFIED,82
OUT-2026-00031,TCK-2026-00031,2026-01-27 11:10:32,CIVIL_SUPPORT_REFERRED,FALSE_ALARM_REPORTED,80
OUT-2026-00032,TCK-2026-00032,2025-05-02 01:42:33,PREVENTIVE_DETERRENCE_ACHIEVED,FALSE_ALARM_REPORTED,96
OUT-2026-00033,TCK-2026-00033,2025-07-31 00:45:57,PREVENTIVE_DETERRENCE_ACHIEVED,NEW_CORRIDOR_DISCOVERED,94
OUT-2026-00034,TCK-2026-00034,2025-07-29 21:17:28,UNSUBSTANTIATED_TIP,NEW_CORRIDOR_DISCOVERED,93
OUT-2026-00035,TCK-2026-00035,2026-05-04 21:57:10,CIVIL_SUPPORT_REFERRED,FALSE_ALARM_REPORTED,79
OUT-2026-00036,TCK-2026-00036,2025-09-28 03:44:46,CIVIL_SUPPORT_REFERRED,NEW_CORRIDOR_DISCOVERED,99
OUT-2026-00037,TCK-2026-00037,2026-02-07 10:42:27,PREVENTIVE_DETERRENCE_ACHIEVED,FALSE_ALARM_REPORTED,76
OUT-2026-00038,TCK-2026-00038,2025-07-04 06:22:30,SEIZURE_EXECUTED,MODEL_PREDICTION_VERIFIED,88
OUT-2026-00039,TCK-2026-00039,2025-07-29 00:01:41,CIVIL_SUPPORT_REFERRED,FALSE_ALARM_REPORTED,80
OUT-2026-00040,TCK-2026-00040,2025-08-04 19:12:05,CIVIL_SUPPORT_REFERRED,NEW_CORRIDOR_DISCOVERED,92
OUT-2026-00041,TCK-2026-00041,2025-07-27 14:52:36,PREVENTIVE_DETERRENCE_ACHIEVED,MODEL_PREDICTION_VERIFIED,85
OUT-2026-00042,TCK-2026-00042,2025-10-01 23:00:33,CIVIL_SUPPORT_REFERRED,FALSE_ALARM_REPORTED,82
OUT-2026-00043,TCK-2026-00043,2026-04-17 04:57:17,UNSUBSTANTIATED_TIP,FALSE_ALARM_REPORTED,78
OUT-2026-00044,TCK-2026-00044,2026-05-23 13:44:24,UNSUBSTANTIATED_TIP,NEW_CORRIDOR_DISCOVERED,75
OUT-2026-00045,TCK-2026-00045,2025-06-28 05:10:41,SEIZURE_EXECUTED,MODEL_PREDICTION_VERIFIED,78
OUT-2026-00046,TCK-2026-00046,2025-10-12 15:14:00,UNSUBSTANTIATED_TIP,NEW_CORRIDOR_DISCOVERED,81
OUT-2026-00047,TCK-2026-00047,2026-05-05 06:15:30,UNSUBSTANTIATED_TIP,NEW_CORRIDOR_DISCOVERED,78
OUT-2026-00048,TCK-2026-00048,2026-04-09 09:20:31,SEIZURE_EXECUTED,FALSE_ALARM_REPORTED,78
OUT-2026-00049,TCK-2026-00049,2025-09-30 23:20:21,PREVENTIVE_DETERRENCE_ACHIEVED,FALSE_ALARM_REPORTED,85
OUT-2026-00050,TCK-2026-00050,2025-04-15 18:05:06,CIVIL_SUPPORT_REFERRED,MODEL_PREDICTION_VERIFIED,91
OUT-2026-00051,TCK-2026-00051,2025-06-12 12:52:33,UNSUBSTANTIATED_TIP,FALSE_ALARM_REPORTED,78
OUT-2026-00052,TCK-2026-00052,2025-08-28 04:20:54,PREVENTIVE_DETERRENCE_ACHIEVED,FALSE_ALARM_REPORTED,88
OUT-2026-00053,TCK-2026-00053,2026-05-13 18:32:07,SEIZURE_EXECUTED,MODEL_PREDICTION_VERIFIED,92
OUT-2026-00054,TCK-2026-00054,2026-07-16 06:08:31,UNSUBSTANTIATED_TIP,FALSE_ALARM_REPORTED,76
OUT-2026-00055,TCK-2026-00055,2025-08-02 10:18:06,UNSUBSTANTIATED_TIP,NEW_CORRIDOR_DISCOVERED,99
OUT-2026-00056,TCK-2026-00056,2025-09-21 06:56:23,CIVIL_SUPPORT_REFERRED,NEW_CORRIDOR_DISCOVERED,93
OUT-2026-00057,TCK-2026-00057,2025-10-31 02:56:28,PREVENTIVE_DETERRENCE_ACHIEVED,FALSE_ALARM_REPORTED,76
OUT-2026-00058,TCK-2026-00058,2025-10-05 19:51:35,UNSUBSTANTIATED_TIP,MODEL_PREDICTION_VERIFIED,76
OUT-2026-00059,TCK-2026-00059,2025-04-20 14:14:05,SEIZURE_EXECUTED,FALSE_ALARM_REPORTED,85
OUT-2026-00060,TCK-2026-00060,2025-06-27 02:28:52,PREVENTIVE_DETERRENCE_ACHIEVED,MODEL_PREDICTION_VERIFIED,99
OUT-2026-00061,TCK-2026-00061,2026-03-22 16:54:01,CIVIL_SUPPORT_REFERRED,NEW_CORRIDOR_DISCOVERED,91
OUT-2026-00062,TCK-2026-00062,2025-07-09 06:53:44,SEIZURE_EXECUTED,FALSE_ALARM_REPORTED,90
OUT-2026-00063,TCK-2026-00063,2025-09-14 14:31:26,SEIZURE_EXECUTED,NEW_CORRIDOR_DISCOVERED,82
OUT-2026-00064,TCK-2026-00064,2025-05-21 05:48:45,PREVENTIVE_DETERRENCE_ACHIEVED,NEW_CORRIDOR_DISCOVERED,85
OUT-2026-00065,TCK-2026-00065,2025-05-06 01:41:22,UNSUBSTANTIATED_TIP,NEW_CORRIDOR_DISCOVERED,86
OUT-2026-00066,TCK-2026-00066,2025-07-29 12:47:58,SEIZURE_EXECUTED,NEW_CORRIDOR_DISCOVERED,97
OUT-2026-00067,TCK-2026-00067,2025-09-02 08:04:51,CIVIL_SUPPORT_REFERRED,NEW_CORRIDOR_DISCOVERED,89
OUT-2026-00068,TCK-2026-00068,2026-05-28 16:34:17,SEIZURE_EXECUTED,NEW_CORRIDOR_DISCOVERED,92
OUT-2026-00069,TCK-2026-00069,2025-06-24 13:05:47,CIVIL_SUPPORT_REFERRED,NEW_CORRIDOR_DISCOVERED,80
OUT-2026-00070,TCK-2026-00070,2025-06-12 21:01:43,UNSUBSTANTIATED_TIP,NEW_CORRIDOR_DISCOVERED,93
OUT-2026-00071,TCK-2026-00071,2026-01-29 23:37:12,PREVENTIVE_DETERRENCE_ACHIEVED,MODEL_PREDICTION_VERIFIED,96
OUT-2026-00072,TCK-2026-00072,2025-09-03 11:09:51,PREVENTIVE_DETERRENCE_ACHIEVED,NEW_CORRIDOR_DISCOVERED,84
OUT-2026-00073,TCK-2026-00073,2026-08-18 08:33:10,CIVIL_SUPPORT_REFERRED,FALSE_ALARM_REPORTED,90
OUT-2026-00074,TCK-2026-00074,2025-12-16 06:38:57,SEIZURE_EXECUTED,MODEL_PREDICTION_VERIFIED,94
OUT-2026-00075,TCK-2026-00075,2026-03-03 22:41:02,SEIZURE_EXECUTED,FALSE_ALARM_REPORTED,85
OUT-2026-00076,TCK-2026-00076,2026-01-19 02:17:49,CIVIL_SUPPORT_REFERRED,NEW_CORRIDOR_DISCOVERED,92
OUT-2026-00077,TCK-2026-00077,2026-04-12 06:54:45,CIVIL_SUPPORT_REFERRED,FALSE_ALARM_REPORTED,93
OUT-2026-00078,TCK-2026-00078,2025-12-23 13:37:34,CIVIL_SUPPORT_REFERRED,NEW_CORRIDOR_DISCOVERED,85
OUT-2026-00079,TCK-2026-00079,2025-09-24 10:40:46,PREVENTIVE_DETERRENCE_ACHIEVED,FALSE_ALARM_REPORTED,83
OUT-2026-00080,TCK-2026-00080,2025-06-10 03:01:16,CIVIL_SUPPORT_REFERRED,MODEL_PREDICTION_VERIFIED,85
OUT-2026-00081,TCK-2026-00081,2025-11-08 08:38:41,CIVIL_SUPPORT_REFERRED,MODEL_PREDICTION_VERIFIED,87
OUT-2026-00082,TCK-2026-00082,2025-08-07 09:10:58,PREVENTIVE_DETERRENCE_ACHIEVED,MODEL_PREDICTION_VERIFIED,78
OUT-2026-00083,TCK-2026-00083,2025-09-29 19:00:57,PREVENTIVE_DETERRENCE_ACHIEVED,NEW_CORRIDOR_DISCOVERED,84
OUT-2026-00084,TCK-2026-00084,2025-12-07 09:24:00,PREVENTIVE_DETERRENCE_ACHIEVED,MODEL_PREDICTION_VERIFIED,81
OUT-2026-00085,TCK-2026-00085,2025-11-06 19:24:22,UNSUBSTANTIATED_TIP,NEW_CORRIDOR_DISCOVERED,88
OUT-2026-00086,TCK-2026-00086,2025-09-20 23:47:28,SEIZURE_EXECUTED,FALSE_ALARM_REPORTED,95
OUT-2026-00087,TCK-2026-00087,2025-12-24 18:54:37,CIVIL_SUPPORT_REFERRED,MODEL_PREDICTION_VERIFIED,77
OUT-2026-00088,TCK-2026-00088,2025-09-01 19:46:07,SEIZURE_EXECUTED,NEW_CORRIDOR_DISCOVERED,94
OUT-2026-00089,TCK-2026-00089,2025-07-03 16:47:15,PREVENTIVE_DETERRENCE_ACHIEVED,MODEL_PREDICTION_VERIFIED,82
OUT-2026-00090,TCK-2026-00090,2025-06-08 20:03:15,SEIZURE_EXECUTED,MODEL_PREDICTION_VERIFIED,90
OUT-2026-00091,TCK-2026-00091,2026-04-09 07:33:17,CIVIL_SUPPORT_REFERRED,FALSE_ALARM_REPORTED,94
OUT-2026-00092,TCK-2026-00092,2025-10-04 05:48:38,CIVIL_SUPPORT_REFERRED,NEW_CORRIDOR_DISCOVERED,86
OUT-2026-00093,TCK-2026-00093,2026-02-07 00:22:21,CIVIL_SUPPORT_REFERRED,NEW_CORRIDOR_DISCOVERED,82
OUT-2026-00094,TCK-2026-00094,2026-05-19 01:17:38,CIVIL_SUPPORT_REFERRED,NEW_CORRIDOR_DISCOVERED,86
OUT-2026-00095,TCK-2026-00095,2026-04-08 00:34:51,PREVENTIVE_DETERRENCE_ACHIEVED,MODEL_PREDICTION_VERIFIED,82
OUT-2026-00096,TCK-2026-00096,2026-04-06 21:31:39,CIVIL_SUPPORT_REFERRED,NEW_CORRIDOR_DISCOVERED,93
OUT-2026-00097,TCK-2026-00097,2025-12-20 10:01:57,UNSUBSTANTIATED_TIP,MODEL_PREDICTION_VERIFIED,89
OUT-2026-00098,TCK-2026-00098,2026-02-05 11:01:21,SEIZURE_EXECUTED,MODEL_PREDICTION_VERIFIED,77
OUT-2026-00099,TCK-2026-00099,2026-06-13 19:22:39,PREVENTIVE_DETERRENCE_ACHIEVED,FALSE_ALARM_REPORTED,86
OUT-2026-00100,TCK-2026-00100,2025-04-27 18:13:47,PREVENTIVE_DETERRENCE_ACHIEVED,FALSE_ALARM_REPORTED,81
OUT-2026-00101,TCK-2026-00101,2025-10-20 05:22:25,UNSUBSTANTIATED_TIP,FALSE_ALARM_REPORTED,85
OUT-2026-00102,TCK-2026-00102,2026-01-29 21:23:58,PREVENTIVE_DETERRENCE_ACHIEVED,NEW_CORRIDOR_DISCOVERED,93
OUT-2026-00103,TCK-2026-00103,2025-07-30 17:00:52,UNSUBSTANTIATED_TIP,NEW_CORRIDOR_DISCOVERED,84
OUT-2026-00104,TCK-2026-00104,2026-04-12 13:16:47,PREVENTIVE_DETERRENCE_ACHIEVED,MODEL_PREDICTION_VERIFIED,85
OUT-2026-00105,TCK-2026-00105,2025-11-30 19:07:14,SEIZURE_EXECUTED,NEW_CORRIDOR_DISCOVERED,77
OUT-2026-00106,TCK-2026-00106,2025-05-13 23:57:53,PREVENTIVE_DETERRENCE_ACHIEVED,FALSE_ALARM_REPORTED,87
OUT-2026-00107,TCK-2026-00107,2026-06-15 00:57:35,PREVENTIVE_DETERRENCE_ACHIEVED,FALSE_ALARM_REPORTED,75
OUT-2026-00108,TCK-2026-00108,2026-02-25 15:57:13,UNSUBSTANTIATED_TIP,FALSE_ALARM_REPORTED,80
OUT-2026-00109,TCK-2026-00109,2026-04-19 13:30:03,UNSUBSTANTIATED_TIP,NEW_CORRIDOR_DISCOVERED,90
OUT-2026-00110,TCK-2026-00110,2025-11-29 03:26:18,CIVIL_SUPPORT_REFERRED,MODEL_PREDICTION_VERIFIED,89
OUT-2026-00111,TCK-2026-00111,2026-03-01 10:18:35,PREVENTIVE_DETERRENCE_ACHIEVED,MODEL_PREDICTION_VERIFIED,75
OUT-2026-00112,TCK-2026-00112,2025-04-16 12:10:00,CIVIL_SUPPORT_REFERRED,MODEL_PREDICTION_VERIFIED,90
OUT-2026-00113,TCK-2026-00113,2026-06-23 04:07:12,SEIZURE_EXECUTED,NEW_CORRIDOR_DISCOVERED,99
OUT-2026-00114,TCK-2026-00114,2025-06-16 11:04:31,SEIZURE_EXECUTED,FALSE_ALARM_REPORTED,99
OUT-2026-00115,TCK-2026-00115,2026-06-18 16:22:37,SEIZURE_EXECUTED,NEW_CORRIDOR_DISCOVERED,94
OUT-2026-00116,TCK-2026-00116,2026-04-27 05:40:56,SEIZURE_EXECUTED,NEW_CORRIDOR_DISCOVERED,90
OUT-2026-00117,TCK-2026-00117,2026-06-24 06:53:41,UNSUBSTANTIATED_TIP,FALSE_ALARM_REPORTED,95
OUT-2026-00118,TCK-2026-00118,2025-11-06 18:30:25,SEIZURE_EXECUTED,MODEL_PREDICTION_VERIFIED,78
OUT-2026-00119,TCK-2026-00119,2025-06-07 01:15:25,UNSUBSTANTIATED_TIP,MODEL_PREDICTION_VERIFIED,99
OUT-2026-00120,TCK-2026-00120,2025-09-29 00:58:35,UNSUBSTANTIATED_TIP,MODEL_PREDICTION_VERIFIED,83
OUT-2026-00121,TCK-2026-00121,2026-07-29 11:45:46,PREVENTIVE_DETERRENCE_ACHIEVED,NEW_CORRIDOR_DISCOVERED,77
OUT-2026-00122,TCK-2026-00122,2025-06-19 20:31:28,UNSUBSTANTIATED_TIP,NEW_CORRIDOR_DISCOVERED,98
OUT-2026-00123,TCK-2026-00123,2026-06-29 20:45:05,UNSUBSTANTIATED_TIP,NEW_CORRIDOR_DISCOVERED,94
OUT-2026-00124,TCK-2026-00124,2025-04-16 16:44:37,UNSUBSTANTIATED_TIP,FALSE_ALARM_REPORTED,84
OUT-2026-00125,TCK-2026-00125,2026-05-04 02:45:24,PREVENTIVE_DETERRENCE_ACHIEVED,FALSE_ALARM_REPORTED,91
OUT-2026-00126,TCK-2026-00126,2026-05-01 19:48:51,UNSUBSTANTIATED_TIP,MODEL_PREDICTION_VERIFIED,95
OUT-2026-00127,TCK-2026-00127,2026-07-30 02:20:45,SEIZURE_EXECUTED,FALSE_ALARM_REPORTED,85
OUT-2026-00128,TCK-2026-00128,2026-04-09 07:31:09,PREVENTIVE_DETERRENCE_ACHIEVED,FALSE_ALARM_REPORTED,80
OUT-2026-00129,TCK-2026-00129,2025-11-07 05:22:38,SEIZURE_EXECUTED,FALSE_ALARM_REPORTED,99
OUT-2026-00130,TCK-2026-00130,2026-03-24 15:22:06,CIVIL_SUPPORT_REFERRED,MODEL_PREDICTION_VERIFIED,82
OUT-2026-00131,TCK-2026-00131,2026-06-27 00:44:03,CIVIL_SUPPORT_REFERRED,MODEL_PREDICTION_VERIFIED,95
OUT-2026-00132,TCK-2026-00132,2026-02-01 02:21:02,PREVENTIVE_DETERRENCE_ACHIEVED,FALSE_ALARM_REPORTED,88
OUT-2026-00133,TCK-2026-00133,2026-07-14 04:57:59,CIVIL_SUPPORT_REFERRED,FALSE_ALARM_REPORTED,91
OUT-2026-00134,TCK-2026-00134,2025-11-14 20:27:31,UNSUBSTANTIATED_TIP,NEW_CORRIDOR_DISCOVERED,92
OUT-2026-00135,TCK-2026-00135,2026-03-04 05:17:50,UNSUBSTANTIATED_TIP,NEW_CORRIDOR_DISCOVERED,82
OUT-2026-00136,TCK-2026-00136,2025-04-24 11:03:41,UNSUBSTANTIATED_TIP,MODEL_PREDICTION_VERIFIED,84
OUT-2026-00137,TCK-2026-00137,2025-05-14 01:03:16,SEIZURE_EXECUTED,FALSE_ALARM_REPORTED,82
OUT-2026-00138,TCK-2026-00138,2026-05-02 04:47:58,CIVIL_SUPPORT_REFERRED,MODEL_PREDICTION_VERIFIED,92
OUT-2026-00139,TCK-2026-00139,2026-07-05 05:41:09,UNSUBSTANTIATED_TIP,NEW_CORRIDOR_DISCOVERED,80
OUT-2026-00140,TCK-2026-00140,2026-02-11 08:00:08,SEIZURE_EXECUTED,MODEL_PREDICTION_VERIFIED,87
OUT-2026-00141,TCK-2026-00141,2026-08-18 05:30:17,UNSUBSTANTIATED_TIP,FALSE_ALARM_REPORTED,78
OUT-2026-00142,TCK-2026-00142,2026-03-23 17:08:55,CIVIL_SUPPORT_REFERRED,MODEL_PREDICTION_VERIFIED,84
OUT-2026-00143,TCK-2026-00143,2026-04-11 10:21:23,PREVENTIVE_DETERRENCE_ACHIEVED,MODEL_PREDICTION_VERIFIED,96
OUT-2026-00144,TCK-2026-00144,2026-04-05 07:22:34,CIVIL_SUPPORT_REFERRED,FALSE_ALARM_REPORTED,82
OUT-2026-00145,TCK-2026-00145,2025-09-02 23:40:37,SEIZURE_EXECUTED,NEW_CORRIDOR_DISCOVERED,98
OUT-2026-00146,TCK-2026-00146,2025-12-14 14:02:01,SEIZURE_EXECUTED,NEW_CORRIDOR_DISCOVERED,87
OUT-2026-00147,TCK-2026-00147,2026-03-29 02:29:23,SEIZURE_EXECUTED,FALSE_ALARM_REPORTED,89
OUT-2026-00148,TCK-2026-00148,2025-08-13 15:09:47,CIVIL_SUPPORT_REFERRED,FALSE_ALARM_REPORTED,87
OUT-2026-00149,TCK-2026-00149,2025-07-10 06:16:58,CIVIL_SUPPORT_REFERRED,NEW_CORRIDOR_DISCOVERED,86
OUT-2026-00150,TCK-2026-00150,2025-12-10 22:02:22,CIVIL_SUPPORT_REFERRED,FALSE_ALARM_REPORTED,83
OUT-2026-00151,TCK-2026-00151,2025-05-12 08:55:33,UNSUBSTANTIATED_TIP,MODEL_PREDICTION_VERIFIED,88
OUT-2026-00152,TCK-2026-00152,2026-06-01 19:09:53,SEIZURE_EXECUTED,MODEL_PREDICTION_VERIFIED,94
OUT-2026-00153,TCK-2026-00153,2026-03-29 13:47:54,SEIZURE_EXECUTED,FALSE_ALARM_REPORTED,76
OUT-2026-00154,TCK-2026-00154,2025-09-28 18:04:07,UNSUBSTANTIATED_TIP,NEW_CORRIDOR_DISCOVERED,86
OUT-2026-00155,TCK-2026-00155,2025-10-15 12:04:43,CIVIL_SUPPORT_REFERRED,NEW_CORRIDOR_DISCOVERED,86
OUT-2026-00156,TCK-2026-00156,2026-05-10 22:04:22,UNSUBSTANTIATED_TIP,FALSE_ALARM_REPORTED,86
OUT-2026-00157,TCK-2026-00157,2026-07-10 17:01:06,CIVIL_SUPPORT_REFERRED,FALSE_ALARM_REPORTED,87
OUT-2026-00158,TCK-2026-00158,2025-10-21 13:45:22,CIVIL_SUPPORT_REFERRED,NEW_CORRIDOR_DISCOVERED,76
OUT-2026-00159,TCK-2026-00159,2025-10-25 01:29:44,UNSUBSTANTIATED_TIP,NEW_CORRIDOR_DISCOVERED,75
OUT-2026-00160,TCK-2026-00160,2026-04-08 20:24:53,CIVIL_SUPPORT_REFERRED,NEW_CORRIDOR_DISCOVERED,85
OUT-2026-00161,TCK-2026-00161,2025-06-08 03:14:57,SEIZURE_EXECUTED,NEW_CORRIDOR_DISCOVERED,85
OUT-2026-00162,TCK-2026-00162,2025-12-11 16:13:32,CIVIL_SUPPORT_REFERRED,NEW_CORRIDOR_DISCOVERED,87
OUT-2026-00163,TCK-2026-00163,2025-12-23 05:35:47,CIVIL_SUPPORT_REFERRED,MODEL_PREDICTION_VERIFIED,92
OUT-2026-00164,TCK-2026-00164,2025-05-20 20:46:32,CIVIL_SUPPORT_REFERRED,NEW_CORRIDOR_DISCOVERED,87
OUT-2026-00165,TCK-2026-00165,2025-06-12 22:43:03,PREVENTIVE_DETERRENCE_ACHIEVED,MODEL_PREDICTION_VERIFIED,82
OUT-2026-00166,TCK-2026-00166,2025-12-31 23:40:17,CIVIL_SUPPORT_REFERRED,MODEL_PREDICTION_VERIFIED,94
OUT-2026-00167,TCK-2026-00167,2025-11-30 08:08:19,CIVIL_SUPPORT_REFERRED,MODEL_PREDICTION_VERIFIED,89
OUT-2026-00168,TCK-2026-00168,2025-09-19 05:08:39,SEIZURE_EXECUTED,FALSE_ALARM_REPORTED,87
OUT-2026-00169,TCK-2026-00169,2025-05-26 01:17:39,CIVIL_SUPPORT_REFERRED,FALSE_ALARM_REPORTED,91
OUT-2026-00170,TCK-2026-00170,2025-06-07 02:19:02,CIVIL_SUPPORT_REFERRED,FALSE_ALARM_REPORTED,82
OUT-2026-00171,TCK-2026-00171,2025-08-06 21:51:18,CIVIL_SUPPORT_REFERRED,NEW_CORRIDOR_DISCOVERED,96
OUT-2026-00172,TCK-2026-00172,2026-05-01 10:54:09,PREVENTIVE_DETERRENCE_ACHIEVED,FALSE_ALARM_REPORTED,97
OUT-2026-00173,TCK-2026-00173,2025-07-24 06:06:40,PREVENTIVE_DETERRENCE_ACHIEVED,NEW_CORRIDOR_DISCOVERED,83
OUT-2026-00174,TCK-2026-00174,2025-12-08 00:13:16,PREVENTIVE_DETERRENCE_ACHIEVED,NEW_CORRIDOR_DISCOVERED,83
OUT-2026-00175,TCK-2026-00175,2025-08-29 08:33:58,SEIZURE_EXECUTED,NEW_CORRIDOR_DISCOVERED,83
OUT-2026-00176,TCK-2026-00176,2026-05-22 00:26:48,CIVIL_SUPPORT_REFERRED,FALSE_ALARM_REPORTED,76
OUT-2026-00177,TCK-2026-00177,2025-05-09 14:12:53,PREVENTIVE_DETERRENCE_ACHIEVED,NEW_CORRIDOR_DISCOVERED,94
OUT-2026-00178,TCK-2026-00178,2026-07-08 06:24:39,PREVENTIVE_DETERRENCE_ACHIEVED,MODEL_PREDICTION_VERIFIED,75
OUT-2026-00179,TCK-2026-00179,2025-05-21 17:19:54,PREVENTIVE_DETERRENCE_ACHIEVED,MODEL_PREDICTION_VERIFIED,87
OUT-2026-00180,TCK-2026-00180,2025-09-11 02:31:03,UNSUBSTANTIATED_TIP,MODEL_PREDICTION_VERIFIED,79
OUT-2026-00181,TCK-2026-00181,2026-05-26 05:05:20,PREVENTIVE_DETERRENCE_ACHIEVED,MODEL_PREDICTION_VERIFIED,90
OUT-2026-00182,TCK-2026-00182,2025-11-15 20:16:54,PREVENTIVE_DETERRENCE_ACHIEVED,NEW_CORRIDOR_DISCOVERED,81
OUT-2026-00183,TCK-2026-00183,2026-04-10 20:51:17,CIVIL_SUPPORT_REFERRED,FALSE_ALARM_REPORTED,84
OUT-2026-00184,TCK-2026-00184,2026-06-18 04:41:06,CIVIL_SUPPORT_REFERRED,NEW_CORRIDOR_DISCOVERED,92
OUT-2026-00185,TCK-2026-00185,2026-08-02 08:47:33,SEIZURE_EXECUTED,NEW_CORRIDOR_DISCOVERED,96
OUT-2026-00186,TCK-2026-00186,2025-11-04 13:30:51,CIVIL_SUPPORT_REFERRED,FALSE_ALARM_REPORTED,85
OUT-2026-00187,TCK-2026-00187,2025-08-30 19:33:50,UNSUBSTANTIATED_TIP,MODEL_PREDICTION_VERIFIED,91
OUT-2026-00188,TCK-2026-00188,2026-06-05 07:01:50,SEIZURE_EXECUTED,MODEL_PREDICTION_VERIFIED,78
OUT-2026-00189,TCK-2026-00189,2025-10-02 16:39:04,CIVIL_SUPPORT_REFERRED,FALSE_ALARM_REPORTED,88
OUT-2026-00190,TCK-2026-00190,2025-04-17 00:02:51,UNSUBSTANTIATED_TIP,NEW_CORRIDOR_DISCOVERED,97
OUT-2026-00191,TCK-2026-00191,2026-07-23 10:43:50,PREVENTIVE_DETERRENCE_ACHIEVED,MODEL_PREDICTION_VERIFIED,97
OUT-2026-00192,TCK-2026-00192,2025-05-10 18:29:54,PREVENTIVE_DETERRENCE_ACHIEVED,MODEL_PREDICTION_VERIFIED,78
OUT-2026-00193,TCK-2026-00193,2026-01-17 06:06:51,SEIZURE_EXECUTED,NEW_CORRIDOR_DISCOVERED,98
OUT-2026-00194,TCK-2026-00194,2026-07-09 14:03:47,UNSUBSTANTIATED_TIP,MODEL_PREDICTION_VERIFIED,97
OUT-2026-00195,TCK-2026-00195,2025-06-25 07:53:19,UNSUBSTANTIATED_TIP,FALSE_ALARM_REPORTED,89
OUT-2026-00196,TCK-2026-00196,2025-12-12 00:22:50,UNSUBSTANTIATED_TIP,NEW_CORRIDOR_DISCOVERED,90
OUT-2026-00197,TCK-2026-00197,2025-07-18 10:10:44,SEIZURE_EXECUTED,FALSE_ALARM_REPORTED,85
OUT-2026-00198,TCK-2026-00198,2026-04-16 00:23:40,UNSUBSTANTIATED_TIP,MODEL_PREDICTION_VERIFIED,86
OUT-2026-00199,TCK-2026-00199,2025-06-02 17:55:33,UNSUBSTANTIATED_TIP,FALSE_ALARM_REPORTED,86
OUT-2026-00200,TCK-2026-00200,2026-05-01 05:18:25,SEIZURE_EXECUTED,FALSE_ALARM_REPORTED,99
OUT-2026-00201,TCK-2026-00201,2026-01-13 15:04:39,SEIZURE_EXECUTED,NEW_CORRIDOR_DISCOVERED,99
OUT-2026-00202,TCK-2026-00202,2025-05-03 08:09:29,CIVIL_SUPPORT_REFERRED,NEW_CORRIDOR_DISCOVERED,84
OUT-2026-00203,TCK-2026-00203,2025-05-26 14:24:37,UNSUBSTANTIATED_TIP,MODEL_PREDICTION_VERIFIED,82
OUT-2026-00204,TCK-2026-00204,2026-07-29 19:04:16,PREVENTIVE_DETERRENCE_ACHIEVED,FALSE_ALARM_REPORTED,75
OUT-2026-00205,TCK-2026-00205,2026-05-07 04:29:25,UNSUBSTANTIATED_TIP,FALSE_ALARM_REPORTED,83
OUT-2026-00206,TCK-2026-00206,2026-01-24 19:39:18,SEIZURE_EXECUTED,FALSE_ALARM_REPORTED,99
OUT-2026-00207,TCK-2026-00207,2026-06-16 12:17:29,SEIZURE_EXECUTED,NEW_CORRIDOR_DISCOVERED,94
OUT-2026-00208,TCK-2026-00208,2026-02-13 21:05:18,CIVIL_SUPPORT_REFERRED,MODEL_PREDICTION_VERIFIED,87
OUT-2026-00209,TCK-2026-00209,2025-06-17 18:12:53,PREVENTIVE_DETERRENCE_ACHIEVED,NEW_CORRIDOR_DISCOVERED,75
OUT-2026-00210,TCK-2026-00210,2025-09-28 08:00:02,UNSUBSTANTIATED_TIP,MODEL_PREDICTION_VERIFIED,95
OUT-2026-00211,TCK-2026-00211,2026-02-02 06:58:22,UNSUBSTANTIATED_TIP,MODEL_PREDICTION_VERIFIED,95
OUT-2026-00212,TCK-2026-00212,2026-06-17 04:03:40,SEIZURE_EXECUTED,FALSE_ALARM_REPORTED,99
OUT-2026-00213,TCK-2026-00213,2025-04-08 02:03:56,SEIZURE_EXECUTED,FALSE_ALARM_REPORTED,85
OUT-2026-00214,TCK-2026-00214,2025-07-27 04:00:54,CIVIL_SUPPORT_REFERRED,NEW_CORRIDOR_DISCOVERED,96
OUT-2026-00215,TCK-2026-00215,2026-01-06 12:39:06,PREVENTIVE_DETERRENCE_ACHIEVED,NEW_CORRIDOR_DISCOVERED,95
OUT-2026-00216,TCK-2026-00216,2026-06-29 06:04:50,CIVIL_SUPPORT_REFERRED,FALSE_ALARM_REPORTED,84
OUT-2026-00217,TCK-2026-00217,2025-09-19 09:20:25,UNSUBSTANTIATED_TIP,MODEL_PREDICTION_VERIFIED,89
OUT-2026-00218,TCK-2026-00218,2026-08-19 04:41:30,UNSUBSTANTIATED_TIP,MODEL_PREDICTION_VERIFIED,79
OUT-2026-00219,TCK-2026-00219,2026-04-14 22:39:09,PREVENTIVE_DETERRENCE_ACHIEVED,FALSE_ALARM_REPORTED,82
OUT-2026-00220,TCK-2026-00220,2025-05-27 09:46:39,PREVENTIVE_DETERRENCE_ACHIEVED,FALSE_ALARM_REPORTED,91
OUT-2026-00221,TCK-2026-00221,2026-03-06 05:20:01,CIVIL_SUPPORT_REFERRED,NEW_CORRIDOR_DISCOVERED,98
OUT-2026-00222,TCK-2026-00222,2026-04-07 15:12:35,SEIZURE_EXECUTED,FALSE_ALARM_REPORTED,87
OUT-2026-00223,TCK-2026-00223,2026-06-22 12:58:50,CIVIL_SUPPORT_REFERRED,FALSE_ALARM_REPORTED,98
OUT-2026-00224,TCK-2026-00224,2025-09-17 23:06:46,SEIZURE_EXECUTED,FALSE_ALARM_REPORTED,93
OUT-2026-00225,TCK-2026-00225,2026-07-25 04:49:51,UNSUBSTANTIATED_TIP,FALSE_ALARM_REPORTED,93
OUT-2026-00226,TCK-2026-00226,2026-04-14 02:32:32,CIVIL_SUPPORT_REFERRED,FALSE_ALARM_REPORTED,96
OUT-2026-00227,TCK-2026-00227,2026-08-07 20:31:17,SEIZURE_EXECUTED,FALSE_ALARM_REPORTED,88
OUT-2026-00228,TCK-2026-00228,2026-05-24 02:06:53,PREVENTIVE_DETERRENCE_ACHIEVED,MODEL_PREDICTION_VERIFIED,80
OUT-2026-00229,TCK-2026-00229,2026-03-15 13:28:20,PREVENTIVE_DETERRENCE_ACHIEVED,MODEL_PREDICTION_VERIFIED,94
OUT-2026-00230,TCK-2026-00230,2026-06-30 13:14:20,PREVENTIVE_DETERRENCE_ACHIEVED,FALSE_ALARM_REPORTED,78
OUT-2026-00231,TCK-2026-00231,2025-10-01 02:29:15,CIVIL_SUPPORT_REFERRED,FALSE_ALARM_REPORTED,96
OUT-2026-00232,TCK-2026-00232,2026-02-13 09:30:30,UNSUBSTANTIATED_TIP,NEW_CORRIDOR_DISCOVERED,88
OUT-2026-00233,TCK-2026-00233,2025-08-20 19:55:31,SEIZURE_EXECUTED,MODEL_PREDICTION_VERIFIED,79
OUT-2026-00234,TCK-2026-00234,2026-01-30 18:53:48,PREVENTIVE_DETERRENCE_ACHIEVED,MODEL_PREDICTION_VERIFIED,79
OUT-2026-00235,TCK-2026-00235,2025-07-21 18:05:20,SEIZURE_EXECUTED,FALSE_ALARM_REPORTED,93
OUT-2026-00236,TCK-2026-00236,2026-07-08 13:22:41,PREVENTIVE_DETERRENCE_ACHIEVED,NEW_CORRIDOR_DISCOVERED,99
OUT-2026-00237,TCK-2026-00237,2025-07-11 12:07:31,CIVIL_SUPPORT_REFERRED,FALSE_ALARM_REPORTED,78
OUT-2026-00238,TCK-2026-00238,2025-09-14 22:06:54,SEIZURE_EXECUTED,FALSE_ALARM_REPORTED,78
OUT-2026-00239,TCK-2026-00239,2026-05-23 15:35:07,SEIZURE_EXECUTED,FALSE_ALARM_REPORTED,84
OUT-2026-00240,TCK-2026-00240,2025-07-12 22:24:58,PREVENTIVE_DETERRENCE_ACHIEVED,NEW_CORRIDOR_DISCOVERED,89
OUT-2026-00241,TCK-2026-00241,2026-06-25 12:05:51,CIVIL_SUPPORT_REFERRED,FALSE_ALARM_REPORTED,97
OUT-2026-00242,TCK-2026-00242,2025-11-27 22:05:42,SEIZURE_EXECUTED,NEW_CORRIDOR_DISCOVERED,75
OUT-2026-00243,TCK-2026-00243,2025-04-30 08:43:54,CIVIL_SUPPORT_REFERRED,MODEL_PREDICTION_VERIFIED,95
OUT-2026-00244,TCK-2026-00244,2026-08-05 02:17:33,SEIZURE_EXECUTED,MODEL_PREDICTION_VERIFIED,90
OUT-2026-00245,TCK-2026-00245,2026-05-05 18:35:02,UNSUBSTANTIATED_TIP,FALSE_ALARM_REPORTED,98
OUT-2026-00246,TCK-2026-00246,2026-03-14 05:41:48,UNSUBSTANTIATED_TIP,MODEL_PREDICTION_VERIFIED,96
OUT-2026-00247,TCK-2026-00247,2026-06-23 16:00:27,CIVIL_SUPPORT_REFERRED,MODEL_PREDICTION_VERIFIED,94
OUT-2026-00248,TCK-2026-00248,2026-05-10 07:30:33,UNSUBSTANTIATED_TIP,MODEL_PREDICTION_VERIFIED,98
OUT-2026-00249,TCK-2026-00249,2025-09-04 22:08:35,SEIZURE_EXECUTED,NEW_CORRIDOR_DISCOVERED,99
OUT-2026-00250,TCK-2026-00250,2025-07-02 09:26:12,UNSUBSTANTIATED_TIP,MODEL_PREDICTION_VERIFIED,94
OUT-2026-00251,TCK-2026-00251,2026-02-09 17:34:16,SEIZURE_EXECUTED,FALSE_ALARM_REPORTED,99
OUT-2026-00252,TCK-2026-00252,2026-06-15 22:23:28,UNSUBSTANTIATED_TIP,FALSE_ALARM_REPORTED,80
OUT-2026-00253,TCK-2026-00253,2025-11-19 09:01:28,UNSUBSTANTIATED_TIP,MODEL_PREDICTION_VERIFIED,86
OUT-2026-00254,TCK-2026-00254,2025-12-15 06:03:32,PREVENTIVE_DETERRENCE_ACHIEVED,FALSE_ALARM_REPORTED,91
OUT-2026-00255,TCK-2026-00255,2025-10-05 22:34:32,CIVIL_SUPPORT_REFERRED,MODEL_PREDICTION_VERIFIED,89
OUT-2026-00256,TCK-2026-00256,2026-07-15 07:26:33,UNSUBSTANTIATED_TIP,MODEL_PREDICTION_VERIFIED,81
OUT-2026-00257,TCK-2026-00257,2025-08-22 16:35:12,CIVIL_SUPPORT_REFERRED,MODEL_PREDICTION_VERIFIED,83
OUT-2026-00258,TCK-2026-00258,2026-02-22 15:05:00,UNSUBSTANTIATED_TIP,NEW_CORRIDOR_DISCOVERED,77
OUT-2026-00259,TCK-2026-00259,2025-10-31 14:59:32,SEIZURE_EXECUTED,MODEL_PREDICTION_VERIFIED,98
OUT-2026-00260,TCK-2026-00260,2026-06-08 08:16:03,SEIZURE_EXECUTED,FALSE_ALARM_REPORTED,93
OUT-2026-00261,TCK-2026-00261,2026-05-30 10:44:39,CIVIL_SUPPORT_REFERRED,NEW_CORRIDOR_DISCOVERED,79
OUT-2026-00262,TCK-2026-00262,2026-04-21 13:32:27,PREVENTIVE_DETERRENCE_ACHIEVED,FALSE_ALARM_REPORTED,96
OUT-2026-00263,TCK-2026-00263,2026-07-04 11:07:53,CIVIL_SUPPORT_REFERRED,NEW_CORRIDOR_DISCOVERED,90
OUT-2026-00264,TCK-2026-00264,2026-03-27 03:12:27,CIVIL_SUPPORT_REFERRED,FALSE_ALARM_REPORTED,78
OUT-2026-00265,TCK-2026-00265,2025-08-18 11:12:33,SEIZURE_EXECUTED,MODEL_PREDICTION_VERIFIED,84
OUT-2026-00266,TCK-2026-00266,2026-03-05 03:34:03,SEIZURE_EXECUTED,MODEL_PREDICTION_VERIFIED,87
OUT-2026-00267,TCK-2026-00267,2025-07-24 08:26:44,PREVENTIVE_DETERRENCE_ACHIEVED,NEW_CORRIDOR_DISCOVERED,78
OUT-2026-00268,TCK-2026-00268,2026-05-17 19:43:09,SEIZURE_EXECUTED,FALSE_ALARM_REPORTED,84
OUT-2026-00269,TCK-2026-00269,2026-01-04 08:50:23,UNSUBSTANTIATED_TIP,MODEL_PREDICTION_VERIFIED,92
OUT-2026-00270,TCK-2026-00270,2025-04-25 16:43:24,SEIZURE_EXECUTED,NEW_CORRIDOR_DISCOVERED,95
OUT-2026-00271,TCK-2026-00271,2025-04-13 20:05:19,UNSUBSTANTIATED_TIP,MODEL_PREDICTION_VERIFIED,76
OUT-2026-00272,TCK-2026-00272,2025-06-29 14:25:37,CIVIL_SUPPORT_REFERRED,NEW_CORRIDOR_DISCOVERED,93
OUT-2026-00273,TCK-2026-00273,2025-04-07 18:50:32,UNSUBSTANTIATED_TIP,MODEL_PREDICTION_VERIFIED,85
OUT-2026-00274,TCK-2026-00274,2025-07-16 04:49:03,UNSUBSTANTIATED_TIP,MODEL_PREDICTION_VERIFIED,96
OUT-2026-00275,TCK-2026-00275,2025-06-24 16:59:35,PREVENTIVE_DETERRENCE_ACHIEVED,NEW_CORRIDOR_DISCOVERED,81
OUT-2026-00276,TCK-2026-00276,2026-08-07 06:37:49,SEIZURE_EXECUTED,MODEL_PREDICTION_VERIFIED,91
OUT-2026-00277,TCK-2026-00277,2025-06-29 15:19:53,CIVIL_SUPPORT_REFERRED,FALSE_ALARM_REPORTED,92
OUT-2026-00278,TCK-2026-00278,2025-07-28 00:15:09,SEIZURE_EXECUTED,FALSE_ALARM_REPORTED,76
OUT-2026-00279,TCK-2026-00279,2026-03-10 16:46:19,PREVENTIVE_DETERRENCE_ACHIEVED,MODEL_PREDICTION_VERIFIED,92
OUT-2026-00280,TCK-2026-00280,2026-07-17 18:52:36,PREVENTIVE_DETERRENCE_ACHIEVED,MODEL_PREDICTION_VERIFIED,80
OUT-2026-00281,TCK-2026-00281,2025-10-20 14:22:12,SEIZURE_EXECUTED,FALSE_ALARM_REPORTED,78
OUT-2026-00282,TCK-2026-00282,2025-07-02 13:58:45,PREVENTIVE_DETERRENCE_ACHIEVED,NEW_CORRIDOR_DISCOVERED,97
OUT-2026-00283,TCK-2026-00283,2025-08-13 22:16:30,SEIZURE_EXECUTED,NEW_CORRIDOR_DISCOVERED,97
OUT-2026-00284,TCK-2026-00284,2025-09-01 14:44:16,CIVIL_SUPPORT_REFERRED,NEW_CORRIDOR_DISCOVERED,95
OUT-2026-00285,TCK-2026-00285,2026-05-19 17:43:19,CIVIL_SUPPORT_REFERRED,MODEL_PREDICTION_VERIFIED,84
OUT-2026-00286,TCK-2026-00286,2025-07-03 03:21:53,PREVENTIVE_DETERRENCE_ACHIEVED,NEW_CORRIDOR_DISCOVERED,77
OUT-2026-00287,TCK-2026-00287,2026-07-05 00:04:45,PREVENTIVE_DETERRENCE_ACHIEVED,FALSE_ALARM_REPORTED,83
OUT-2026-00288,TCK-2026-00288,2026-05-29 03:11:42,UNSUBSTANTIATED_TIP,MODEL_PREDICTION_VERIFIED,83
OUT-2026-00289,TCK-2026-00289,2025-08-30 00:09:31,PREVENTIVE_DETERRENCE_ACHIEVED,MODEL_PREDICTION_VERIFIED,76
OUT-2026-00290,TCK-2026-00290,2025-08-10 23:38:28,PREVENTIVE_DETERRENCE_ACHIEVED,FALSE_ALARM_REPORTED,98
OUT-2026-00291,TCK-2026-00291,2026-02-05 10:11:32,UNSUBSTANTIATED_TIP,FALSE_ALARM_REPORTED,80
OUT-2026-00292,TCK-2026-00292,2025-07-02 03:12:06,SEIZURE_EXECUTED,MODEL_PREDICTION_VERIFIED,93
OUT-2026-00293,TCK-2026-00293,2025-11-25 20:34:20,SEIZURE_EXECUTED,FALSE_ALARM_REPORTED,86
OUT-2026-00294,TCK-2026-00294,2025-10-19 14:55:09,SEIZURE_EXECUTED,FALSE_ALARM_REPORTED,82
OUT-2026-00295,TCK-2026-00295,2026-02-16 00:05:04,UNSUBSTANTIATED_TIP,FALSE_ALARM_REPORTED,86
OUT-2026-00296,TCK-2026-00296,2026-04-18 08:17:12,SEIZURE_EXECUTED,MODEL_PREDICTION_VERIFIED,77
OUT-2026-00297,TCK-2026-00297,2025-06-09 18:44:19,SEIZURE_EXECUTED,FALSE_ALARM_REPORTED,96
OUT-2026-00298,TCK-2026-00298,2025-08-09 20:48:45,SEIZURE_EXECUTED,NEW_CORRIDOR_DISCOVERED,85
OUT-2026-00299,TCK-2026-00299,2025-11-08 14:48:38,UNSUBSTANTIATED_TIP,MODEL_PREDICTION_VERIFIED,76
OUT-2026-00300,TCK-2026-00300,2025-07-31 19:24:15,PREVENTIVE_DETERRENCE_ACHIEVED,FALSE_ALARM_REPORTED,84
OUT-2026-00301,TCK-2026-00301,2026-05-11 08:01:45,PREVENTIVE_DETERRENCE_ACHIEVED,FALSE_ALARM_REPORTED,91
OUT-2026-00302,TCK-2026-00302,2026-01-09 10:30:22,PREVENTIVE_DETERRENCE_ACHIEVED,FALSE_ALARM_REPORTED,96
OUT-2026-00303,TCK-2026-00303,2026-02-13 13:40:24,UNSUBSTANTIATED_TIP,FALSE_ALARM_REPORTED,87
OUT-2026-00304,TCK-2026-00304,2026-07-31 03:59:39,CIVIL_SUPPORT_REFERRED,MODEL_PREDICTION_VERIFIED,77
OUT-2026-00305,TCK-2026-00305,2025-08-26 16:42:39,PREVENTIVE_DETERRENCE_ACHIEVED,NEW_CORRIDOR_DISCOVERED,98
OUT-2026-00306,TCK-2026-00306,2025-12-07 03:02:02,CIVIL_SUPPORT_REFERRED,MODEL_PREDICTION_VERIFIED,76
OUT-2026-00307,TCK-2026-00307,2025-04-23 10:25:06,CIVIL_SUPPORT_REFERRED,NEW_CORRIDOR_DISCOVERED,94
OUT-2026-00308,TCK-2026-00308,2025-05-16 12:01:48,PREVENTIVE_DETERRENCE_ACHIEVED,NEW_CORRIDOR_DISCOVERED,97
OUT-2026-00309,TCK-2026-00309,2026-06-22 07:42:41,UNSUBSTANTIATED_TIP,FALSE_ALARM_REPORTED,79
OUT-2026-00310,TCK-2026-00310,2025-04-16 23:46:43,UNSUBSTANTIATED_TIP,MODEL_PREDICTION_VERIFIED,92
OUT-2026-00311,TCK-2026-00311,2025-12-20 13:50:48,UNSUBSTANTIATED_TIP,NEW_CORRIDOR_DISCOVERED,79
OUT-2026-00312,TCK-2026-00312,2025-05-27 09:22:43,PREVENTIVE_DETERRENCE_ACHIEVED,FALSE_ALARM_REPORTED,96
OUT-2026-00313,TCK-2026-00313,2026-05-19 17:55:11,SEIZURE_EXECUTED,FALSE_ALARM_REPORTED,76
OUT-2026-00314,TCK-2026-00314,2025-06-09 07:43:21,CIVIL_SUPPORT_REFERRED,NEW_CORRIDOR_DISCOVERED,87
OUT-2026-00315,TCK-2026-00315,2026-06-02 01:23:23,UNSUBSTANTIATED_TIP,FALSE_ALARM_REPORTED,86
OUT-2026-00316,TCK-2026-00316,2026-07-16 22:34:14,PREVENTIVE_DETERRENCE_ACHIEVED,FALSE_ALARM_REPORTED,94
OUT-2026-00317,TCK-2026-00317,2025-09-26 15:55:54,UNSUBSTANTIATED_TIP,MODEL_PREDICTION_VERIFIED,98
OUT-2026-00318,TCK-2026-00318,2025-10-29 03:31:03,PREVENTIVE_DETERRENCE_ACHIEVED,MODEL_PREDICTION_VERIFIED,83
OUT-2026-00319,TCK-2026-00319,2025-09-25 06:51:50,SEIZURE_EXECUTED,NEW_CORRIDOR_DISCOVERED,84
OUT-2026-00320,TCK-2026-00320,2025-12-03 09:22:44,UNSUBSTANTIATED_TIP,NEW_CORRIDOR_DISCOVERED,75
OUT-2026-00321,TCK-2026-00321,2026-01-13 23:44:28,PREVENTIVE_DETERRENCE_ACHIEVED,NEW_CORRIDOR_DISCOVERED,97
OUT-2026-00322,TCK-2026-00322,2025-11-17 22:14:02,SEIZURE_EXECUTED,FALSE_ALARM_REPORTED,95
OUT-2026-00323,TCK-2026-00323,2025-11-07 10:07:21,UNSUBSTANTIATED_TIP,NEW_CORRIDOR_DISCOVERED,99
OUT-2026-00324,TCK-2026-00324,2026-02-25 21:46:20,SEIZURE_EXECUTED,NEW_CORRIDOR_DISCOVERED,95
OUT-2026-00325,TCK-2026-00325,2025-08-11 03:05:33,PREVENTIVE_DETERRENCE_ACHIEVED,MODEL_PREDICTION_VERIFIED,82
OUT-2026-00326,TCK-2026-00326,2025-10-21 10:05:51,SEIZURE_EXECUTED,FALSE_ALARM_REPORTED,78
OUT-2026-00327,TCK-2026-00327,2025-07-04 12:13:16,CIVIL_SUPPORT_REFERRED,MODEL_PREDICTION_VERIFIED,89
OUT-2026-00328,TCK-2026-00328,2025-04-19 13:19:13,SEIZURE_EXECUTED,NEW_CORRIDOR_DISCOVERED,96
OUT-2026-00329,TCK-2026-00329,2025-11-03 10:22:34,SEIZURE_EXECUTED,MODEL_PREDICTION_VERIFIED,79
OUT-2026-00330,TCK-2026-00330,2025-09-13 23:02:16,UNSUBSTANTIATED_TIP,NEW_CORRIDOR_DISCOVERED,75
OUT-2026-00331,TCK-2026-00331,2026-07-16 02:44:15,SEIZURE_EXECUTED,MODEL_PREDICTION_VERIFIED,98
OUT-2026-00332,TCK-2026-00332,2025-09-06 14:22:06,PREVENTIVE_DETERRENCE_ACHIEVED,MODEL_PREDICTION_VERIFIED,92
OUT-2026-00333,TCK-2026-00333,2025-12-29 22:12:36,UNSUBSTANTIATED_TIP,NEW_CORRIDOR_DISCOVERED,84
OUT-2026-00334,TCK-2026-00334,2025-06-03 19:20:48,CIVIL_SUPPORT_REFERRED,MODEL_PREDICTION_VERIFIED,90
OUT-2026-00335,TCK-2026-00335,2025-04-11 23:30:37,CIVIL_SUPPORT_REFERRED,MODEL_PREDICTION_VERIFIED,93
OUT-2026-00336,TCK-2026-00336,2026-01-06 23:25:56,CIVIL_SUPPORT_REFERRED,NEW_CORRIDOR_DISCOVERED,82
OUT-2026-00337,TCK-2026-00337,2025-12-18 20:53:16,PREVENTIVE_DETERRENCE_ACHIEVED,NEW_CORRIDOR_DISCOVERED,85
OUT-2026-00338,TCK-2026-00338,2025-05-10 18:45:51,UNSUBSTANTIATED_TIP,FALSE_ALARM_REPORTED,78
OUT-2026-00339,TCK-2026-00339,2025-07-02 10:29:31,UNSUBSTANTIATED_TIP,FALSE_ALARM_REPORTED,96
OUT-2026-00340,TCK-2026-00340,2025-06-26 17:57:07,SEIZURE_EXECUTED,FALSE_ALARM_REPORTED,79
OUT-2026-00341,TCK-2026-00341,2026-05-18 08:31:59,SEIZURE_EXECUTED,MODEL_PREDICTION_VERIFIED,96
OUT-2026-00342,TCK-2026-00342,2025-07-12 14:26:12,UNSUBSTANTIATED_TIP,MODEL_PREDICTION_VERIFIED,98
OUT-2026-00343,TCK-2026-00343,2025-05-27 16:07:04,SEIZURE_EXECUTED,FALSE_ALARM_REPORTED,88
OUT-2026-00344,TCK-2026-00344,2026-07-21 14:15:52,SEIZURE_EXECUTED,FALSE_ALARM_REPORTED,93
OUT-2026-00345,TCK-2026-00345,2025-12-13 11:57:59,SEIZURE_EXECUTED,FALSE_ALARM_REPORTED,99
OUT-2026-00346,TCK-2026-00346,2026-04-06 06:50:33,CIVIL_SUPPORT_REFERRED,MODEL_PREDICTION_VERIFIED,86
OUT-2026-00347,TCK-2026-00347,2025-08-14 18:10:52,SEIZURE_EXECUTED,MODEL_PREDICTION_VERIFIED,83
OUT-2026-00348,TCK-2026-00348,2025-05-17 09:44:39,SEIZURE_EXECUTED,NEW_CORRIDOR_DISCOVERED,89
OUT-2026-00349,TCK-2026-00349,2026-03-13 23:18:27,UNSUBSTANTIATED_TIP,FALSE_ALARM_REPORTED,77
OUT-2026-00350,TCK-2026-00350,2025-04-18 05:21:53,UNSUBSTANTIATED_TIP,NEW_CORRIDOR_DISCOVERED,77
OUT-2026-00351,TCK-2026-00351,2026-08-14 03:55:36,CIVIL_SUPPORT_REFERRED,NEW_CORRIDOR_DISCOVERED,87
OUT-2026-00352,TCK-2026-00352,2026-06-12 23:12:10,SEIZURE_EXECUTED,NEW_CORRIDOR_DISCOVERED,97
OUT-2026-00353,TCK-2026-00353,2025-05-01 01:08:31,PREVENTIVE_DETERRENCE_ACHIEVED,FALSE_ALARM_REPORTED,85
OUT-2026-00354,TCK-2026-00354,2026-02-05 11:29:13,UNSUBSTANTIATED_TIP,MODEL_PREDICTION_VERIFIED,80
OUT-2026-00355,TCK-2026-00355,2025-10-27 04:26:29,CIVIL_SUPPORT_REFERRED,MODEL_PREDICTION_VERIFIED,98
OUT-2026-00356,TCK-2026-00356,2025-06-19 20:26:00,PREVENTIVE_DETERRENCE_ACHIEVED,NEW_CORRIDOR_DISCOVERED,84
OUT-2026-00357,TCK-2026-00357,2025-05-27 16:34:28,CIVIL_SUPPORT_REFERRED,FALSE_ALARM_REPORTED,99
OUT-2026-00358,TCK-2026-00358,2025-08-27 05:50:40,PREVENTIVE_DETERRENCE_ACHIEVED,NEW_CORRIDOR_DISCOVERED,99
OUT-2026-00359,TCK-2026-00359,2026-08-19 20:21:42,CIVIL_SUPPORT_REFERRED,FALSE_ALARM_REPORTED,94
OUT-2026-00360,TCK-2026-00360,2025-11-03 06:57:35,UNSUBSTANTIATED_TIP,NEW_CORRIDOR_DISCOVERED,91
OUT-2026-00361,TCK-2026-00361,2026-04-16 13:57:22,SEIZURE_EXECUTED,NEW_CORRIDOR_DISCOVERED,95
OUT-2026-00362,TCK-2026-00362,2026-03-13 05:48:26,UNSUBSTANTIATED_TIP,NEW_CORRIDOR_DISCOVERED,97
OUT-2026-00363,TCK-2026-00363,2026-08-15 00:21:19,UNSUBSTANTIATED_TIP,MODEL_PREDICTION_VERIFIED,88
OUT-2026-00364,TCK-2026-00364,2025-09-22 03:43:43,UNSUBSTANTIATED_TIP,MODEL_PREDICTION_VERIFIED,89
OUT-2026-00365,TCK-2026-00365,2025-09-20 17:08:08,CIVIL_SUPPORT_REFERRED,MODEL_PREDICTION_VERIFIED,85
OUT-2026-00366,TCK-2026-00366,2025-10-29 12:36:37,UNSUBSTANTIATED_TIP,FALSE_ALARM_REPORTED,83
OUT-2026-00367,TCK-2026-00367,2026-01-04 14:34:48,CIVIL_SUPPORT_REFERRED,NEW_CORRIDOR_DISCOVERED,76
OUT-2026-00368,TCK-2026-00368,2026-08-18 20:04:46,UNSUBSTANTIATED_TIP,FALSE_ALARM_REPORTED,85
OUT-2026-00369,TCK-2026-00369,2025-12-24 21:55:32,UNSUBSTANTIATED_TIP,NEW_CORRIDOR_DISCOVERED,89
OUT-2026-00370,TCK-2026-00370,2025-09-10 04:12:23,PREVENTIVE_DETERRENCE_ACHIEVED,FALSE_ALARM_REPORTED,91
OUT-2026-00371,TCK-2026-00371,2026-06-05 07:36:50,SEIZURE_EXECUTED,FALSE_ALARM_REPORTED,86
OUT-2026-00372,TCK-2026-00372,2025-12-13 06:42:04,UNSUBSTANTIATED_TIP,NEW_CORRIDOR_DISCOVERED,88
OUT-2026-00373,TCK-2026-00373,2025-12-30 12:36:17,PREVENTIVE_DETERRENCE_ACHIEVED,FALSE_ALARM_REPORTED,85
OUT-2026-00374,TCK-2026-00374,2025-06-07 23:12:21,SEIZURE_EXECUTED,MODEL_PREDICTION_VERIFIED,86
OUT-2026-00375,TCK-2026-00375,2026-05-15 08:01:02,PREVENTIVE_DETERRENCE_ACHIEVED,FALSE_ALARM_REPORTED,89
OUT-2026-00376,TCK-2026-00376,2026-05-29 07:34:53,CIVIL_SUPPORT_REFERRED,FALSE_ALARM_REPORTED,97
OUT-2026-00377,TCK-2026-00377,2026-05-16 11:51:21,PREVENTIVE_DETERRENCE_ACHIEVED,MODEL_PREDICTION_VERIFIED,79
OUT-2026-00378,TCK-2026-00378,2025-04-16 01:53:33,CIVIL_SUPPORT_REFERRED,MODEL_PREDICTION_VERIFIED,87
OUT-2026-00379,TCK-2026-00379,2026-02-25 23:51:47,PREVENTIVE_DETERRENCE_ACHIEVED,NEW_CORRIDOR_DISCOVERED,75
OUT-2026-00380,TCK-2026-00380,2026-07-06 22:22:55,PREVENTIVE_DETERRENCE_ACHIEVED,MODEL_PREDICTION_VERIFIED,88
OUT-2026-00381,TCK-2026-00381,2025-06-12 20:45:47,CIVIL_SUPPORT_REFERRED,MODEL_PREDICTION_VERIFIED,80
OUT-2026-00382,TCK-2026-00382,2026-04-30 09:55:03,PREVENTIVE_DETERRENCE_ACHIEVED,FALSE_ALARM_REPORTED,76
OUT-2026-00383,TCK-2026-00383,2026-07-06 05:15:15,PREVENTIVE_DETERRENCE_ACHIEVED,FALSE_ALARM_REPORTED,84
OUT-2026-00384,TCK-2026-00384,2026-06-30 02:06:03,UNSUBSTANTIATED_TIP,MODEL_PREDICTION_VERIFIED,95
OUT-2026-00385,TCK-2026-00385,2026-03-22 11:44:00,SEIZURE_EXECUTED,MODEL_PREDICTION_VERIFIED,80
OUT-2026-00386,TCK-2026-00386,2025-09-27 06:50:35,UNSUBSTANTIATED_TIP,NEW_CORRIDOR_DISCOVERED,87
OUT-2026-00387,TCK-2026-00387,2025-09-27 20:18:57,UNSUBSTANTIATED_TIP,NEW_CORRIDOR_DISCOVERED,86
OUT-2026-00388,TCK-2026-00388,2026-02-13 22:32:55,SEIZURE_EXECUTED,NEW_CORRIDOR_DISCOVERED,81
OUT-2026-00389,TCK-2026-00389,2025-08-31 12:58:41,PREVENTIVE_DETERRENCE_ACHIEVED,FALSE_ALARM_REPORTED,87
OUT-2026-00390,TCK-2026-00390,2025-12-21 14:39:58,SEIZURE_EXECUTED,NEW_CORRIDOR_DISCOVERED,83
OUT-2026-00391,TCK-2026-00391,2026-04-09 19:01:23,UNSUBSTANTIATED_TIP,FALSE_ALARM_REPORTED,98
OUT-2026-00392,TCK-2026-00392,2026-03-22 03:08:06,UNSUBSTANTIATED_TIP,FALSE_ALARM_REPORTED,84
OUT-2026-00393,TCK-2026-00393,2025-12-03 22:04:02,PREVENTIVE_DETERRENCE_ACHIEVED,FALSE_ALARM_REPORTED,83
OUT-2026-00394,TCK-2026-00394,2025-08-19 17:22:13,PREVENTIVE_DETERRENCE_ACHIEVED,NEW_CORRIDOR_DISCOVERED,96
OUT-2026-00395,TCK-2026-00395,2025-08-08 07:19:42,SEIZURE_EXECUTED,NEW_CORRIDOR_DISCOVERED,97
OUT-2026-00396,TCK-2026-00396,2026-08-14 23:41:30,CIVIL_SUPPORT_REFERRED,MODEL_PREDICTION_VERIFIED,92
OUT-2026-00397,TCK-2026-00397,2026-06-03 17:17:43,CIVIL_SUPPORT_REFERRED,NEW_CORRIDOR_DISCOVERED,79
OUT-2026-00398,TCK-2026-00398,2026-03-31 04:13:05,CIVIL_SUPPORT_REFERRED,NEW_CORRIDOR_DISCOVERED,89
OUT-2026-00399,TCK-2026-00399,2026-03-09 16:45:53,CIVIL_SUPPORT_REFERRED,NEW_CORRIDOR_DISCOVERED,98
OUT-2026-00400,TCK-2026-00400,2025-12-20 00:03:26,SEIZURE_EXECUTED,NEW_CORRIDOR_DISCOVERED,88
OUT-2026-00401,TCK-2026-00401,2026-07-22 22:52:45,UNSUBSTANTIATED_TIP,FALSE_ALARM_REPORTED,76
OUT-2026-00402,TCK-2026-00402,2025-08-26 22:20:04,CIVIL_SUPPORT_REFERRED,NEW_CORRIDOR_DISCOVERED,83
OUT-2026-00403,TCK-2026-00403,2026-01-06 20:36:55,PREVENTIVE_DETERRENCE_ACHIEVED,FALSE_ALARM_REPORTED,85
OUT-2026-00404,TCK-2026-00404,2025-07-01 02:01:00,PREVENTIVE_DETERRENCE_ACHIEVED,NEW_CORRIDOR_DISCOVERED,84
OUT-2026-00405,TCK-2026-00405,2026-06-10 10:03:57,PREVENTIVE_DETERRENCE_ACHIEVED,NEW_CORRIDOR_DISCOVERED,78
OUT-2026-00406,TCK-2026-00406,2025-08-20 09:43:55,PREVENTIVE_DETERRENCE_ACHIEVED,NEW_CORRIDOR_DISCOVERED,83
OUT-2026-00407,TCK-2026-00407,2026-02-18 02:00:45,CIVIL_SUPPORT_REFERRED,FALSE_ALARM_REPORTED,99
OUT-2026-00408,TCK-2026-00408,2025-09-09 14:44:44,PREVENTIVE_DETERRENCE_ACHIEVED,NEW_CORRIDOR_DISCOVERED,91
OUT-2026-00409,TCK-2026-00409,2026-02-24 13:59:24,PREVENTIVE_DETERRENCE_ACHIEVED,MODEL_PREDICTION_VERIFIED,90
OUT-2026-00410,TCK-2026-00410,2026-06-01 19:11:16,UNSUBSTANTIATED_TIP,FALSE_ALARM_REPORTED,98
OUT-2026-00411,TCK-2026-00411,2025-06-11 15:13:51,CIVIL_SUPPORT_REFERRED,NEW_CORRIDOR_DISCOVERED,99
OUT-2026-00412,TCK-2026-00412,2025-09-23 02:18:19,UNSUBSTANTIATED_TIP,MODEL_PREDICTION_VERIFIED,85
OUT-2026-00413,TCK-2026-00413,2026-01-31 11:07:02,SEIZURE_EXECUTED,FALSE_ALARM_REPORTED,77
OUT-2026-00414,TCK-2026-00414,2026-02-16 13:17:17,CIVIL_SUPPORT_REFERRED,MODEL_PREDICTION_VERIFIED,79
OUT-2026-00415,TCK-2026-00415,2025-06-02 12:31:16,SEIZURE_EXECUTED,FALSE_ALARM_REPORTED,76
OUT-2026-00416,TCK-2026-00416,2026-05-11 07:14:20,CIVIL_SUPPORT_REFERRED,NEW_CORRIDOR_DISCOVERED,80
OUT-2026-00417,TCK-2026-00417,2025-10-17 05:25:23,CIVIL_SUPPORT_REFERRED,NEW_CORRIDOR_DISCOVERED,95
OUT-2026-00418,TCK-2026-00418,2025-12-15 17:04:33,UNSUBSTANTIATED_TIP,NEW_CORRIDOR_DISCOVERED,91
OUT-2026-00419,TCK-2026-00419,2026-03-08 01:07:05,CIVIL_SUPPORT_REFERRED,NEW_CORRIDOR_DISCOVERED,78
OUT-2026-00420,TCK-2026-00420,2025-10-29 13:01:42,CIVIL_SUPPORT_REFERRED,NEW_CORRIDOR_DISCOVERED,93
OUT-2026-00421,TCK-2026-00421,2025-08-24 08:30:05,PREVENTIVE_DETERRENCE_ACHIEVED,FALSE_ALARM_REPORTED,78
OUT-2026-00422,TCK-2026-00422,2025-05-21 09:22:32,CIVIL_SUPPORT_REFERRED,MODEL_PREDICTION_VERIFIED,94
OUT-2026-00423,TCK-2026-00423,2026-06-19 23:16:54,UNSUBSTANTIATED_TIP,NEW_CORRIDOR_DISCOVERED,75
OUT-2026-00424,TCK-2026-00424,2026-04-05 19:39:49,UNSUBSTANTIATED_TIP,MODEL_PREDICTION_VERIFIED,82
OUT-2026-00425,TCK-2026-00425,2025-12-23 14:39:09,CIVIL_SUPPORT_REFERRED,MODEL_PREDICTION_VERIFIED,91
OUT-2026-00426,TCK-2026-00426,2026-06-26 12:23:50,SEIZURE_EXECUTED,MODEL_PREDICTION_VERIFIED,82
OUT-2026-00427,TCK-2026-00427,2026-06-26 01:31:13,PREVENTIVE_DETERRENCE_ACHIEVED,MODEL_PREDICTION_VERIFIED,96
OUT-2026-00428,TCK-2026-00428,2026-02-11 23:31:49,CIVIL_SUPPORT_REFERRED,MODEL_PREDICTION_VERIFIED,98
OUT-2026-00429,TCK-2026-00429,2025-12-23 00:08:54,UNSUBSTANTIATED_TIP,MODEL_PREDICTION_VERIFIED,93
OUT-2026-00430,TCK-2026-00430,2025-06-28 15:59:26,PREVENTIVE_DETERRENCE_ACHIEVED,FALSE_ALARM_REPORTED,78
OUT-2026-00431,TCK-2026-00431,2026-06-14 21:57:13,PREVENTIVE_DETERRENCE_ACHIEVED,FALSE_ALARM_REPORTED,89
OUT-2026-00432,TCK-2026-00432,2025-08-09 08:33:21,UNSUBSTANTIATED_TIP,MODEL_PREDICTION_VERIFIED,84
OUT-2026-00433,TCK-2026-00433,2025-04-21 14:13:24,SEIZURE_EXECUTED,NEW_CORRIDOR_DISCOVERED,99
OUT-2026-00434,TCK-2026-00434,2026-06-04 07:59:47,UNSUBSTANTIATED_TIP,NEW_CORRIDOR_DISCOVERED,78
OUT-2026-00435,TCK-2026-00435,2026-06-11 07:53:18,UNSUBSTANTIATED_TIP,MODEL_PREDICTION_VERIFIED,84
OUT-2026-00436,TCK-2026-00436,2026-07-20 10:51:15,SEIZURE_EXECUTED,MODEL_PREDICTION_VERIFIED,96
OUT-2026-00437,TCK-2026-00437,2026-01-04 10:48:10,SEIZURE_EXECUTED,MODEL_PREDICTION_VERIFIED,96
OUT-2026-00438,TCK-2026-00438,2025-06-23 22:34:10,CIVIL_SUPPORT_REFERRED,NEW_CORRIDOR_DISCOVERED,94
OUT-2026-00439,TCK-2026-00439,2026-06-18 01:00:13,UNSUBSTANTIATED_TIP,FALSE_ALARM_REPORTED,82
OUT-2026-00440,TCK-2026-00440,2026-03-23 19:15:48,UNSUBSTANTIATED_TIP,FALSE_ALARM_REPORTED,85
OUT-2026-00441,TCK-2026-00441,2026-07-21 12:50:03,UNSUBSTANTIATED_TIP,FALSE_ALARM_REPORTED,90
OUT-2026-00442,TCK-2026-00442,2025-05-12 01:28:24,UNSUBSTANTIATED_TIP,MODEL_PREDICTION_VERIFIED,93
OUT-2026-00443,TCK-2026-00443,2025-07-14 14:34:12,SEIZURE_EXECUTED,NEW_CORRIDOR_DISCOVERED,81
OUT-2026-00444,TCK-2026-00444,2025-10-11 00:10:50,CIVIL_SUPPORT_REFERRED,FALSE_ALARM_REPORTED,82
OUT-2026-00445,TCK-2026-00445,2025-06-08 23:51:15,SEIZURE_EXECUTED,MODEL_PREDICTION_VERIFIED,89
OUT-2026-00446,TCK-2026-00446,2025-11-04 16:02:28,UNSUBSTANTIATED_TIP,FALSE_ALARM_REPORTED,92
OUT-2026-00447,TCK-2026-00447,2025-04-30 04:13:36,UNSUBSTANTIATED_TIP,FALSE_ALARM_REPORTED,80
OUT-2026-00448,TCK-2026-00448,2026-06-26 09:14:31,UNSUBSTANTIATED_TIP,FALSE_ALARM_REPORTED,90
OUT-2026-00449,TCK-2026-00449,2026-07-16 21:41:21,PREVENTIVE_DETERRENCE_ACHIEVED,NEW_CORRIDOR_DISCOVERED,81
OUT-2026-00450,TCK-2026-00450,2026-02-11 00:11:44,CIVIL_SUPPORT_REFERRED,FALSE_ALARM_REPORTED,76
OUT-2026-00451,TCK-2026-00451,2025-08-31 07:36:18,UNSUBSTANTIATED_TIP,NEW_CORRIDOR_DISCOVERED,94
OUT-2026-00452,TCK-2026-00452,2026-03-28 18:47:19,CIVIL_SUPPORT_REFERRED,NEW_CORRIDOR_DISCOVERED,97
OUT-2026-00453,TCK-2026-00453,2026-07-16 02:17:30,UNSUBSTANTIATED_TIP,MODEL_PREDICTION_VERIFIED,92
OUT-2026-00454,TCK-2026-00454,2025-05-15 16:00:14,CIVIL_SUPPORT_REFERRED,FALSE_ALARM_REPORTED,84
OUT-2026-00455,TCK-2026-00455,2025-10-16 13:50:37,UNSUBSTANTIATED_TIP,MODEL_PREDICTION_VERIFIED,82
OUT-2026-00456,TCK-2026-00456,2025-11-29 04:53:59,UNSUBSTANTIATED_TIP,MODEL_PREDICTION_VERIFIED,77
OUT-2026-00457,TCK-2026-00457,2025-11-25 21:00:36,SEIZURE_EXECUTED,MODEL_PREDICTION_VERIFIED,88
OUT-2026-00458,TCK-2026-00458,2025-10-09 20:45:25,PREVENTIVE_DETERRENCE_ACHIEVED,NEW_CORRIDOR_DISCOVERED,81
OUT-2026-00459,TCK-2026-00459,2025-10-24 22:51:46,SEIZURE_EXECUTED,MODEL_PREDICTION_VERIFIED,87
OUT-2026-00460,TCK-2026-00460,2025-04-08 06:30:18,UNSUBSTANTIATED_TIP,FALSE_ALARM_REPORTED,91
OUT-2026-00461,TCK-2026-00461,2026-02-10 23:54:01,CIVIL_SUPPORT_REFERRED,MODEL_PREDICTION_VERIFIED,98
OUT-2026-00462,TCK-2026-00462,2025-04-30 12:39:02,SEIZURE_EXECUTED,MODEL_PREDICTION_VERIFIED,76
OUT-2026-00463,TCK-2026-00463,2025-04-27 05:56:09,PREVENTIVE_DETERRENCE_ACHIEVED,MODEL_PREDICTION_VERIFIED,83
OUT-2026-00464,TCK-2026-00464,2026-01-24 17:31:30,CIVIL_SUPPORT_REFERRED,NEW_CORRIDOR_DISCOVERED,87
OUT-2026-00465,TCK-2026-00465,2025-04-22 15:07:47,CIVIL_SUPPORT_REFERRED,FALSE_ALARM_REPORTED,83
OUT-2026-00466,TCK-2026-00466,2026-06-07 23:40:23,UNSUBSTANTIATED_TIP,MODEL_PREDICTION_VERIFIED,84
OUT-2026-00467,TCK-2026-00467,2026-04-25 09:35:22,CIVIL_SUPPORT_REFERRED,FALSE_ALARM_REPORTED,81
OUT-2026-00468,TCK-2026-00468,2026-07-07 15:14:48,SEIZURE_EXECUTED,MODEL_PREDICTION_VERIFIED,88
OUT-2026-00469,TCK-2026-00469,2025-10-18 15:14:28,PREVENTIVE_DETERRENCE_ACHIEVED,MODEL_PREDICTION_VERIFIED,82
OUT-2026-00470,TCK-2026-00470,2026-02-14 13:09:29,PREVENTIVE_DETERRENCE_ACHIEVED,FALSE_ALARM_REPORTED,82
OUT-2026-00471,TCK-2026-00471,2026-01-06 01:36:54,UNSUBSTANTIATED_TIP,FALSE_ALARM_REPORTED,92
OUT-2026-00472,TCK-2026-00472,2026-05-07 15:15:22,SEIZURE_EXECUTED,MODEL_PREDICTION_VERIFIED,97
OUT-2026-00473,TCK-2026-00473,2025-12-13 12:31:00,PREVENTIVE_DETERRENCE_ACHIEVED,NEW_CORRIDOR_DISCOVERED,83
OUT-2026-00474,TCK-2026-00474,2026-01-28 04:18:16,CIVIL_SUPPORT_REFERRED,FALSE_ALARM_REPORTED,86
OUT-2026-00475,TCK-2026-00475,2025-06-08 09:46:42,UNSUBSTANTIATED_TIP,MODEL_PREDICTION_VERIFIED,96
OUT-2026-00476,TCK-2026-00476,2025-06-28 20:37:51,PREVENTIVE_DETERRENCE_ACHIEVED,MODEL_PREDICTION_VERIFIED,77
OUT-2026-00477,TCK-2026-00477,2025-11-16 17:03:54,PREVENTIVE_DETERRENCE_ACHIEVED,NEW_CORRIDOR_DISCOVERED,88
OUT-2026-00478,TCK-2026-00478,2025-07-06 08:27:22,SEIZURE_EXECUTED,FALSE_ALARM_REPORTED,92
OUT-2026-00479,TCK-2026-00479,2026-06-13 09:31:57,CIVIL_SUPPORT_REFERRED,FALSE_ALARM_REPORTED,82
OUT-2026-00480,TCK-2026-00480,2026-02-19 13:17:32,CIVIL_SUPPORT_REFERRED,NEW_CORRIDOR_DISCOVERED,91
OUT-2026-00481,TCK-2026-00481,2025-06-17 11:14:30,SEIZURE_EXECUTED,FALSE_ALARM_REPORTED,81
OUT-2026-00482,TCK-2026-00482,2026-01-19 11:36:44,CIVIL_SUPPORT_REFERRED,NEW_CORRIDOR_DISCOVERED,97
OUT-2026-00483,TCK-2026-00483,2025-12-17 22:45:43,PREVENTIVE_DETERRENCE_ACHIEVED,NEW_CORRIDOR_DISCOVERED,82
OUT-2026-00484,TCK-2026-00484,2026-02-04 23:14:58,SEIZURE_EXECUTED,FALSE_ALARM_REPORTED,96
OUT-2026-00485,TCK-2026-00485,2026-02-19 17:21:21,CIVIL_SUPPORT_REFERRED,NEW_CORRIDOR_DISCOVERED,77
OUT-2026-00486,TCK-2026-00486,2026-05-27 20:48:02,UNSUBSTANTIATED_TIP,FALSE_ALARM_REPORTED,78
OUT-2026-00487,TCK-2026-00487,2026-07-01 09:34:04,CIVIL_SUPPORT_REFERRED,NEW_CORRIDOR_DISCOVERED,90
OUT-2026-00488,TCK-2026-00488,2025-12-11 18:12:37,PREVENTIVE_DETERRENCE_ACHIEVED,MODEL_PREDICTION_VERIFIED,97
OUT-2026-00489,TCK-2026-00489,2026-04-06 07:35:53,UNSUBSTANTIATED_TIP,FALSE_ALARM_REPORTED,84
OUT-2026-00490,TCK-2026-00490,2026-01-21 00:04:54,SEIZURE_EXECUTED,MODEL_PREDICTION_VERIFIED,78
OUT-2026-00491,TCK-2026-00491,2025-12-10 10:44:22,CIVIL_SUPPORT_REFERRED,MODEL_PREDICTION_VERIFIED,85
OUT-2026-00492,TCK-2026-00492,2025-11-02 13:37:45,PREVENTIVE_DETERRENCE_ACHIEVED,MODEL_PREDICTION_VERIFIED,91
OUT-2026-00493,TCK-2026-00493,2026-05-29 13:13:00,PREVENTIVE_DETERRENCE_ACHIEVED,NEW_CORRIDOR_DISCOVERED,98
OUT-2026-00494,TCK-2026-00494,2025-10-13 14:10:38,UNSUBSTANTIATED_TIP,FALSE_ALARM_REPORTED,75
OUT-2026-00495,TCK-2026-00495,2025-12-10 19:36:16,PREVENTIVE_DETERRENCE_ACHIEVED,NEW_CORRIDOR_DISCOVERED,75
OUT-2026-00496,TCK-2026-00496,2025-09-27 19:18:23,CIVIL_SUPPORT_REFERRED,NEW_CORRIDOR_DISCOVERED,86
OUT-2026-00497,TCK-2026-00497,2026-05-17 06:44:51,CIVIL_SUPPORT_REFERRED,FALSE_ALARM_REPORTED,86
OUT-2026-00498,TCK-2026-00498,2025-05-12 12:25:05,CIVIL_SUPPORT_REFERRED,NEW_CORRIDOR_DISCOVERED,96
OUT-2026-00499,TCK-2026-00499,2026-02-27 20:19:17,PREVENTIVE_DETERRENCE_ACHIEVED,MODEL_PREDICTION_VERIFIED,78
OUT-2026-00500,TCK-2026-00500,2026-03-10 05:56:31,SEIZURE_EXECUTED,MODEL_PREDICTION_VERIFIED,89
OUT-2026-00501,TCK-2026-00501,2026-03-06 07:44:53,PREVENTIVE_DETERRENCE_ACHIEVED,MODEL_PREDICTION_VERIFIED,98
OUT-2026-00502,TCK-2026-00502,2026-06-03 09:06:07,UNSUBSTANTIATED_TIP,MODEL_PREDICTION_VERIFIED,79
OUT-2026-00503,TCK-2026-00503,2026-04-19 04:49:23,UNSUBSTANTIATED_TIP,NEW_CORRIDOR_DISCOVERED,84
OUT-2026-00504,TCK-2026-00504,2025-08-15 01:42:55,SEIZURE_EXECUTED,FALSE_ALARM_REPORTED,78
OUT-2026-00505,TCK-2026-00505,2025-09-10 19:44:39,PREVENTIVE_DETERRENCE_ACHIEVED,MODEL_PREDICTION_VERIFIED,78
OUT-2026-00506,TCK-2026-00506,2026-07-21 16:34:40,SEIZURE_EXECUTED,NEW_CORRIDOR_DISCOVERED,91
OUT-2026-00507,TCK-2026-00507,2026-05-04 21:06:39,CIVIL_SUPPORT_REFERRED,FALSE_ALARM_REPORTED,96
OUT-2026-00508,TCK-2026-00508,2025-12-11 01:40:33,SEIZURE_EXECUTED,NEW_CORRIDOR_DISCOVERED,99
OUT-2026-00509,TCK-2026-00509,2025-06-17 00:15:52,PREVENTIVE_DETERRENCE_ACHIEVED,FALSE_ALARM_REPORTED,84
OUT-2026-00510,TCK-2026-00510,2025-08-11 14:00:43,SEIZURE_EXECUTED,NEW_CORRIDOR_DISCOVERED,75
OUT-2026-00511,TCK-2026-00511,2025-05-12 23:37:11,SEIZURE_EXECUTED,FALSE_ALARM_REPORTED,89
OUT-2026-00512,TCK-2026-00512,2026-05-13 06:04:03,PREVENTIVE_DETERRENCE_ACHIEVED,MODEL_PREDICTION_VERIFIED,76
OUT-2026-00513,TCK-2026-00513,2025-04-12 01:20:03,UNSUBSTANTIATED_TIP,NEW_CORRIDOR_DISCOVERED,77
OUT-2026-00514,TCK-2026-00514,2025-05-29 00:09:24,CIVIL_SUPPORT_REFERRED,FALSE_ALARM_REPORTED,98
OUT-2026-00515,TCK-2026-00515,2026-03-29 23:08:17,CIVIL_SUPPORT_REFERRED,FALSE_ALARM_REPORTED,99
OUT-2026-00516,TCK-2026-00516,2026-02-12 13:08:49,UNSUBSTANTIATED_TIP,NEW_CORRIDOR_DISCOVERED,84
OUT-2026-00517,TCK-2026-00517,2025-09-25 19:49:50,PREVENTIVE_DETERRENCE_ACHIEVED,MODEL_PREDICTION_VERIFIED,75
OUT-2026-00518,TCK-2026-00518,2025-05-13 19:51:53,UNSUBSTANTIATED_TIP,NEW_CORRIDOR_DISCOVERED,91
OUT-2026-00519,TCK-2026-00519,2025-10-28 05:40:24,PREVENTIVE_DETERRENCE_ACHIEVED,NEW_CORRIDOR_DISCOVERED,90
OUT-2026-00520,TCK-2026-00520,2025-06-05 14:50:14,PREVENTIVE_DETERRENCE_ACHIEVED,MODEL_PREDICTION_VERIFIED,99
OUT-2026-00521,TCK-2026-00521,2025-05-31 11:47:40,CIVIL_SUPPORT_REFERRED,FALSE_ALARM_REPORTED,96
OUT-2026-00522,TCK-2026-00522,2025-12-14 22:19:42,UNSUBSTANTIATED_TIP,NEW_CORRIDOR_DISCOVERED,98
OUT-2026-00523,TCK-2026-00523,2025-11-14 01:33:55,PREVENTIVE_DETERRENCE_ACHIEVED,FALSE_ALARM_REPORTED,75
OUT-2026-00524,TCK-2026-00524,2025-10-04 21:31:35,PREVENTIVE_DETERRENCE_ACHIEVED,NEW_CORRIDOR_DISCOVERED,89
OUT-2026-00525,TCK-2026-00525,2026-07-16 22:50:49,CIVIL_SUPPORT_REFERRED,FALSE_ALARM_REPORTED,96
OUT-2026-00526,TCK-2026-00526,2025-09-18 06:14:47,SEIZURE_EXECUTED,FALSE_ALARM_REPORTED,89
OUT-2026-00527,TCK-2026-00527,2025-09-30 14:22:40,PREVENTIVE_DETERRENCE_ACHIEVED,NEW_CORRIDOR_DISCOVERED,90
OUT-2026-00528,TCK-2026-00528,2026-04-02 11:03:05,SEIZURE_EXECUTED,MODEL_PREDICTION_VERIFIED,84
OUT-2026-00529,TCK-2026-00529,2026-07-04 22:12:38,UNSUBSTANTIATED_TIP,FALSE_ALARM_REPORTED,75
OUT-2026-00530,TCK-2026-00530,2026-01-15 15:50:05,UNSUBSTANTIATED_TIP,NEW_CORRIDOR_DISCOVERED,92
OUT-2026-00531,TCK-2026-00531,2026-03-23 10:01:58,SEIZURE_EXECUTED,MODEL_PREDICTION_VERIFIED,79
OUT-2026-00532,TCK-2026-00532,2025-08-04 21:26:11,PREVENTIVE_DETERRENCE_ACHIEVED,NEW_CORRIDOR_DISCOVERED,93
OUT-2026-00533,TCK-2026-00533,2025-06-30 15:35:57,SEIZURE_EXECUTED,NEW_CORRIDOR_DISCOVERED,97
OUT-2026-00534,TCK-2026-00534,2025-07-26 21:02:50,UNSUBSTANTIATED_TIP,MODEL_PREDICTION_VERIFIED,98
OUT-2026-00535,TCK-2026-00535,2025-09-26 02:59:20,CIVIL_SUPPORT_REFERRED,MODEL_PREDICTION_VERIFIED,92
OUT-2026-00536,TCK-2026-00536,2026-03-06 12:22:36,SEIZURE_EXECUTED,MODEL_PREDICTION_VERIFIED,86
OUT-2026-00537,TCK-2026-00537,2025-04-28 05:13:21,UNSUBSTANTIATED_TIP,NEW_CORRIDOR_DISCOVERED,83
OUT-2026-00538,TCK-2026-00538,2025-11-30 17:03:53,PREVENTIVE_DETERRENCE_ACHIEVED,NEW_CORRIDOR_DISCOVERED,93
OUT-2026-00539,TCK-2026-00539,2025-09-16 12:16:38,UNSUBSTANTIATED_TIP,MODEL_PREDICTION_VERIFIED,94
OUT-2026-00540,TCK-2026-00540,2025-12-14 01:24:06,PREVENTIVE_DETERRENCE_ACHIEVED,FALSE_ALARM_REPORTED,96
OUT-2026-00541,TCK-2026-00541,2025-05-12 16:54:42,UNSUBSTANTIATED_TIP,MODEL_PREDICTION_VERIFIED,87
OUT-2026-00542,TCK-2026-00542,2025-10-17 08:36:20,UNSUBSTANTIATED_TIP,FALSE_ALARM_REPORTED,75
OUT-2026-00543,TCK-2026-00543,2025-11-29 06:33:21,SEIZURE_EXECUTED,MODEL_PREDICTION_VERIFIED,79
OUT-2026-00544,TCK-2026-00544,2026-03-28 12:42:32,UNSUBSTANTIATED_TIP,MODEL_PREDICTION_VERIFIED,98
OUT-2026-00545,TCK-2026-00545,2025-08-17 06:52:19,CIVIL_SUPPORT_REFERRED,MODEL_PREDICTION_VERIFIED,90
OUT-2026-00546,TCK-2026-00546,2026-01-21 14:24:14,SEIZURE_EXECUTED,FALSE_ALARM_REPORTED,97
OUT-2026-00547,TCK-2026-00547,2026-05-16 08:33:51,CIVIL_SUPPORT_REFERRED,NEW_CORRIDOR_DISCOVERED,91
OUT-2026-00548,TCK-2026-00548,2026-05-28 16:05:55,CIVIL_SUPPORT_REFERRED,FALSE_ALARM_REPORTED,88
OUT-2026-00549,TCK-2026-00549,2025-04-07 17:09:40,UNSUBSTANTIATED_TIP,NEW_CORRIDOR_DISCOVERED,89
OUT-2026-00550,TCK-2026-00550,2026-07-30 02:16:40,CIVIL_SUPPORT_REFERRED,FALSE_ALARM_REPORTED,94
OUT-2026-00551,TCK-2026-00551,2025-05-16 19:23:23,SEIZURE_EXECUTED,NEW_CORRIDOR_DISCOVERED,77
OUT-2026-00552,TCK-2026-00552,2026-06-17 18:13:14,SEIZURE_EXECUTED,FALSE_ALARM_REPORTED,87
OUT-2026-00553,TCK-2026-00553,2026-03-31 21:31:09,PREVENTIVE_DETERRENCE_ACHIEVED,MODEL_PREDICTION_VERIFIED,81
OUT-2026-00554,TCK-2026-00554,2026-02-21 12:15:55,PREVENTIVE_DETERRENCE_ACHIEVED,MODEL_PREDICTION_VERIFIED,75
OUT-2026-00555,TCK-2026-00555,2025-07-08 02:27:47,PREVENTIVE_DETERRENCE_ACHIEVED,MODEL_PREDICTION_VERIFIED,79
OUT-2026-00556,TCK-2026-00556,2025-05-23 11:57:03,SEIZURE_EXECUTED,NEW_CORRIDOR_DISCOVERED,90
OUT-2026-00557,TCK-2026-00557,2025-07-27 05:46:15,UNSUBSTANTIATED_TIP,FALSE_ALARM_REPORTED,92
OUT-2026-00558,TCK-2026-00558,2025-10-23 09:36:52,PREVENTIVE_DETERRENCE_ACHIEVED,FALSE_ALARM_REPORTED,88
OUT-2026-00559,TCK-2026-00559,2026-02-08 18:15:24,UNSUBSTANTIATED_TIP,NEW_CORRIDOR_DISCOVERED,84
OUT-2026-00560,TCK-2026-00560,2025-04-25 03:47:47,SEIZURE_EXECUTED,MODEL_PREDICTION_VERIFIED,90
OUT-2026-00561,TCK-2026-00561,2025-07-03 10:39:25,SEIZURE_EXECUTED,FALSE_ALARM_REPORTED,88
OUT-2026-00562,TCK-2026-00562,2026-01-31 01:23:20,PREVENTIVE_DETERRENCE_ACHIEVED,NEW_CORRIDOR_DISCOVERED,85
OUT-2026-00563,TCK-2026-00563,2026-06-22 00:14:35,UNSUBSTANTIATED_TIP,MODEL_PREDICTION_VERIFIED,88
OUT-2026-00564,TCK-2026-00564,2025-08-06 00:17:48,PREVENTIVE_DETERRENCE_ACHIEVED,MODEL_PREDICTION_VERIFIED,82
OUT-2026-00565,TCK-2026-00565,2025-10-05 08:25:15,SEIZURE_EXECUTED,MODEL_PREDICTION_VERIFIED,98
OUT-2026-00566,TCK-2026-00566,2025-08-26 01:03:17,CIVIL_SUPPORT_REFERRED,NEW_CORRIDOR_DISCOVERED,92
OUT-2026-00567,TCK-2026-00567,2026-05-03 06:38:10,PREVENTIVE_DETERRENCE_ACHIEVED,FALSE_ALARM_REPORTED,85
OUT-2026-00568,TCK-2026-00568,2025-12-05 10:07:32,SEIZURE_EXECUTED,NEW_CORRIDOR_DISCOVERED,93
OUT-2026-00569,TCK-2026-00569,2026-08-02 09:45:07,CIVIL_SUPPORT_REFERRED,MODEL_PREDICTION_VERIFIED,84
OUT-2026-00570,TCK-2026-00570,2025-05-11 19:52:15,PREVENTIVE_DETERRENCE_ACHIEVED,FALSE_ALARM_REPORTED,93
OUT-2026-00571,TCK-2026-00571,2025-06-11 23:53:04,CIVIL_SUPPORT_REFERRED,NEW_CORRIDOR_DISCOVERED,78
OUT-2026-00572,TCK-2026-00572,2025-12-12 04:25:19,CIVIL_SUPPORT_REFERRED,NEW_CORRIDOR_DISCOVERED,99
OUT-2026-00573,TCK-2026-00573,2025-11-14 19:52:28,PREVENTIVE_DETERRENCE_ACHIEVED,MODEL_PREDICTION_VERIFIED,77
OUT-2026-00574,TCK-2026-00574,2025-08-06 17:54:26,SEIZURE_EXECUTED,MODEL_PREDICTION_VERIFIED,96
OUT-2026-00575,TCK-2026-00575,2025-11-17 18:22:34,UNSUBSTANTIATED_TIP,MODEL_PREDICTION_VERIFIED,92
OUT-2026-00576,TCK-2026-00576,2025-12-24 12:25:24,CIVIL_SUPPORT_REFERRED,FALSE_ALARM_REPORTED,88
OUT-2026-00577,TCK-2026-00577,2025-08-12 18:52:27,PREVENTIVE_DETERRENCE_ACHIEVED,FALSE_ALARM_REPORTED,81
OUT-2026-00578,TCK-2026-00578,2025-12-07 06:58:10,SEIZURE_EXECUTED,NEW_CORRIDOR_DISCOVERED,85
OUT-2026-00579,TCK-2026-00579,2025-11-23 21:57:14,UNSUBSTANTIATED_TIP,MODEL_PREDICTION_VERIFIED,80
OUT-2026-00580,TCK-2026-00580,2026-01-11 12:55:03,UNSUBSTANTIATED_TIP,MODEL_PREDICTION_VERIFIED,86
OUT-2026-00581,TCK-2026-00581,2026-02-11 06:52:24,CIVIL_SUPPORT_REFERRED,MODEL_PREDICTION_VERIFIED,92
OUT-2026-00582,TCK-2026-00582,2025-06-22 17:25:28,SEIZURE_EXECUTED,NEW_CORRIDOR_DISCOVERED,85
OUT-2026-00583,TCK-2026-00583,2025-11-19 11:05:20,UNSUBSTANTIATED_TIP,MODEL_PREDICTION_VERIFIED,80
OUT-2026-00584,TCK-2026-00584,2026-07-05 07:57:47,SEIZURE_EXECUTED,MODEL_PREDICTION_VERIFIED,76
OUT-2026-00585,TCK-2026-00585,2026-01-28 21:07:05,CIVIL_SUPPORT_REFERRED,MODEL_PREDICTION_VERIFIED,96
OUT-2026-00586,TCK-2026-00586,2025-07-13 13:26:20,PREVENTIVE_DETERRENCE_ACHIEVED,FALSE_ALARM_REPORTED,94
OUT-2026-00587,TCK-2026-00587,2026-02-14 09:47:29,UNSUBSTANTIATED_TIP,FALSE_ALARM_REPORTED,91
OUT-2026-00588,TCK-2026-00588,2026-06-25 04:22:01,PREVENTIVE_DETERRENCE_ACHIEVED,NEW_CORRIDOR_DISCOVERED,82
OUT-2026-00589,TCK-2026-00589,2026-05-15 16:08:40,SEIZURE_EXECUTED,MODEL_PREDICTION_VERIFIED,86
OUT-2026-00590,TCK-2026-00590,2025-08-30 15:23:56,PREVENTIVE_DETERRENCE_ACHIEVED,MODEL_PREDICTION_VERIFIED,79
OUT-2026-00591,TCK-2026-00591,2026-05-26 08:31:44,CIVIL_SUPPORT_REFERRED,NEW_CORRIDOR_DISCOVERED,93
OUT-2026-00592,TCK-2026-00592,2025-06-25 12:10:01,SEIZURE_EXECUTED,NEW_CORRIDOR_DISCOVERED,80
OUT-2026-00593,TCK-2026-00593,2026-03-23 07:49:08,PREVENTIVE_DETERRENCE_ACHIEVED,MODEL_PREDICTION_VERIFIED,84
OUT-2026-00594,TCK-2026-00594,2025-10-25 14:10:27,PREVENTIVE_DETERRENCE_ACHIEVED,FALSE_ALARM_REPORTED,76
OUT-2026-00595,TCK-2026-00595,2025-09-26 14:37:43,PREVENTIVE_DETERRENCE_ACHIEVED,NEW_CORRIDOR_DISCOVERED,79
OUT-2026-00596,TCK-2026-00596,2025-05-04 22:11:35,PREVENTIVE_DETERRENCE_ACHIEVED,FALSE_ALARM_REPORTED,97
OUT-2026-00597,TCK-2026-00597,2026-07-29 09:37:42,SEIZURE_EXECUTED,FALSE_ALARM_REPORTED,88
OUT-2026-00598,TCK-2026-00598,2026-05-22 02:26:02,PREVENTIVE_DETERRENCE_ACHIEVED,FALSE_ALARM_REPORTED,92
OUT-2026-00599,TCK-2026-00599,2025-05-22 16:58:23,PREVENTIVE_DETERRENCE_ACHIEVED,FALSE_ALARM_REPORTED,91
OUT-2026-00600,TCK-2026-00600,2026-05-18 18:46:54,PREVENTIVE_DETERRENCE_ACHIEVED,MODEL_PREDICTION_VERIFIED,93
OUT-2026-00601,TCK-2026-00601,2025-11-23 05:21:32,UNSUBSTANTIATED_TIP,MODEL_PREDICTION_VERIFIED,77
OUT-2026-00602,TCK-2026-00602,2026-01-29 09:24:31,SEIZURE_EXECUTED,MODEL_PREDICTION_VERIFIED,98
OUT-2026-00603,TCK-2026-00603,2026-06-30 17:19:25,PREVENTIVE_DETERRENCE_ACHIEVED,MODEL_PREDICTION_VERIFIED,88
OUT-2026-00604,TCK-2026-00604,2026-02-07 16:13:35,UNSUBSTANTIATED_TIP,NEW_CORRIDOR_DISCOVERED,77
OUT-2026-00605,TCK-2026-00605,2025-12-20 11:54:57,UNSUBSTANTIATED_TIP,NEW_CORRIDOR_DISCOVERED,94
OUT-2026-00606,TCK-2026-00606,2026-04-03 12:23:26,PREVENTIVE_DETERRENCE_ACHIEVED,NEW_CORRIDOR_DISCOVERED,78
OUT-2026-00607,TCK-2026-00607,2026-02-17 20:06:38,SEIZURE_EXECUTED,NEW_CORRIDOR_DISCOVERED,92
OUT-2026-00608,TCK-2026-00608,2025-05-07 01:59:03,SEIZURE_EXECUTED,MODEL_PREDICTION_VERIFIED,99
OUT-2026-00609,TCK-2026-00609,2025-08-25 16:20:45,PREVENTIVE_DETERRENCE_ACHIEVED,MODEL_PREDICTION_VERIFIED,80
OUT-2026-00610,TCK-2026-00610,2025-11-09 20:07:59,PREVENTIVE_DETERRENCE_ACHIEVED,FALSE_ALARM_REPORTED,98
OUT-2026-00611,TCK-2026-00611,2026-02-02 17:51:10,CIVIL_SUPPORT_REFERRED,FALSE_ALARM_REPORTED,75
OUT-2026-00612,TCK-2026-00612,2025-07-29 13:01:34,UNSUBSTANTIATED_TIP,MODEL_PREDICTION_VERIFIED,92
OUT-2026-00613,TCK-2026-00613,2026-03-11 17:16:50,SEIZURE_EXECUTED,FALSE_ALARM_REPORTED,81
OUT-2026-00614,TCK-2026-00614,2025-08-16 07:41:06,UNSUBSTANTIATED_TIP,FALSE_ALARM_REPORTED,93
OUT-2026-00615,TCK-2026-00615,2025-05-13 21:59:20,PREVENTIVE_DETERRENCE_ACHIEVED,FALSE_ALARM_REPORTED,93
OUT-2026-00616,TCK-2026-00616,2026-06-19 17:51:20,UNSUBSTANTIATED_TIP,MODEL_PREDICTION_VERIFIED,81
OUT-2026-00617,TCK-2026-00617,2026-03-29 21:26:08,CIVIL_SUPPORT_REFERRED,NEW_CORRIDOR_DISCOVERED,83
OUT-2026-00618,TCK-2026-00618,2025-07-22 22:20:58,CIVIL_SUPPORT_REFERRED,MODEL_PREDICTION_VERIFIED,89
OUT-2026-00619,TCK-2026-00619,2026-06-23 10:46:39,CIVIL_SUPPORT_REFERRED,MODEL_PREDICTION_VERIFIED,83
OUT-2026-00620,TCK-2026-00620,2026-05-18 17:08:06,PREVENTIVE_DETERRENCE_ACHIEVED,MODEL_PREDICTION_VERIFIED,77
OUT-2026-00621,TCK-2026-00621,2025-07-24 21:49:23,PREVENTIVE_DETERRENCE_ACHIEVED,NEW_CORRIDOR_DISCOVERED,78
OUT-2026-00622,TCK-2026-00622,2025-07-18 07:57:51,CIVIL_SUPPORT_REFERRED,FALSE_ALARM_REPORTED,79
OUT-2026-00623,TCK-2026-00623,2025-06-01 12:25:36,PREVENTIVE_DETERRENCE_ACHIEVED,MODEL_PREDICTION_VERIFIED,92
OUT-2026-00624,TCK-2026-00624,2026-08-15 05:22:34,PREVENTIVE_DETERRENCE_ACHIEVED,FALSE_ALARM_REPORTED,90
OUT-2026-00625,TCK-2026-00625,2025-07-20 12:36:48,CIVIL_SUPPORT_REFERRED,FALSE_ALARM_REPORTED,92
OUT-2026-00626,TCK-2026-00626,2025-04-18 07:44:42,CIVIL_SUPPORT_REFERRED,MODEL_PREDICTION_VERIFIED,95
OUT-2026-00627,TCK-2026-00627,2025-07-03 18:47:29,CIVIL_SUPPORT_REFERRED,FALSE_ALARM_REPORTED,91
OUT-2026-00628,TCK-2026-00628,2026-04-03 03:45:56,SEIZURE_EXECUTED,MODEL_PREDICTION_VERIFIED,87
OUT-2026-00629,TCK-2026-00629,2025-09-04 07:12:55,UNSUBSTANTIATED_TIP,MODEL_PREDICTION_VERIFIED,81
OUT-2026-00630,TCK-2026-00630,2025-08-19 05:10:31,UNSUBSTANTIATED_TIP,NEW_CORRIDOR_DISCOVERED,82
OUT-2026-00631,TCK-2026-00631,2025-07-14 20:44:24,SEIZURE_EXECUTED,MODEL_PREDICTION_VERIFIED,84
OUT-2026-00632,TCK-2026-00632,2025-05-13 14:39:57,CIVIL_SUPPORT_REFERRED,FALSE_ALARM_REPORTED,93
OUT-2026-00633,TCK-2026-00633,2025-09-06 22:35:10,PREVENTIVE_DETERRENCE_ACHIEVED,NEW_CORRIDOR_DISCOVERED,93
OUT-2026-00634,TCK-2026-00634,2026-05-20 21:52:56,SEIZURE_EXECUTED,FALSE_ALARM_REPORTED,81
OUT-2026-00635,TCK-2026-00635,2026-03-12 22:05:04,CIVIL_SUPPORT_REFERRED,NEW_CORRIDOR_DISCOVERED,85
OUT-2026-00636,TCK-2026-00636,2026-06-28 04:55:28,SEIZURE_EXECUTED,NEW_CORRIDOR_DISCOVERED,77
OUT-2026-00637,TCK-2026-00637,2026-07-21 14:21:35,SEIZURE_EXECUTED,MODEL_PREDICTION_VERIFIED,90
OUT-2026-00638,TCK-2026-00638,2025-05-20 03:31:10,PREVENTIVE_DETERRENCE_ACHIEVED,MODEL_PREDICTION_VERIFIED,92
OUT-2026-00639,TCK-2026-00639,2025-07-24 08:59:02,UNSUBSTANTIATED_TIP,NEW_CORRIDOR_DISCOVERED,75
OUT-2026-00640,TCK-2026-00640,2026-08-18 03:58:13,PREVENTIVE_DETERRENCE_ACHIEVED,NEW_CORRIDOR_DISCOVERED,84
OUT-2026-00641,TCK-2026-00641,2025-07-18 23:53:32,UNSUBSTANTIATED_TIP,NEW_CORRIDOR_DISCOVERED,83
OUT-2026-00642,TCK-2026-00642,2025-05-08 06:22:21,CIVIL_SUPPORT_REFERRED,FALSE_ALARM_REPORTED,79
OUT-2026-00643,TCK-2026-00643,2025-09-21 19:29:58,CIVIL_SUPPORT_REFERRED,NEW_CORRIDOR_DISCOVERED,77
OUT-2026-00644,TCK-2026-00644,2025-08-18 11:07:04,UNSUBSTANTIATED_TIP,FALSE_ALARM_REPORTED,91
OUT-2026-00645,TCK-2026-00645,2026-04-20 19:15:13,SEIZURE_EXECUTED,NEW_CORRIDOR_DISCOVERED,98
OUT-2026-00646,TCK-2026-00646,2026-05-30 21:30:06,PREVENTIVE_DETERRENCE_ACHIEVED,MODEL_PREDICTION_VERIFIED,85
OUT-2026-00647,TCK-2026-00647,2026-02-20 15:30:05,CIVIL_SUPPORT_REFERRED,FALSE_ALARM_REPORTED,93
OUT-2026-00648,TCK-2026-00648,2026-01-05 05:45:25,PREVENTIVE_DETERRENCE_ACHIEVED,MODEL_PREDICTION_VERIFIED,94
OUT-2026-00649,TCK-2026-00649,2025-08-03 00:54:19,CIVIL_SUPPORT_REFERRED,MODEL_PREDICTION_VERIFIED,82
OUT-2026-00650,TCK-2026-00650,2026-01-21 14:18:30,CIVIL_SUPPORT_REFERRED,NEW_CORRIDOR_DISCOVERED,89
OUT-2026-00651,TCK-2026-00651,2026-04-10 09:53:02,UNSUBSTANTIATED_TIP,MODEL_PREDICTION_VERIFIED,92
OUT-2026-00652,TCK-2026-00652,2025-12-16 08:20:26,CIVIL_SUPPORT_REFERRED,NEW_CORRIDOR_DISCOVERED,89
OUT-2026-00653,TCK-2026-00653,2026-02-11 01:36:13,UNSUBSTANTIATED_TIP,NEW_CORRIDOR_DISCOVERED,89
OUT-2026-00654,TCK-2026-00654,2025-08-30 07:41:48,UNSUBSTANTIATED_TIP,NEW_CORRIDOR_DISCOVERED,87
OUT-2026-00655,TCK-2026-00655,2025-07-02 18:38:04,SEIZURE_EXECUTED,MODEL_PREDICTION_VERIFIED,94
OUT-2026-00656,TCK-2026-00656,2026-03-26 17:36:18,SEIZURE_EXECUTED,MODEL_PREDICTION_VERIFIED,82
OUT-2026-00657,TCK-2026-00657,2026-06-28 10:05:18,UNSUBSTANTIATED_TIP,FALSE_ALARM_REPORTED,87
OUT-2026-00658,TCK-2026-00658,2025-06-07 03:19:53,SEIZURE_EXECUTED,MODEL_PREDICTION_VERIFIED,83
OUT-2026-00659,TCK-2026-00659,2026-06-20 07:21:58,UNSUBSTANTIATED_TIP,NEW_CORRIDOR_DISCOVERED,85
OUT-2026-00660,TCK-2026-00660,2025-09-09 07:44:46,SEIZURE_EXECUTED,MODEL_PREDICTION_VERIFIED,84
OUT-2026-00661,TCK-2026-00661,2025-04-10 23:32:29,UNSUBSTANTIATED_TIP,MODEL_PREDICTION_VERIFIED,76
OUT-2026-00662,TCK-2026-00662,2025-07-27 04:12:45,CIVIL_SUPPORT_REFERRED,MODEL_PREDICTION_VERIFIED,87
OUT-2026-00663,TCK-2026-00663,2026-01-16 23:55:11,UNSUBSTANTIATED_TIP,NEW_CORRIDOR_DISCOVERED,92
OUT-2026-00664,TCK-2026-00664,2025-05-23 21:57:15,CIVIL_SUPPORT_REFERRED,FALSE_ALARM_REPORTED,82
OUT-2026-00665,TCK-2026-00665,2026-04-17 05:59:32,CIVIL_SUPPORT_REFERRED,NEW_CORRIDOR_DISCOVERED,95
OUT-2026-00666,TCK-2026-00666,2026-07-23 09:14:34,UNSUBSTANTIATED_TIP,FALSE_ALARM_REPORTED,76
OUT-2026-00667,TCK-2026-00667,2026-07-28 16:52:34,PREVENTIVE_DETERRENCE_ACHIEVED,FALSE_ALARM_REPORTED,83
OUT-2026-00668,TCK-2026-00668,2026-04-20 10:31:56,CIVIL_SUPPORT_REFERRED,MODEL_PREDICTION_VERIFIED,83
OUT-2026-00669,TCK-2026-00669,2025-04-10 16:39:57,CIVIL_SUPPORT_REFERRED,FALSE_ALARM_REPORTED,75
OUT-2026-00670,TCK-2026-00670,2025-05-24 14:55:01,CIVIL_SUPPORT_REFERRED,FALSE_ALARM_REPORTED,81
OUT-2026-00671,TCK-2026-00671,2025-11-26 00:16:03,UNSUBSTANTIATED_TIP,NEW_CORRIDOR_DISCOVERED,88
OUT-2026-00672,TCK-2026-00672,2025-12-18 09:33:22,CIVIL_SUPPORT_REFERRED,FALSE_ALARM_REPORTED,77
OUT-2026-00673,TCK-2026-00673,2025-05-31 07:10:16,CIVIL_SUPPORT_REFERRED,FALSE_ALARM_REPORTED,97
OUT-2026-00674,TCK-2026-00674,2026-08-01 03:49:12,CIVIL_SUPPORT_REFERRED,FALSE_ALARM_REPORTED,79
OUT-2026-00675,TCK-2026-00675,2026-02-02 11:52:20,UNSUBSTANTIATED_TIP,FALSE_ALARM_REPORTED,96
OUT-2026-00676,TCK-2026-00676,2026-04-14 15:10:30,PREVENTIVE_DETERRENCE_ACHIEVED,FALSE_ALARM_REPORTED,87
OUT-2026-00677,TCK-2026-00677,2025-07-20 08:20:10,PREVENTIVE_DETERRENCE_ACHIEVED,NEW_CORRIDOR_DISCOVERED,76
OUT-2026-00678,TCK-2026-00678,2025-05-09 07:24:32,CIVIL_SUPPORT_REFERRED,NEW_CORRIDOR_DISCOVERED,77
OUT-2026-00679,TCK-2026-00679,2026-05-31 02:42:23,SEIZURE_EXECUTED,NEW_CORRIDOR_DISCOVERED,93
OUT-2026-00680,TCK-2026-00680,2026-07-31 10:10:43,CIVIL_SUPPORT_REFERRED,MODEL_PREDICTION_VERIFIED,94
OUT-2026-00681,TCK-2026-00681,2026-05-15 07:31:22,UNSUBSTANTIATED_TIP,FALSE_ALARM_REPORTED,83
OUT-2026-00682,TCK-2026-00682,2025-08-29 22:59:41,UNSUBSTANTIATED_TIP,MODEL_PREDICTION_VERIFIED,78
OUT-2026-00683,TCK-2026-00683,2025-11-28 17:01:40,PREVENTIVE_DETERRENCE_ACHIEVED,FALSE_ALARM_REPORTED,76
OUT-2026-00684,TCK-2026-00684,2025-08-14 16:43:37,SEIZURE_EXECUTED,FALSE_ALARM_REPORTED,87
OUT-2026-00685,TCK-2026-00685,2025-04-07 14:01:17,UNSUBSTANTIATED_TIP,NEW_CORRIDOR_DISCOVERED,82
OUT-2026-00686,TCK-2026-00686,2025-06-16 03:23:25,PREVENTIVE_DETERRENCE_ACHIEVED,FALSE_ALARM_REPORTED,88
OUT-2026-00687,TCK-2026-00687,2026-08-09 17:30:49,SEIZURE_EXECUTED,NEW_CORRIDOR_DISCOVERED,96
OUT-2026-00688,TCK-2026-00688,2026-08-15 02:42:09,SEIZURE_EXECUTED,NEW_CORRIDOR_DISCOVERED,85
OUT-2026-00689,TCK-2026-00689,2026-04-22 06:37:41,PREVENTIVE_DETERRENCE_ACHIEVED,NEW_CORRIDOR_DISCOVERED,79
OUT-2026-00690,TCK-2026-00690,2025-10-21 22:18:24,PREVENTIVE_DETERRENCE_ACHIEVED,MODEL_PREDICTION_VERIFIED,93
OUT-2026-00691,TCK-2026-00691,2025-10-09 08:39:18,PREVENTIVE_DETERRENCE_ACHIEVED,NEW_CORRIDOR_DISCOVERED,79
OUT-2026-00692,TCK-2026-00692,2026-02-03 14:09:51,PREVENTIVE_DETERRENCE_ACHIEVED,NEW_CORRIDOR_DISCOVERED,97
OUT-2026-00693,TCK-2026-00693,2025-12-18 00:38:42,SEIZURE_EXECUTED,MODEL_PREDICTION_VERIFIED,89
OUT-2026-00694,TCK-2026-00694,2026-07-02 16:49:01,CIVIL_SUPPORT_REFERRED,NEW_CORRIDOR_DISCOVERED,76
OUT-2026-00695,TCK-2026-00695,2025-09-05 03:42:14,UNSUBSTANTIATED_TIP,NEW_CORRIDOR_DISCOVERED,88
OUT-2026-00696,TCK-2026-00696,2026-07-21 22:36:09,SEIZURE_EXECUTED,FALSE_ALARM_REPORTED,90
OUT-2026-00697,TCK-2026-00697,2026-04-26 18:07:34,CIVIL_SUPPORT_REFERRED,NEW_CORRIDOR_DISCOVERED,80
OUT-2026-00698,TCK-2026-00698,2026-01-10 10:24:59,SEIZURE_EXECUTED,MODEL_PREDICTION_VERIFIED,76
OUT-2026-00699,TCK-2026-00699,2025-09-20 22:35:28,PREVENTIVE_DETERRENCE_ACHIEVED,NEW_CORRIDOR_DISCOVERED,82
OUT-2026-00700,TCK-2026-00700,2026-08-19 11:56:39,UNSUBSTANTIATED_TIP,MODEL_PREDICTION_VERIFIED,97
OUT-2026-00701,TCK-2026-00701,2026-06-04 07:29:37,SEIZURE_EXECUTED,MODEL_PREDICTION_VERIFIED,99
OUT-2026-00702,TCK-2026-00702,2026-01-15 14:47:31,UNSUBSTANTIATED_TIP,NEW_CORRIDOR_DISCOVERED,90
OUT-2026-00703,TCK-2026-00703,2026-03-11 19:56:55,SEIZURE_EXECUTED,MODEL_PREDICTION_VERIFIED,99
OUT-2026-00704,TCK-2026-00704,2026-05-05 13:20:05,CIVIL_SUPPORT_REFERRED,MODEL_PREDICTION_VERIFIED,78
OUT-2026-00705,TCK-2026-00705,2025-12-04 15:59:47,CIVIL_SUPPORT_REFERRED,NEW_CORRIDOR_DISCOVERED,98
OUT-2026-00706,TCK-2026-00706,2025-10-21 15:38:22,CIVIL_SUPPORT_REFERRED,MODEL_PREDICTION_VERIFIED,96
OUT-2026-00707,TCK-2026-00707,2026-06-04 17:47:14,UNSUBSTANTIATED_TIP,NEW_CORRIDOR_DISCOVERED,95
OUT-2026-00708,TCK-2026-00708,2026-05-29 06:09:12,CIVIL_SUPPORT_REFERRED,FALSE_ALARM_REPORTED,77
OUT-2026-00709,TCK-2026-00709,2025-04-28 22:13:34,CIVIL_SUPPORT_REFERRED,NEW_CORRIDOR_DISCOVERED,79
OUT-2026-00710,TCK-2026-00710,2025-05-17 07:55:26,PREVENTIVE_DETERRENCE_ACHIEVED,FALSE_ALARM_REPORTED,80
OUT-2026-00711,TCK-2026-00711,2025-04-27 18:25:00,PREVENTIVE_DETERRENCE_ACHIEVED,MODEL_PREDICTION_VERIFIED,97
OUT-2026-00712,TCK-2026-00712,2025-12-21 16:23:18,SEIZURE_EXECUTED,MODEL_PREDICTION_VERIFIED,89
OUT-2026-00713,TCK-2026-00713,2026-04-12 23:17:14,SEIZURE_EXECUTED,FALSE_ALARM_REPORTED,88
OUT-2026-00714,TCK-2026-00714,2026-05-26 16:29:17,UNSUBSTANTIATED_TIP,MODEL_PREDICTION_VERIFIED,95
OUT-2026-00715,TCK-2026-00715,2025-04-17 17:55:18,UNSUBSTANTIATED_TIP,FALSE_ALARM_REPORTED,90
OUT-2026-00716,TCK-2026-00716,2025-08-05 03:41:43,UNSUBSTANTIATED_TIP,MODEL_PREDICTION_VERIFIED,82
OUT-2026-00717,TCK-2026-00717,2026-06-16 22:39:03,PREVENTIVE_DETERRENCE_ACHIEVED,FALSE_ALARM_REPORTED,86
OUT-2026-00718,TCK-2026-00718,2025-07-14 16:28:56,SEIZURE_EXECUTED,FALSE_ALARM_REPORTED,98
OUT-2026-00719,TCK-2026-00719,2026-02-26 05:31:47,CIVIL_SUPPORT_REFERRED,NEW_CORRIDOR_DISCOVERED,79
OUT-2026-00720,TCK-2026-00720,2025-04-25 03:15:53,SEIZURE_EXECUTED,MODEL_PREDICTION_VERIFIED,98
OUT-2026-00721,TCK-2026-00721,2025-10-12 09:32:14,CIVIL_SUPPORT_REFERRED,NEW_CORRIDOR_DISCOVERED,90
OUT-2026-00722,TCK-2026-00722,2026-08-02 03:19:52,SEIZURE_EXECUTED,FALSE_ALARM_REPORTED,78
OUT-2026-00723,TCK-2026-00723,2025-10-06 12:20:48,PREVENTIVE_DETERRENCE_ACHIEVED,MODEL_PREDICTION_VERIFIED,78
OUT-2026-00724,TCK-2026-00724,2026-02-03 15:17:47,CIVIL_SUPPORT_REFERRED,FALSE_ALARM_REPORTED,85
OUT-2026-00725,TCK-2026-00725,2026-08-01 09:34:31,PREVENTIVE_DETERRENCE_ACHIEVED,FALSE_ALARM_REPORTED,94
OUT-2026-00726,TCK-2026-00726,2026-04-14 14:52:24,PREVENTIVE_DETERRENCE_ACHIEVED,NEW_CORRIDOR_DISCOVERED,84
OUT-2026-00727,TCK-2026-00727,2026-08-15 03:40:26,UNSUBSTANTIATED_TIP,FALSE_ALARM_REPORTED,87
OUT-2026-00728,TCK-2026-00728,2025-04-15 02:16:51,UNSUBSTANTIATED_TIP,MODEL_PREDICTION_VERIFIED,80
OUT-2026-00729,TCK-2026-00729,2025-06-09 19:29:04,SEIZURE_EXECUTED,MODEL_PREDICTION_VERIFIED,92
OUT-2026-00730,TCK-2026-00730,2025-09-29 16:58:14,PREVENTIVE_DETERRENCE_ACHIEVED,FALSE_ALARM_REPORTED,97
OUT-2026-00731,TCK-2026-00731,2026-01-17 04:27:49,PREVENTIVE_DETERRENCE_ACHIEVED,NEW_CORRIDOR_DISCOVERED,93
OUT-2026-00732,TCK-2026-00732,2026-03-19 21:30:21,SEIZURE_EXECUTED,FALSE_ALARM_REPORTED,92
OUT-2026-00733,TCK-2026-00733,2026-04-05 18:56:20,PREVENTIVE_DETERRENCE_ACHIEVED,NEW_CORRIDOR_DISCOVERED,80
OUT-2026-00734,TCK-2026-00734,2026-03-22 23:56:43,UNSUBSTANTIATED_TIP,FALSE_ALARM_REPORTED,84
OUT-2026-00735,TCK-2026-00735,2025-05-31 08:21:09,SEIZURE_EXECUTED,FALSE_ALARM_REPORTED,99
OUT-2026-00736,TCK-2026-00736,2025-05-24 09:56:05,UNSUBSTANTIATED_TIP,MODEL_PREDICTION_VERIFIED,81
OUT-2026-00737,TCK-2026-00737,2026-04-23 02:51:32,PREVENTIVE_DETERRENCE_ACHIEVED,MODEL_PREDICTION_VERIFIED,92
OUT-2026-00738,TCK-2026-00738,2025-04-23 03:56:44,CIVIL_SUPPORT_REFERRED,NEW_CORRIDOR_DISCOVERED,85
OUT-2026-00739,TCK-2026-00739,2025-12-27 05:16:20,PREVENTIVE_DETERRENCE_ACHIEVED,MODEL_PREDICTION_VERIFIED,94
OUT-2026-00740,TCK-2026-00740,2025-06-29 00:19:27,SEIZURE_EXECUTED,FALSE_ALARM_REPORTED,82
OUT-2026-00741,TCK-2026-00741,2026-03-31 13:16:44,CIVIL_SUPPORT_REFERRED,MODEL_PREDICTION_VERIFIED,94
OUT-2026-00742,TCK-2026-00742,2025-08-11 16:38:34,PREVENTIVE_DETERRENCE_ACHIEVED,NEW_CORRIDOR_DISCOVERED,79
OUT-2026-00743,TCK-2026-00743,2025-12-21 11:25:13,PREVENTIVE_DETERRENCE_ACHIEVED,FALSE_ALARM_REPORTED,92
OUT-2026-00744,TCK-2026-00744,2025-07-09 12:13:40,PREVENTIVE_DETERRENCE_ACHIEVED,NEW_CORRIDOR_DISCOVERED,81
OUT-2026-00745,TCK-2026-00745,2025-07-04 11:08:01,SEIZURE_EXECUTED,FALSE_ALARM_REPORTED,78
OUT-2026-00746,TCK-2026-00746,2025-07-05 20:06:20,SEIZURE_EXECUTED,MODEL_PREDICTION_VERIFIED,78
OUT-2026-00747,TCK-2026-00747,2026-08-15 17:40:52,UNSUBSTANTIATED_TIP,MODEL_PREDICTION_VERIFIED,80
OUT-2026-00748,TCK-2026-00748,2026-06-10 06:49:51,CIVIL_SUPPORT_REFERRED,MODEL_PREDICTION_VERIFIED,94
OUT-2026-00749,TCK-2026-00749,2025-08-03 01:03:52,PREVENTIVE_DETERRENCE_ACHIEVED,FALSE_ALARM_REPORTED,76
OUT-2026-00750,TCK-2026-00750,2025-08-17 04:42:21,UNSUBSTANTIATED_TIP,FALSE_ALARM_REPORTED,88
OUT-2026-00751,TCK-2026-00751,2026-05-09 23:21:43,CIVIL_SUPPORT_REFERRED,FALSE_ALARM_REPORTED,79
OUT-2026-00752,TCK-2026-00752,2026-07-28 00:45:22,PREVENTIVE_DETERRENCE_ACHIEVED,MODEL_PREDICTION_VERIFIED,83
OUT-2026-00753,TCK-2026-00753,2026-05-19 20:03:19,UNSUBSTANTIATED_TIP,NEW_CORRIDOR_DISCOVERED,92
OUT-2026-00754,TCK-2026-00754,2026-05-26 12:55:35,UNSUBSTANTIATED_TIP,NEW_CORRIDOR_DISCOVERED,78
OUT-2026-00755,TCK-2026-00755,2026-05-14 09:22:21,CIVIL_SUPPORT_REFERRED,FALSE_ALARM_REPORTED,94
OUT-2026-00756,TCK-2026-00756,2026-04-09 00:19:29,SEIZURE_EXECUTED,MODEL_PREDICTION_VERIFIED,90
OUT-2026-00757,TCK-2026-00757,2026-02-24 07:09:15,UNSUBSTANTIATED_TIP,MODEL_PREDICTION_VERIFIED,78
OUT-2026-00758,TCK-2026-00758,2025-06-27 07:01:18,SEIZURE_EXECUTED,FALSE_ALARM_REPORTED,76
OUT-2026-00759,TCK-2026-00759,2025-09-06 09:10:53,SEIZURE_EXECUTED,FALSE_ALARM_REPORTED,95
OUT-2026-00760,TCK-2026-00760,2025-08-17 00:30:12,PREVENTIVE_DETERRENCE_ACHIEVED,NEW_CORRIDOR_DISCOVERED,76
OUT-2026-00761,TCK-2026-00761,2025-09-15 04:38:54,UNSUBSTANTIATED_TIP,FALSE_ALARM_REPORTED,78
OUT-2026-00762,TCK-2026-00762,2025-11-16 01:28:07,CIVIL_SUPPORT_REFERRED,NEW_CORRIDOR_DISCOVERED,87
OUT-2026-00763,TCK-2026-00763,2026-01-17 09:45:35,SEIZURE_EXECUTED,MODEL_PREDICTION_VERIFIED,75
OUT-2026-00764,TCK-2026-00764,2026-04-29 02:46:53,CIVIL_SUPPORT_REFERRED,MODEL_PREDICTION_VERIFIED,92
OUT-2026-00765,TCK-2026-00765,2025-05-17 14:02:54,CIVIL_SUPPORT_REFERRED,MODEL_PREDICTION_VERIFIED,78
OUT-2026-00766,TCK-2026-00766,2025-10-25 23:14:32,SEIZURE_EXECUTED,NEW_CORRIDOR_DISCOVERED,83
OUT-2026-00767,TCK-2026-00767,2026-07-04 02:05:14,SEIZURE_EXECUTED,FALSE_ALARM_REPORTED,77
OUT-2026-00768,TCK-2026-00768,2025-11-11 15:55:24,PREVENTIVE_DETERRENCE_ACHIEVED,FALSE_ALARM_REPORTED,93
OUT-2026-00769,TCK-2026-00769,2026-03-28 20:25:31,CIVIL_SUPPORT_REFERRED,NEW_CORRIDOR_DISCOVERED,80
OUT-2026-00770,TCK-2026-00770,2026-02-06 11:09:36,PREVENTIVE_DETERRENCE_ACHIEVED,MODEL_PREDICTION_VERIFIED,97
OUT-2026-00771,TCK-2026-00771,2026-03-23 04:54:31,PREVENTIVE_DETERRENCE_ACHIEVED,NEW_CORRIDOR_DISCOVERED,98
OUT-2026-00772,TCK-2026-00772,2025-04-25 15:44:11,SEIZURE_EXECUTED,NEW_CORRIDOR_DISCOVERED,93
OUT-2026-00773,TCK-2026-00773,2026-03-06 09:36:27,UNSUBSTANTIATED_TIP,FALSE_ALARM_REPORTED,85
OUT-2026-00774,TCK-2026-00774,2026-01-16 05:29:54,CIVIL_SUPPORT_REFERRED,MODEL_PREDICTION_VERIFIED,83
OUT-2026-00775,TCK-2026-00775,2025-06-05 10:50:54,UNSUBSTANTIATED_TIP,FALSE_ALARM_REPORTED,75
OUT-2026-00776,TCK-2026-00776,2025-07-23 06:07:21,CIVIL_SUPPORT_REFERRED,NEW_CORRIDOR_DISCOVERED,96
OUT-2026-00777,TCK-2026-00777,2025-12-26 06:31:50,PREVENTIVE_DETERRENCE_ACHIEVED,FALSE_ALARM_REPORTED,96
OUT-2026-00778,TCK-2026-00778,2025-10-28 19:26:39,UNSUBSTANTIATED_TIP,FALSE_ALARM_REPORTED,80
OUT-2026-00779,TCK-2026-00779,2025-10-18 09:24:28,CIVIL_SUPPORT_REFERRED,FALSE_ALARM_REPORTED,80
OUT-2026-00780,TCK-2026-00780,2026-05-23 12:07:34,UNSUBSTANTIATED_TIP,NEW_CORRIDOR_DISCOVERED,98
OUT-2026-00781,TCK-2026-00781,2026-02-11 11:09:03,UNSUBSTANTIATED_TIP,MODEL_PREDICTION_VERIFIED,88
OUT-2026-00782,TCK-2026-00782,2026-07-10 19:05:19,CIVIL_SUPPORT_REFERRED,NEW_CORRIDOR_DISCOVERED,96
OUT-2026-00783,TCK-2026-00783,2026-04-21 03:17:13,SEIZURE_EXECUTED,MODEL_PREDICTION_VERIFIED,87
OUT-2026-00784,TCK-2026-00784,2025-11-18 07:08:11,UNSUBSTANTIATED_TIP,FALSE_ALARM_REPORTED,94
OUT-2026-00785,TCK-2026-00785,2025-04-09 07:36:58,SEIZURE_EXECUTED,FALSE_ALARM_REPORTED,81
OUT-2026-00786,TCK-2026-00786,2026-03-18 13:00:28,PREVENTIVE_DETERRENCE_ACHIEVED,MODEL_PREDICTION_VERIFIED,78
OUT-2026-00787,TCK-2026-00787,2026-04-23 09:14:51,UNSUBSTANTIATED_TIP,NEW_CORRIDOR_DISCOVERED,86
OUT-2026-00788,TCK-2026-00788,2025-11-01 17:10:00,CIVIL_SUPPORT_REFERRED,NEW_CORRIDOR_DISCOVERED,91
OUT-2026-00789,TCK-2026-00789,2026-08-01 11:37:33,UNSUBSTANTIATED_TIP,NEW_CORRIDOR_DISCOVERED,83
OUT-2026-00790,TCK-2026-00790,2025-06-21 19:15:59,CIVIL_SUPPORT_REFERRED,NEW_CORRIDOR_DISCOVERED,96
OUT-2026-00791,TCK-2026-00791,2026-03-17 04:31:11,CIVIL_SUPPORT_REFERRED,FALSE_ALARM_REPORTED,94
OUT-2026-00792,TCK-2026-00792,2026-03-05 02:30:31,PREVENTIVE_DETERRENCE_ACHIEVED,MODEL_PREDICTION_VERIFIED,79
OUT-2026-00793,TCK-2026-00793,2025-09-20 19:26:18,CIVIL_SUPPORT_REFERRED,NEW_CORRIDOR_DISCOVERED,75
OUT-2026-00794,TCK-2026-00794,2026-04-23 03:03:54,PREVENTIVE_DETERRENCE_ACHIEVED,MODEL_PREDICTION_VERIFIED,79
OUT-2026-00795,TCK-2026-00795,2025-06-30 03:52:35,CIVIL_SUPPORT_REFERRED,FALSE_ALARM_REPORTED,89
OUT-2026-00796,TCK-2026-00796,2026-05-02 09:05:42,UNSUBSTANTIATED_TIP,MODEL_PREDICTION_VERIFIED,98
OUT-2026-00797,TCK-2026-00797,2025-09-21 11:30:50,CIVIL_SUPPORT_REFERRED,MODEL_PREDICTION_VERIFIED,86
OUT-2026-00798,TCK-2026-00798,2025-09-08 11:02:44,PREVENTIVE_DETERRENCE_ACHIEVED,NEW_CORRIDOR_DISCOVERED,92
OUT-2026-00799,TCK-2026-00799,2025-05-13 21:27:16,SEIZURE_EXECUTED,NEW_CORRIDOR_DISCOVERED,76
OUT-2026-00800,TCK-2026-00800,2026-02-11 17:45:36,UNSUBSTANTIATED_TIP,FALSE_ALARM_REPORTED,81
OUT-2026-00801,TCK-2026-00801,2025-10-31 18:37:23,CIVIL_SUPPORT_REFERRED,FALSE_ALARM_REPORTED,95
OUT-2026-00802,TCK-2026-00802,2026-01-05 19:13:35,CIVIL_SUPPORT_REFERRED,FALSE_ALARM_REPORTED,78
OUT-2026-00803,TCK-2026-00803,2026-02-03 17:27:35,CIVIL_SUPPORT_REFERRED,NEW_CORRIDOR_DISCOVERED,87
OUT-2026-00804,TCK-2026-00804,2025-09-15 18:01:03,PREVENTIVE_DETERRENCE_ACHIEVED,MODEL_PREDICTION_VERIFIED,75
OUT-2026-00805,TCK-2026-00805,2025-04-21 12:14:17,SEIZURE_EXECUTED,MODEL_PREDICTION_VERIFIED,88
OUT-2026-00806,TCK-2026-00806,2026-03-15 21:15:37,SEIZURE_EXECUTED,MODEL_PREDICTION_VERIFIED,92
OUT-2026-00807,TCK-2026-00807,2025-05-06 10:02:38,UNSUBSTANTIATED_TIP,MODEL_PREDICTION_VERIFIED,90
OUT-2026-00808,TCK-2026-00808,2025-12-27 21:04:00,UNSUBSTANTIATED_TIP,MODEL_PREDICTION_VERIFIED,88
OUT-2026-00809,TCK-2026-00809,2026-08-08 11:20:29,CIVIL_SUPPORT_REFERRED,MODEL_PREDICTION_VERIFIED,95
OUT-2026-00810,TCK-2026-00810,2025-07-08 14:57:28,PREVENTIVE_DETERRENCE_ACHIEVED,FALSE_ALARM_REPORTED,78
OUT-2026-00811,TCK-2026-00811,2026-03-02 18:35:48,SEIZURE_EXECUTED,MODEL_PREDICTION_VERIFIED,85
OUT-2026-00812,TCK-2026-00812,2025-11-27 18:26:23,PREVENTIVE_DETERRENCE_ACHIEVED,MODEL_PREDICTION_VERIFIED,79
OUT-2026-00813,TCK-2026-00813,2025-04-20 02:29:14,UNSUBSTANTIATED_TIP,FALSE_ALARM_REPORTED,76
OUT-2026-00814,TCK-2026-00814,2025-11-19 03:42:43,PREVENTIVE_DETERRENCE_ACHIEVED,FALSE_ALARM_REPORTED,88
OUT-2026-00815,TCK-2026-00815,2025-12-21 04:23:39,PREVENTIVE_DETERRENCE_ACHIEVED,NEW_CORRIDOR_DISCOVERED,89
OUT-2026-00816,TCK-2026-00816,2026-03-14 09:48:58,SEIZURE_EXECUTED,FALSE_ALARM_REPORTED,89
OUT-2026-00817,TCK-2026-00817,2025-04-25 07:50:27,PREVENTIVE_DETERRENCE_ACHIEVED,NEW_CORRIDOR_DISCOVERED,96
OUT-2026-00818,TCK-2026-00818,2025-08-20 09:31:01,PREVENTIVE_DETERRENCE_ACHIEVED,NEW_CORRIDOR_DISCOVERED,76
OUT-2026-00819,TCK-2026-00819,2025-05-13 14:06:32,UNSUBSTANTIATED_TIP,NEW_CORRIDOR_DISCOVERED,85
OUT-2026-00820,TCK-2026-00820,2025-11-25 02:28:07,PREVENTIVE_DETERRENCE_ACHIEVED,MODEL_PREDICTION_VERIFIED,93
OUT-2026-00821,TCK-2026-00821,2026-02-16 23:46:46,PREVENTIVE_DETERRENCE_ACHIEVED,FALSE_ALARM_REPORTED,79
OUT-2026-00822,TCK-2026-00822,2025-11-16 03:01:58,PREVENTIVE_DETERRENCE_ACHIEVED,NEW_CORRIDOR_DISCOVERED,96
OUT-2026-00823,TCK-2026-00823,2025-08-28 03:01:53,PREVENTIVE_DETERRENCE_ACHIEVED,NEW_CORRIDOR_DISCOVERED,98
OUT-2026-00824,TCK-2026-00824,2025-05-15 20:59:48,SEIZURE_EXECUTED,NEW_CORRIDOR_DISCOVERED,85
OUT-2026-00825,TCK-2026-00825,2026-06-15 17:06:44,SEIZURE_EXECUTED,NEW_CORRIDOR_DISCOVERED,91
OUT-2026-00826,TCK-2026-00826,2025-06-11 00:25:19,PREVENTIVE_DETERRENCE_ACHIEVED,FALSE_ALARM_REPORTED,99
OUT-2026-00827,TCK-2026-00827,2025-12-27 21:16:35,SEIZURE_EXECUTED,MODEL_PREDICTION_VERIFIED,85
OUT-2026-00828,TCK-2026-00828,2026-01-15 18:22:42,SEIZURE_EXECUTED,MODEL_PREDICTION_VERIFIED,78
OUT-2026-00829,TCK-2026-00829,2026-03-19 04:32:22,UNSUBSTANTIATED_TIP,FALSE_ALARM_REPORTED,76
OUT-2026-00830,TCK-2026-00830,2025-10-23 14:54:45,CIVIL_SUPPORT_REFERRED,MODEL_PREDICTION_VERIFIED,98
OUT-2026-00831,TCK-2026-00831,2026-03-28 04:15:23,CIVIL_SUPPORT_REFERRED,MODEL_PREDICTION_VERIFIED,92
OUT-2026-00832,TCK-2026-00832,2026-07-30 04:21:25,UNSUBSTANTIATED_TIP,NEW_CORRIDOR_DISCOVERED,98
OUT-2026-00833,TCK-2026-00833,2026-04-11 00:29:40,SEIZURE_EXECUTED,MODEL_PREDICTION_VERIFIED,94
OUT-2026-00834,TCK-2026-00834,2025-08-10 02:24:16,UNSUBSTANTIATED_TIP,FALSE_ALARM_REPORTED,76
OUT-2026-00835,TCK-2026-00835,2026-07-22 05:45:23,SEIZURE_EXECUTED,NEW_CORRIDOR_DISCOVERED,76
OUT-2026-00836,TCK-2026-00836,2026-07-18 14:58:39,PREVENTIVE_DETERRENCE_ACHIEVED,NEW_CORRIDOR_DISCOVERED,90
OUT-2026-00837,TCK-2026-00837,2026-06-25 09:47:10,SEIZURE_EXECUTED,FALSE_ALARM_REPORTED,94
OUT-2026-00838,TCK-2026-00838,2025-08-06 09:19:02,UNSUBSTANTIATED_TIP,NEW_CORRIDOR_DISCOVERED,79
OUT-2026-00839,TCK-2026-00839,2025-10-01 10:06:24,PREVENTIVE_DETERRENCE_ACHIEVED,MODEL_PREDICTION_VERIFIED,82
OUT-2026-00840,TCK-2026-00840,2025-04-16 08:41:02,SEIZURE_EXECUTED,NEW_CORRIDOR_DISCOVERED,87
OUT-2026-00841,TCK-2026-00841,2025-11-14 14:58:55,CIVIL_SUPPORT_REFERRED,MODEL_PREDICTION_VERIFIED,98
OUT-2026-00842,TCK-2026-00842,2026-01-30 14:13:38,CIVIL_SUPPORT_REFERRED,FALSE_ALARM_REPORTED,81
OUT-2026-00843,TCK-2026-00843,2025-05-14 21:08:01,UNSUBSTANTIATED_TIP,MODEL_PREDICTION_VERIFIED,88
OUT-2026-00844,TCK-2026-00844,2025-05-26 02:03:43,CIVIL_SUPPORT_REFERRED,MODEL_PREDICTION_VERIFIED,89
OUT-2026-00845,TCK-2026-00845,2025-07-07 04:59:35,SEIZURE_EXECUTED,NEW_CORRIDOR_DISCOVERED,84
OUT-2026-00846,TCK-2026-00846,2026-08-07 00:51:54,UNSUBSTANTIATED_TIP,FALSE_ALARM_REPORTED,95
OUT-2026-00847,TCK-2026-00847,2025-05-20 07:45:41,SEIZURE_EXECUTED,FALSE_ALARM_REPORTED,83
OUT-2026-00848,TCK-2026-00848,2026-01-07 07:24:17,PREVENTIVE_DETERRENCE_ACHIEVED,FALSE_ALARM_REPORTED,84
OUT-2026-00849,TCK-2026-00849,2025-09-20 03:22:52,SEIZURE_EXECUTED,MODEL_PREDICTION_VERIFIED,93
OUT-2026-00850,TCK-2026-00850,2025-10-18 10:57:31,SEIZURE_EXECUTED,MODEL_PREDICTION_VERIFIED,87
OUT-2026-00851,TCK-2026-00851,2025-09-07 13:25:22,UNSUBSTANTIATED_TIP,MODEL_PREDICTION_VERIFIED,98
OUT-2026-00852,TCK-2026-00852,2026-03-11 05:47:31,UNSUBSTANTIATED_TIP,MODEL_PREDICTION_VERIFIED,91
OUT-2026-00853,TCK-2026-00853,2025-06-04 03:30:51,CIVIL_SUPPORT_REFERRED,MODEL_PREDICTION_VERIFIED,84
OUT-2026-00854,TCK-2026-00854,2026-08-02 13:04:54,UNSUBSTANTIATED_TIP,FALSE_ALARM_REPORTED,85
OUT-2026-00855,TCK-2026-00855,2025-09-30 22:21:24,PREVENTIVE_DETERRENCE_ACHIEVED,MODEL_PREDICTION_VERIFIED,98
OUT-2026-00856,TCK-2026-00856,2025-06-26 04:11:18,SEIZURE_EXECUTED,NEW_CORRIDOR_DISCOVERED,91
OUT-2026-00857,TCK-2026-00857,2026-01-30 16:05:40,UNSUBSTANTIATED_TIP,MODEL_PREDICTION_VERIFIED,77
OUT-2026-00858,TCK-2026-00858,2025-08-02 13:55:10,SEIZURE_EXECUTED,NEW_CORRIDOR_DISCOVERED,93
OUT-2026-00859,TCK-2026-00859,2025-08-31 03:02:48,CIVIL_SUPPORT_REFERRED,NEW_CORRIDOR_DISCOVERED,80
OUT-2026-00860,TCK-2026-00860,2026-06-17 20:10:28,PREVENTIVE_DETERRENCE_ACHIEVED,MODEL_PREDICTION_VERIFIED,84
OUT-2026-00861,TCK-2026-00861,2025-04-29 15:51:18,PREVENTIVE_DETERRENCE_ACHIEVED,FALSE_ALARM_REPORTED,77
OUT-2026-00862,TCK-2026-00862,2026-01-24 23:44:26,SEIZURE_EXECUTED,NEW_CORRIDOR_DISCOVERED,87
OUT-2026-00863,TCK-2026-00863,2025-08-31 21:33:12,PREVENTIVE_DETERRENCE_ACHIEVED,NEW_CORRIDOR_DISCOVERED,75
OUT-2026-00864,TCK-2026-00864,2025-10-07 17:48:33,CIVIL_SUPPORT_REFERRED,NEW_CORRIDOR_DISCOVERED,95
OUT-2026-00865,TCK-2026-00865,2025-06-01 17:25:30,CIVIL_SUPPORT_REFERRED,NEW_CORRIDOR_DISCOVERED,88
OUT-2026-00866,TCK-2026-00866,2025-05-05 12:52:42,PREVENTIVE_DETERRENCE_ACHIEVED,NEW_CORRIDOR_DISCOVERED,85
OUT-2026-00867,TCK-2026-00867,2025-11-30 08:17:34,PREVENTIVE_DETERRENCE_ACHIEVED,NEW_CORRIDOR_DISCOVERED,84
OUT-2026-00868,TCK-2026-00868,2026-01-23 22:12:16,CIVIL_SUPPORT_REFERRED,FALSE_ALARM_REPORTED,93
OUT-2026-00869,TCK-2026-00869,2025-10-18 10:14:13,PREVENTIVE_DETERRENCE_ACHIEVED,NEW_CORRIDOR_DISCOVERED,77
OUT-2026-00870,TCK-2026-00870,2026-05-29 14:42:22,SEIZURE_EXECUTED,MODEL_PREDICTION_VERIFIED,91
OUT-2026-00871,TCK-2026-00871,2026-02-15 04:56:04,UNSUBSTANTIATED_TIP,NEW_CORRIDOR_DISCOVERED,94
OUT-2026-00872,TCK-2026-00872,2026-05-20 05:51:10,SEIZURE_EXECUTED,NEW_CORRIDOR_DISCOVERED,87
OUT-2026-00873,TCK-2026-00873,2025-09-19 17:11:02,CIVIL_SUPPORT_REFERRED,FALSE_ALARM_REPORTED,75
OUT-2026-00874,TCK-2026-00874,2025-05-24 03:33:43,SEIZURE_EXECUTED,NEW_CORRIDOR_DISCOVERED,81
OUT-2026-00875,TCK-2026-00875,2026-02-13 04:55:07,CIVIL_SUPPORT_REFERRED,NEW_CORRIDOR_DISCOVERED,92
OUT-2026-00876,TCK-2026-00876,2025-08-05 11:31:47,SEIZURE_EXECUTED,MODEL_PREDICTION_VERIFIED,88
OUT-2026-00877,TCK-2026-00877,2025-12-22 09:12:27,CIVIL_SUPPORT_REFERRED,NEW_CORRIDOR_DISCOVERED,89
OUT-2026-00878,TCK-2026-00878,2026-05-04 06:04:15,SEIZURE_EXECUTED,FALSE_ALARM_REPORTED,86
OUT-2026-00879,TCK-2026-00879,2025-07-04 14:58:52,PREVENTIVE_DETERRENCE_ACHIEVED,FALSE_ALARM_REPORTED,79
OUT-2026-00880,TCK-2026-00880,2025-04-12 09:15:43,PREVENTIVE_DETERRENCE_ACHIEVED,NEW_CORRIDOR_DISCOVERED,99
OUT-2026-00881,TCK-2026-00881,2025-05-27 00:46:36,CIVIL_SUPPORT_REFERRED,NEW_CORRIDOR_DISCOVERED,99
OUT-2026-00882,TCK-2026-00882,2025-12-18 22:34:18,CIVIL_SUPPORT_REFERRED,NEW_CORRIDOR_DISCOVERED,97
OUT-2026-00883,TCK-2026-00883,2025-09-25 09:55:37,PREVENTIVE_DETERRENCE_ACHIEVED,NEW_CORRIDOR_DISCOVERED,97
OUT-2026-00884,TCK-2026-00884,2026-03-20 14:20:32,PREVENTIVE_DETERRENCE_ACHIEVED,MODEL_PREDICTION_VERIFIED,91
OUT-2026-00885,TCK-2026-00885,2026-01-19 17:02:50,CIVIL_SUPPORT_REFERRED,FALSE_ALARM_REPORTED,81
OUT-2026-00886,TCK-2026-00886,2026-04-30 14:57:45,UNSUBSTANTIATED_TIP,FALSE_ALARM_REPORTED,88
OUT-2026-00887,TCK-2026-00887,2025-11-20 05:19:51,UNSUBSTANTIATED_TIP,NEW_CORRIDOR_DISCOVERED,92
OUT-2026-00888,TCK-2026-00888,2026-04-15 00:17:19,PREVENTIVE_DETERRENCE_ACHIEVED,NEW_CORRIDOR_DISCOVERED,79
OUT-2026-00889,TCK-2026-00889,2025-11-25 23:13:52,UNSUBSTANTIATED_TIP,NEW_CORRIDOR_DISCOVERED,91
OUT-2026-00890,TCK-2026-00890,2026-08-18 00:50:44,UNSUBSTANTIATED_TIP,FALSE_ALARM_REPORTED,85
OUT-2026-00891,TCK-2026-00891,2026-05-30 05:59:31,UNSUBSTANTIATED_TIP,MODEL_PREDICTION_VERIFIED,85
OUT-2026-00892,TCK-2026-00892,2025-11-28 07:50:17,PREVENTIVE_DETERRENCE_ACHIEVED,FALSE_ALARM_REPORTED,77
OUT-2026-00893,TCK-2026-00893,2025-09-09 06:38:14,PREVENTIVE_DETERRENCE_ACHIEVED,NEW_CORRIDOR_DISCOVERED,78
OUT-2026-00894,TCK-2026-00894,2025-11-29 05:06:56,UNSUBSTANTIATED_TIP,NEW_CORRIDOR_DISCOVERED,94
OUT-2026-00895,TCK-2026-00895,2025-04-21 21:50:57,SEIZURE_EXECUTED,MODEL_PREDICTION_VERIFIED,85
OUT-2026-00896,TCK-2026-00896,2025-11-08 12:51:27,CIVIL_SUPPORT_REFERRED,MODEL_PREDICTION_VERIFIED,89
OUT-2026-00897,TCK-2026-00897,2026-07-18 01:53:27,PREVENTIVE_DETERRENCE_ACHIEVED,FALSE_ALARM_REPORTED,82
OUT-2026-00898,TCK-2026-00898,2025-07-18 17:10:31,UNSUBSTANTIATED_TIP,FALSE_ALARM_REPORTED,87
OUT-2026-00899,TCK-2026-00899,2025-07-24 16:00:45,CIVIL_SUPPORT_REFERRED,NEW_CORRIDOR_DISCOVERED,88
OUT-2026-00900,TCK-2026-00900,2025-11-17 19:48:12,UNSUBSTANTIATED_TIP,NEW_CORRIDOR_DISCOVERED,95
OUT-2026-00901,TCK-2026-00901,2026-06-28 21:00:58,SEIZURE_EXECUTED,NEW_CORRIDOR_DISCOVERED,82
OUT-2026-00902,TCK-2026-00902,2025-09-10 03:05:33,CIVIL_SUPPORT_REFERRED,NEW_CORRIDOR_DISCOVERED,89
OUT-2026-00903,TCK-2026-00903,2026-04-21 22:40:39,SEIZURE_EXECUTED,NEW_CORRIDOR_DISCOVERED,98
OUT-2026-00904,TCK-2026-00904,2025-05-15 09:27:22,SEIZURE_EXECUTED,FALSE_ALARM_REPORTED,97
OUT-2026-00905,TCK-2026-00905,2026-07-13 21:20:34,UNSUBSTANTIATED_TIP,FALSE_ALARM_REPORTED,96
OUT-2026-00906,TCK-2026-00906,2025-09-24 21:44:32,CIVIL_SUPPORT_REFERRED,FALSE_ALARM_REPORTED,80
OUT-2026-00907,TCK-2026-00907,2025-05-01 16:06:20,PREVENTIVE_DETERRENCE_ACHIEVED,MODEL_PREDICTION_VERIFIED,89
OUT-2026-00908,TCK-2026-00908,2026-05-20 17:12:41,UNSUBSTANTIATED_TIP,MODEL_PREDICTION_VERIFIED,76
OUT-2026-00909,TCK-2026-00909,2026-02-03 15:11:00,PREVENTIVE_DETERRENCE_ACHIEVED,MODEL_PREDICTION_VERIFIED,87
OUT-2026-00910,TCK-2026-00910,2026-06-06 23:47:04,CIVIL_SUPPORT_REFERRED,MODEL_PREDICTION_VERIFIED,92
OUT-2026-00911,TCK-2026-00911,2025-08-09 22:15:23,CIVIL_SUPPORT_REFERRED,FALSE_ALARM_REPORTED,94
OUT-2026-00912,TCK-2026-00912,2025-12-13 18:59:02,CIVIL_SUPPORT_REFERRED,NEW_CORRIDOR_DISCOVERED,81
OUT-2026-00913,TCK-2026-00913,2025-05-28 02:38:53,CIVIL_SUPPORT_REFERRED,MODEL_PREDICTION_VERIFIED,89
OUT-2026-00914,TCK-2026-00914,2026-05-16 01:53:42,PREVENTIVE_DETERRENCE_ACHIEVED,FALSE_ALARM_REPORTED,79
OUT-2026-00915,TCK-2026-00915,2025-06-13 22:11:59,PREVENTIVE_DETERRENCE_ACHIEVED,MODEL_PREDICTION_VERIFIED,85
OUT-2026-00916,TCK-2026-00916,2025-05-09 20:34:40,UNSUBSTANTIATED_TIP,FALSE_ALARM_REPORTED,97
OUT-2026-00917,TCK-2026-00917,2026-07-16 23:31:33,SEIZURE_EXECUTED,FALSE_ALARM_REPORTED,83
OUT-2026-00918,TCK-2026-00918,2026-02-06 14:21:04,UNSUBSTANTIATED_TIP,MODEL_PREDICTION_VERIFIED,86
OUT-2026-00919,TCK-2026-00919,2025-10-09 14:33:16,CIVIL_SUPPORT_REFERRED,FALSE_ALARM_REPORTED,83
OUT-2026-00920,TCK-2026-00920,2026-07-13 09:44:12,SEIZURE_EXECUTED,MODEL_PREDICTION_VERIFIED,82
OUT-2026-00921,TCK-2026-00921,2026-05-29 04:44:55,UNSUBSTANTIATED_TIP,MODEL_PREDICTION_VERIFIED,95
OUT-2026-00922,TCK-2026-00922,2026-01-12 21:07:35,SEIZURE_EXECUTED,FALSE_ALARM_REPORTED,79
OUT-2026-00923,TCK-2026-00923,2025-04-20 13:14:53,PREVENTIVE_DETERRENCE_ACHIEVED,NEW_CORRIDOR_DISCOVERED,77
OUT-2026-00924,TCK-2026-00924,2026-06-03 09:46:28,PREVENTIVE_DETERRENCE_ACHIEVED,NEW_CORRIDOR_DISCOVERED,84
OUT-2026-00925,TCK-2026-00925,2025-09-09 06:30:20,UNSUBSTANTIATED_TIP,NEW_CORRIDOR_DISCOVERED,92
OUT-2026-00926,TCK-2026-00926,2026-06-01 08:14:01,PREVENTIVE_DETERRENCE_ACHIEVED,NEW_CORRIDOR_DISCOVERED,84
OUT-2026-00927,TCK-2026-00927,2026-03-09 20:05:53,UNSUBSTANTIATED_TIP,MODEL_PREDICTION_VERIFIED,85
OUT-2026-00928,TCK-2026-00928,2025-06-02 14:46:17,PREVENTIVE_DETERRENCE_ACHIEVED,FALSE_ALARM_REPORTED,90
OUT-2026-00929,TCK-2026-00929,2026-04-24 22:48:16,SEIZURE_EXECUTED,MODEL_PREDICTION_VERIFIED,75
OUT-2026-00930,TCK-2026-00930,2026-08-18 12:42:36,SEIZURE_EXECUTED,MODEL_PREDICTION_VERIFIED,97
OUT-2026-00931,TCK-2026-00931,2025-08-29 08:07:04,PREVENTIVE_DETERRENCE_ACHIEVED,MODEL_PREDICTION_VERIFIED,98
OUT-2026-00932,TCK-2026-00932,2026-04-20 09:06:22,PREVENTIVE_DETERRENCE_ACHIEVED,MODEL_PREDICTION_VERIFIED,98
OUT-2026-00933,TCK-2026-00933,2025-06-15 07:57:13,CIVIL_SUPPORT_REFERRED,MODEL_PREDICTION_VERIFIED,80
OUT-2026-00934,TCK-2026-00934,2026-04-15 14:16:35,CIVIL_SUPPORT_REFERRED,MODEL_PREDICTION_VERIFIED,94
OUT-2026-00935,TCK-2026-00935,2026-07-16 04:55:40,PREVENTIVE_DETERRENCE_ACHIEVED,FALSE_ALARM_REPORTED,83
OUT-2026-00936,TCK-2026-00936,2025-04-14 22:11:04,SEIZURE_EXECUTED,MODEL_PREDICTION_VERIFIED,93
OUT-2026-00937,TCK-2026-00937,2026-03-31 06:26:20,PREVENTIVE_DETERRENCE_ACHIEVED,NEW_CORRIDOR_DISCOVERED,89
OUT-2026-00938,TCK-2026-00938,2025-08-20 10:15:42,UNSUBSTANTIATED_TIP,NEW_CORRIDOR_DISCOVERED,83
OUT-2026-00939,TCK-2026-00939,2025-12-11 03:58:20,PREVENTIVE_DETERRENCE_ACHIEVED,FALSE_ALARM_REPORTED,77
OUT-2026-00940,TCK-2026-00940,2026-07-07 04:28:44,UNSUBSTANTIATED_TIP,FALSE_ALARM_REPORTED,77
OUT-2026-00941,TCK-2026-00941,2025-08-12 09:14:16,UNSUBSTANTIATED_TIP,NEW_CORRIDOR_DISCOVERED,90
OUT-2026-00942,TCK-2026-00942,2025-06-06 08:25:56,SEIZURE_EXECUTED,MODEL_PREDICTION_VERIFIED,79
OUT-2026-00943,TCK-2026-00943,2026-07-27 05:36:08,CIVIL_SUPPORT_REFERRED,MODEL_PREDICTION_VERIFIED,80
OUT-2026-00944,TCK-2026-00944,2026-05-05 06:18:18,PREVENTIVE_DETERRENCE_ACHIEVED,NEW_CORRIDOR_DISCOVERED,96
OUT-2026-00945,TCK-2026-00945,2025-07-18 11:25:44,SEIZURE_EXECUTED,FALSE_ALARM_REPORTED,98
OUT-2026-00946,TCK-2026-00946,2025-11-06 08:15:12,CIVIL_SUPPORT_REFERRED,MODEL_PREDICTION_VERIFIED,88
OUT-2026-00947,TCK-2026-00947,2025-12-07 00:45:01,UNSUBSTANTIATED_TIP,FALSE_ALARM_REPORTED,84
OUT-2026-00948,TCK-2026-00948,2025-08-23 20:14:44,PREVENTIVE_DETERRENCE_ACHIEVED,NEW_CORRIDOR_DISCOVERED,77
OUT-2026-00949,TCK-2026-00949,2025-10-08 13:43:13,SEIZURE_EXECUTED,FALSE_ALARM_REPORTED,86
OUT-2026-00950,TCK-2026-00950,2025-06-03 08:59:52,CIVIL_SUPPORT_REFERRED,FALSE_ALARM_REPORTED,76
OUT-2026-00951,TCK-2026-00951,2025-04-07 06:14:36,PREVENTIVE_DETERRENCE_ACHIEVED,MODEL_PREDICTION_VERIFIED,81
OUT-2026-00952,TCK-2026-00952,2026-02-07 19:31:26,CIVIL_SUPPORT_REFERRED,NEW_CORRIDOR_DISCOVERED,97
OUT-2026-00953,TCK-2026-00953,2025-09-10 20:10:15,PREVENTIVE_DETERRENCE_ACHIEVED,NEW_CORRIDOR_DISCOVERED,95
OUT-2026-00954,TCK-2026-00954,2026-06-02 21:37:14,CIVIL_SUPPORT_REFERRED,FALSE_ALARM_REPORTED,76
OUT-2026-00955,TCK-2026-00955,2026-01-24 04:52:10,UNSUBSTANTIATED_TIP,NEW_CORRIDOR_DISCOVERED,90
OUT-2026-00956,TCK-2026-00956,2025-10-21 22:18:10,CIVIL_SUPPORT_REFERRED,MODEL_PREDICTION_VERIFIED,98
OUT-2026-00957,TCK-2026-00957,2026-07-14 01:42:06,SEIZURE_EXECUTED,MODEL_PREDICTION_VERIFIED,82
OUT-2026-00958,TCK-2026-00958,2025-10-26 15:25:31,UNSUBSTANTIATED_TIP,MODEL_PREDICTION_VERIFIED,99
OUT-2026-00959,TCK-2026-00959,2025-11-28 03:30:23,CIVIL_SUPPORT_REFERRED,FALSE_ALARM_REPORTED,95
OUT-2026-00960,TCK-2026-00960,2026-05-09 04:04:26,PREVENTIVE_DETERRENCE_ACHIEVED,FALSE_ALARM_REPORTED,90
OUT-2026-00961,TCK-2026-00961,2026-07-18 20:18:25,SEIZURE_EXECUTED,FALSE_ALARM_REPORTED,93
OUT-2026-00962,TCK-2026-00962,2026-06-11 21:33:17,SEIZURE_EXECUTED,FALSE_ALARM_REPORTED,84
OUT-2026-00963,TCK-2026-00963,2025-11-06 20:26:32,CIVIL_SUPPORT_REFERRED,FALSE_ALARM_REPORTED,90
OUT-2026-00964,TCK-2026-00964,2026-07-16 19:37:40,CIVIL_SUPPORT_REFERRED,MODEL_PREDICTION_VERIFIED,97
OUT-2026-00965,TCK-2026-00965,2026-04-25 22:48:12,PREVENTIVE_DETERRENCE_ACHIEVED,FALSE_ALARM_REPORTED,88
OUT-2026-00966,TCK-2026-00966,2026-06-12 19:24:26,UNSUBSTANTIATED_TIP,NEW_CORRIDOR_DISCOVERED,92
OUT-2026-00967,TCK-2026-00967,2025-08-19 17:09:56,CIVIL_SUPPORT_REFERRED,FALSE_ALARM_REPORTED,80
OUT-2026-00968,TCK-2026-00968,2025-04-08 07:41:25,CIVIL_SUPPORT_REFERRED,FALSE_ALARM_REPORTED,85
OUT-2026-00969,TCK-2026-00969,2025-05-06 04:19:13,UNSUBSTANTIATED_TIP,NEW_CORRIDOR_DISCOVERED,88
OUT-2026-00970,TCK-2026-00970,2026-08-17 09:40:24,CIVIL_SUPPORT_REFERRED,FALSE_ALARM_REPORTED,93
OUT-2026-00971,TCK-2026-00971,2025-10-27 15:57:02,CIVIL_SUPPORT_REFERRED,MODEL_PREDICTION_VERIFIED,81
OUT-2026-00972,TCK-2026-00972,2026-05-17 03:02:03,CIVIL_SUPPORT_REFERRED,NEW_CORRIDOR_DISCOVERED,86
OUT-2026-00973,TCK-2026-00973,2026-03-04 01:26:59,PREVENTIVE_DETERRENCE_ACHIEVED,MODEL_PREDICTION_VERIFIED,79
OUT-2026-00974,TCK-2026-00974,2025-12-23 10:14:55,SEIZURE_EXECUTED,FALSE_ALARM_REPORTED,79
OUT-2026-00975,TCK-2026-00975,2025-05-30 16:40:45,CIVIL_SUPPORT_REFERRED,FALSE_ALARM_REPORTED,84
OUT-2026-00976,TCK-2026-00976,2026-06-29 14:59:58,SEIZURE_EXECUTED,MODEL_PREDICTION_VERIFIED,79
OUT-2026-00977,TCK-2026-00977,2025-10-10 10:43:22,SEIZURE_EXECUTED,MODEL_PREDICTION_VERIFIED,87
OUT-2026-00978,TCK-2026-00978,2026-08-02 12:42:07,CIVIL_SUPPORT_REFERRED,NEW_CORRIDOR_DISCOVERED,79
OUT-2026-00979,TCK-2026-00979,2025-11-30 15:45:55,PREVENTIVE_DETERRENCE_ACHIEVED,MODEL_PREDICTION_VERIFIED,76
OUT-2026-00980,TCK-2026-00980,2026-01-04 20:24:38,PREVENTIVE_DETERRENCE_ACHIEVED,NEW_CORRIDOR_DISCOVERED,94
OUT-2026-00981,TCK-2026-00981,2026-07-21 02:24:16,CIVIL_SUPPORT_REFERRED,NEW_CORRIDOR_DISCOVERED,83
OUT-2026-00982,TCK-2026-00982,2025-12-04 06:45:15,SEIZURE_EXECUTED,MODEL_PREDICTION_VERIFIED,98
OUT-2026-00983,TCK-2026-00983,2026-01-09 06:56:36,PREVENTIVE_DETERRENCE_ACHIEVED,MODEL_PREDICTION_VERIFIED,88
OUT-2026-00984,TCK-2026-00984,2025-07-14 16:27:53,SEIZURE_EXECUTED,MODEL_PREDICTION_VERIFIED,89
OUT-2026-00985,TCK-2026-00985,2025-09-07 11:10:38,PREVENTIVE_DETERRENCE_ACHIEVED,FALSE_ALARM_REPORTED,77
OUT-2026-00986,TCK-2026-00986,2026-02-15 13:36:26,PREVENTIVE_DETERRENCE_ACHIEVED,FALSE_ALARM_REPORTED,89
OUT-2026-00987,TCK-2026-00987,2026-03-15 13:47:22,PREVENTIVE_DETERRENCE_ACHIEVED,MODEL_PREDICTION_VERIFIED,95
OUT-2026-00988,TCK-2026-00988,2025-06-27 11:58:49,SEIZURE_EXECUTED,NEW_CORRIDOR_DISCOVERED,87
OUT-2026-00989,TCK-2026-00989,2026-03-17 23:32:20,PREVENTIVE_DETERRENCE_ACHIEVED,NEW_CORRIDOR_DISCOVERED,93
OUT-2026-00990,TCK-2026-00990,2026-03-24 23:35:30,CIVIL_SUPPORT_REFERRED,FALSE_ALARM_REPORTED,98
OUT-2026-00991,TCK-2026-00991,2026-05-20 13:12:10,UNSUBSTANTIATED_TIP,FALSE_ALARM_REPORTED,90
OUT-2026-00992,TCK-2026-00992,2026-07-21 15:28:16,PREVENTIVE_DETERRENCE_ACHIEVED,NEW_CORRIDOR_DISCOVERED,97
OUT-2026-00993,TCK-2026-00993,2026-01-16 04:13:32,SEIZURE_EXECUTED,FALSE_ALARM_REPORTED,92
OUT-2026-00994,TCK-2026-00994,2025-08-20 03:43:46,UNSUBSTANTIATED_TIP,FALSE_ALARM_REPORTED,78
OUT-2026-00995,TCK-2026-00995,2025-07-12 13:02:43,PREVENTIVE_DETERRENCE_ACHIEVED,MODEL_PREDICTION_VERIFIED,97
OUT-2026-00996,TCK-2026-00996,2025-10-30 09:57:04,SEIZURE_EXECUTED,NEW_CORRIDOR_DISCOVERED,80
OUT-2026-00997,TCK-2026-00997,2026-08-01 21:05:36,UNSUBSTANTIATED_TIP,NEW_CORRIDOR_DISCOVERED,83
OUT-2026-00998,TCK-2026-00998,2025-12-08 15:31:27,UNSUBSTANTIATED_TIP,MODEL_PREDICTION_VERIFIED,87
OUT-2026-00999,TCK-2026-00999,2025-07-03 14:23:37,UNSUBSTANTIATED_TIP,NEW_CORRIDOR_DISCOVERED,90
OUT-2026-01000,TCK-2026-01000,2025-08-01 00:34:52,UNSUBSTANTIATED_TIP,NEW_CORRIDOR_DISCOVERED,80