snapshot_id,district_id,district_name,snapshot_date,daily_signals_count,velocity_ratio,risk_level,confidence_score,coverage_status
SNAP-00001,6,Tirunelveli,2026-05-07 12:13:49,10,1,WATCH,72,MODERATE
SNAP-00002,1,Chennai,2025-07-14 19:26:59,6,3.5,HIGH PREVENTIVE ATTENTION,84,GOOD
SNAP-00003,20,Viluppuram,2024-10-19 18:47:16,2,1,WATCH,65,MODERATE
SNAP-00004,26,Ariyalur,2025-08-30 16:27:40,21,0.3,INSUFFICIENT_DATA,42,LIMITED
SNAP-00005,37,Tirupathur,2024-08-23 19:05:57,21,1.2,WATCH,67,MODERATE
SNAP-00006,7,Erode,2023-12-21 12:22:55,9,1.2,WATCH,75,GOOD
SNAP-00007,26,Ariyalur,2025-08-13 20:43:54,16,0.3,INSUFFICIENT_DATA,42,LIMITED
SNAP-00008,18,Tiruvallur,2024-08-05 15:59:14,17,2.3,INCREASING,80,GOOD
SNAP-00009,12,Thanjavur,2025-03-24 14:13:48,15,0.7,LOW,64,MODERATE
SNAP-00010,29,Sivaganga,2023-11-04 08:30:16,4,0.6,LOW,59,LIMITED
SNAP-00011,24,Nilgiris,2026-03-25 03:29:02,18,1.8,WATCH,74,MODERATE
SNAP-00012,27,Perambalur,2024-07-29 13:01:26,14,0.4,INSUFFICIENT_DATA,44,LIMITED
SNAP-00013,11,Dindigul,2026-03-30 03:25:22,2,0.9,WATCH,68,MODERATE
SNAP-00014,25,Karur,2025-03-13 05:38:49,18,0.7,LOW,60,MODERATE
SNAP-00015,16,Kancheepuram,2025-07-07 19:12:05,17,1,WATCH,72,GOOD
SNAP-00016,2,Coimbatore,2024-09-08 11:03:06,1,6,HIGH PREVENTIVE ATTENTION,88,GOOD
SNAP-00017,27,Perambalur,2023-12-15 09:16:35,19,0.4,INSUFFICIENT_DATA,44,LIMITED
SNAP-00018,1,Chennai,2024-01-14 11:43:22,8,3.5,HIGH PREVENTIVE ATTENTION,84,GOOD
SNAP-00019,25,Karur,2025-05-02 01:32:38,23,0.7,LOW,60,MODERATE
SNAP-00020,22,Dharmapuri,2025-07-31 02:21:26,19,1.4,WATCH,66,MODERATE
SNAP-00021,26,Ariyalur,2025-05-05 22:05:56,23,0.3,INSUFFICIENT_DATA,42,LIMITED
SNAP-00022,17,Chengalpattu,2024-09-21 00:18:04,6,2.1,INCREASING,78,GOOD
SNAP-00023,10,Krishnagiri,2025-09-18 08:46:12,9,4.8,HIGH PREVENTIVE ATTENTION,85,GOOD
SNAP-00024,5,Tiruchirappalli,2026-07-20 22:01:54,18,1.1,WATCH,74,GOOD
SNAP-00025,27,Perambalur,2025-12-18 22:17:07,8,0.4,INSUFFICIENT_DATA,44,LIMITED
SNAP-00026,23,Namakkal,2026-06-10 00:29:53,21,0.9,WATCH,68,MODERATE
SNAP-00027,3,Madurai,2025-12-17 23:33:01,20,2.1,INCREASING,78,GOOD
SNAP-00028,35,Mayiladuthurai,2024-01-09 10:04:42,3,0.6,LOW,58,LIMITED
SNAP-00029,19,Cuddalore,2024-05-05 18:32:12,22,0.8,LOW,62,MODERATE
SNAP-00030,3,Madurai,2025-05-11 01:28:26,4,2.1,INCREASING,78,GOOD
SNAP-00031,2,Coimbatore,2025-11-22 18:21:06,6,6,HIGH PREVENTIVE ATTENTION,88,GOOD
SNAP-00032,16,Kancheepuram,2024-11-03 14:51:40,0,1,WATCH,72,GOOD
SNAP-00033,14,Kanniyakumari,2024-09-19 10:32:54,20,1.1,WATCH,70,MODERATE
SNAP-00034,28,Pudukkottai,2023-11-24 20:28:25,20,0.8,LOW,61,MODERATE
SNAP-00035,25,Karur,2026-06-18 18:35:01,2,0.7,LOW,60,MODERATE
SNAP-00036,24,Nilgiris,2023-12-24 18:26:11,24,1.8,WATCH,74,MODERATE
SNAP-00037,7,Erode,2025-08-06 15:52:34,8,1.2,WATCH,75,GOOD
SNAP-00038,2,Coimbatore,2025-05-17 14:31:47,0,6,HIGH PREVENTIVE ATTENTION,88,GOOD
SNAP-00039,29,Sivaganga,2024-02-18 10:15:04,14,0.6,LOW,59,LIMITED
SNAP-00040,3,Madurai,2023-09-11 15:10:07,6,2.1,INCREASING,78,GOOD
SNAP-00041,30,Ramanathapuram,2024-07-09 01:18:59,14,1.5,WATCH,71,MODERATE
SNAP-00042,24,Nilgiris,2026-03-23 08:44:37,4,1.8,WATCH,74,MODERATE
SNAP-00043,1,Chennai,2025-06-03 19:39:25,12,3.5,HIGH PREVENTIVE ATTENTION,84,GOOD
SNAP-00044,17,Chengalpattu,2026-01-19 08:06:43,8,2.1,INCREASING,78,GOOD
SNAP-00045,3,Madurai,2025-03-31 04:31:40,24,2.1,INCREASING,78,GOOD
SNAP-00046,33,Thiruvarur,2025-12-21 10:12:19,4,0.5,LOW,56,LIMITED
SNAP-00047,18,Tiruvallur,2025-02-09 22:41:32,14,2.3,INCREASING,80,GOOD
SNAP-00048,4,Salem,2026-02-25 21:27:06,5,2.4,INCREASING,82,GOOD
SNAP-00049,2,Coimbatore,2025-11-03 11:31:27,17,6,HIGH PREVENTIVE ATTENTION,88,GOOD
SNAP-00050,9,Vellore,2024-03-27 04:25:47,1,2.2,INCREASING,76,GOOD
SNAP-00051,28,Pudukkottai,2025-03-27 10:28:12,13,0.8,LOW,61,MODERATE
SNAP-00052,32,Theni,2025-08-30 21:14:41,24,1.9,INCREASING,73,MODERATE
SNAP-00053,11,Dindigul,2026-08-11 15:18:07,16,0.9,WATCH,68,MODERATE
SNAP-00054,18,Tiruvallur,2024-03-06 19:05:02,8,2.3,INCREASING,80,GOOD
SNAP-00055,27,Perambalur,2025-07-21 11:13:24,21,0.4,INSUFFICIENT_DATA,44,LIMITED
SNAP-00056,10,Krishnagiri,2023-11-22 20:22:02,21,4.8,HIGH PREVENTIVE ATTENTION,85,GOOD
SNAP-00057,32,Theni,2025-01-30 15:50:42,22,1.9,INCREASING,73,MODERATE
SNAP-00058,8,Tiruppur,2026-03-28 22:50:53,5,2.8,INCREASING,80,GOOD
SNAP-00059,13,Thoothukudi,2025-04-10 17:28:35,13,2.5,INCREASING,86,GOOD
SNAP-00060,5,Tiruchirappalli,2024-04-07 15:54:53,17,1.1,WATCH,74,GOOD
SNAP-00061,11,Dindigul,2024-04-13 10:33:09,17,0.9,WATCH,68,MODERATE
SNAP-00062,19,Cuddalore,2026-02-13 23:43:55,17,0.8,LOW,62,MODERATE
SNAP-00063,11,Dindigul,2025-08-22 20:28:56,7,0.9,WATCH,68,MODERATE
SNAP-00064,37,Tirupathur,2024-02-06 06:54:38,15,1.2,WATCH,67,MODERATE
SNAP-00065,32,Theni,2024-03-15 17:13:19,11,1.9,INCREASING,73,MODERATE
SNAP-00066,6,Tirunelveli,2026-01-24 10:55:09,8,1,WATCH,72,MODERATE
SNAP-00067,9,Vellore,2025-12-14 14:07:31,13,2.2,INCREASING,76,GOOD
SNAP-00068,23,Namakkal,2023-10-19 08:16:01,3,0.9,WATCH,68,MODERATE
SNAP-00069,31,Virudhunagar,2024-03-26 14:15:00,22,1,WATCH,69,MODERATE
SNAP-00070,33,Thiruvarur,2026-02-13 23:53:21,6,0.5,LOW,56,LIMITED
SNAP-00071,13,Thoothukudi,2026-07-27 03:10:17,0,2.5,INCREASING,86,GOOD
SNAP-00072,33,Thiruvarur,2024-03-22 21:59:49,11,0.5,LOW,56,LIMITED
SNAP-00073,13,Thoothukudi,2026-07-04 12:15:59,17,2.5,INCREASING,86,GOOD
SNAP-00074,6,Tirunelveli,2024-04-21 17:42:51,15,1,WATCH,72,MODERATE
SNAP-00075,23,Namakkal,2024-09-23 23:27:07,5,0.9,WATCH,68,MODERATE
SNAP-00076,4,Salem,2025-08-04 15:22:38,21,2.4,INCREASING,82,GOOD
SNAP-00077,31,Virudhunagar,2024-05-31 19:29:22,20,1,WATCH,69,MODERATE
SNAP-00078,34,Nagapattinam,2025-07-21 10:17:47,2,1.2,WATCH,68,MODERATE
SNAP-00079,7,Erode,2025-02-15 10:02:17,24,1.2,WATCH,75,GOOD
SNAP-00080,11,Dindigul,2024-12-17 00:09:13,16,0.9,WATCH,68,MODERATE
SNAP-00081,25,Karur,2025-11-10 07:51:50,11,0.7,LOW,60,MODERATE
SNAP-00082,28,Pudukkottai,2023-08-31 19:04:57,14,0.8,LOW,61,MODERATE
SNAP-00083,36,Ranipet,2024-01-01 07:43:30,10,1.6,WATCH,72,GOOD
SNAP-00084,9,Vellore,2026-07-19 14:58:55,14,2.2,INCREASING,76,GOOD
SNAP-00085,20,Viluppuram,2024-07-03 19:29:38,19,1,WATCH,65,MODERATE
SNAP-00086,7,Erode,2025-07-16 07:41:36,11,1.2,WATCH,75,GOOD
SNAP-00087,11,Dindigul,2025-06-10 11:48:55,12,0.9,WATCH,68,MODERATE
SNAP-00088,28,Pudukkottai,2026-06-09 22:56:13,4,0.8,LOW,61,MODERATE
SNAP-00089,9,Vellore,2025-10-21 15:24:26,14,2.2,INCREASING,76,GOOD
SNAP-00090,26,Ariyalur,2026-01-28 21:30:13,6,0.3,INSUFFICIENT_DATA,42,LIMITED
SNAP-00091,25,Karur,2025-04-15 16:04:49,10,0.7,LOW,60,MODERATE
SNAP-00092,24,Nilgiris,2024-08-27 03:21:44,3,1.8,WATCH,74,MODERATE
SNAP-00093,15,Tenkasi,2024-06-23 11:59:12,8,2.3,WATCH,68,LIMITED
SNAP-00094,20,Viluppuram,2026-07-21 08:26:11,15,1,WATCH,65,MODERATE
SNAP-00095,7,Erode,2026-05-25 07:57:30,7,1.2,WATCH,75,GOOD
SNAP-00096,15,Tenkasi,2026-02-04 20:38:57,20,2.3,WATCH,68,LIMITED
SNAP-00097,23,Namakkal,2026-07-24 21:11:11,10,0.9,WATCH,68,MODERATE
SNAP-00098,17,Chengalpattu,2023-11-09 01:29:42,9,2.1,INCREASING,78,GOOD
SNAP-00099,35,Mayiladuthurai,2025-12-22 05:25:47,12,0.6,LOW,58,LIMITED
SNAP-00100,7,Erode,2023-11-01 17:41:24,0,1.2,WATCH,75,GOOD
SNAP-00101,4,Salem,2023-09-02 20:45:31,25,2.4,INCREASING,82,GOOD
SNAP-00102,34,Nagapattinam,2025-01-30 10:11:02,7,1.2,WATCH,68,MODERATE
SNAP-00103,29,Sivaganga,2025-08-29 14:41:11,10,0.6,LOW,59,LIMITED
SNAP-00104,13,Thoothukudi,2025-12-04 00:59:09,6,2.5,INCREASING,86,GOOD
SNAP-00105,20,Viluppuram,2025-10-28 16:43:37,2,1,WATCH,65,MODERATE
SNAP-00106,7,Erode,2026-03-20 00:01:07,24,1.2,WATCH,75,GOOD
SNAP-00107,33,Thiruvarur,2025-12-08 04:40:48,16,0.5,LOW,56,LIMITED
SNAP-00108,33,Thiruvarur,2024-10-30 04:10:21,3,0.5,LOW,56,LIMITED
SNAP-00109,22,Dharmapuri,2023-12-07 23:47:22,11,1.4,WATCH,66,MODERATE
SNAP-00110,16,Kancheepuram,2025-11-06 21:45:30,17,1,WATCH,72,GOOD
SNAP-00111,26,Ariyalur,2025-09-29 10:45:47,12,0.3,INSUFFICIENT_DATA,42,LIMITED
SNAP-00112,18,Tiruvallur,2023-12-01 11:36:36,3,2.3,INCREASING,80,GOOD
SNAP-00113,38,Tiruvannamalai,2024-03-16 11:37:16,6,1.1,WATCH,70,GOOD
SNAP-00114,1,Chennai,2026-01-16 16:01:59,5,3.5,HIGH PREVENTIVE ATTENTION,84,GOOD
SNAP-00115,25,Karur,2024-12-08 04:09:42,6,0.7,LOW,60,MODERATE
SNAP-00116,36,Ranipet,2024-10-01 01:15:32,23,1.6,WATCH,72,GOOD
SNAP-00117,9,Vellore,2026-02-27 08:17:49,12,2.2,INCREASING,76,GOOD
SNAP-00118,37,Tirupathur,2023-11-19 16:09:23,5,1.2,WATCH,67,MODERATE
SNAP-00119,33,Thiruvarur,2026-05-16 15:29:46,17,0.5,LOW,56,LIMITED
SNAP-00120,26,Ariyalur,2025-10-13 18:12:10,18,0.3,INSUFFICIENT_DATA,42,LIMITED
SNAP-00121,10,Krishnagiri,2025-11-26 05:47:37,19,4.8,HIGH PREVENTIVE ATTENTION,85,GOOD
SNAP-00122,26,Ariyalur,2025-08-28 17:18:58,25,0.3,INSUFFICIENT_DATA,42,LIMITED
SNAP-00123,33,Thiruvarur,2023-11-02 23:31:45,15,0.5,LOW,56,LIMITED
SNAP-00124,36,Ranipet,2025-07-10 10:55:31,8,1.6,WATCH,72,GOOD
SNAP-00125,14,Kanniyakumari,2025-12-19 23:03:08,16,1.1,WATCH,70,MODERATE
SNAP-00126,14,Kanniyakumari,2024-06-08 14:46:44,7,1.1,WATCH,70,MODERATE
SNAP-00127,29,Sivaganga,2026-04-06 02:56:08,1,0.6,LOW,59,LIMITED
SNAP-00128,10,Krishnagiri,2026-05-20 09:48:14,23,4.8,HIGH PREVENTIVE ATTENTION,85,GOOD
SNAP-00129,29,Sivaganga,2025-10-15 17:06:38,12,0.6,LOW,59,LIMITED
SNAP-00130,22,Dharmapuri,2025-03-20 16:31:35,2,1.4,WATCH,66,MODERATE
SNAP-00131,30,Ramanathapuram,2026-07-06 16:04:51,2,1.5,WATCH,71,MODERATE
SNAP-00132,17,Chengalpattu,2025-12-19 10:56:31,18,2.1,INCREASING,78,GOOD
SNAP-00133,4,Salem,2023-09-05 16:48:10,16,2.4,INCREASING,82,GOOD
SNAP-00134,12,Thanjavur,2026-06-15 15:35:55,10,0.7,LOW,64,MODERATE
SNAP-00135,30,Ramanathapuram,2025-11-22 08:23:03,12,1.5,WATCH,71,MODERATE
SNAP-00136,28,Pudukkottai,2025-08-02 20:24:16,18,0.8,LOW,61,MODERATE
SNAP-00137,21,Kallakurichi,2024-05-11 01:29:04,7,0.6,LOW,58,LIMITED
SNAP-00138,34,Nagapattinam,2024-04-17 15:04:53,15,1.2,WATCH,68,MODERATE
SNAP-00139,12,Thanjavur,2024-01-21 12:59:30,5,0.7,LOW,64,MODERATE
SNAP-00140,10,Krishnagiri,2025-07-10 07:25:26,11,4.8,HIGH PREVENTIVE ATTENTION,85,GOOD
SNAP-00141,36,Ranipet,2024-05-19 15:05:05,11,1.6,WATCH,72,GOOD
SNAP-00142,35,Mayiladuthurai,2026-03-24 20:18:59,16,0.6,LOW,58,LIMITED
SNAP-00143,1,Chennai,2025-11-14 18:36:11,11,3.5,HIGH PREVENTIVE ATTENTION,84,GOOD
SNAP-00144,36,Ranipet,2025-11-30 17:08:28,11,1.6,WATCH,72,GOOD
SNAP-00145,33,Thiruvarur,2025-10-17 20:26:53,11,0.5,LOW,56,LIMITED
SNAP-00146,18,Tiruvallur,2025-03-04 14:25:31,20,2.3,INCREASING,80,GOOD
SNAP-00147,4,Salem,2025-01-23 09:19:19,11,2.4,INCREASING,82,GOOD
SNAP-00148,10,Krishnagiri,2024-08-20 04:29:40,5,4.8,HIGH PREVENTIVE ATTENTION,85,GOOD
SNAP-00149,14,Kanniyakumari,2024-10-08 07:38:10,14,1.1,WATCH,70,MODERATE
SNAP-00150,12,Thanjavur,2025-04-30 09:18:50,11,0.7,LOW,64,MODERATE
SNAP-00151,21,Kallakurichi,2025-12-10 01:12:42,25,0.6,LOW,58,LIMITED
SNAP-00152,36,Ranipet,2023-11-22 17:23:10,19,1.6,WATCH,72,GOOD
SNAP-00153,4,Salem,2025-01-17 05:02:50,7,2.4,INCREASING,82,GOOD
SNAP-00154,1,Chennai,2025-06-15 10:37:38,0,3.5,HIGH PREVENTIVE ATTENTION,84,GOOD
SNAP-00155,5,Tiruchirappalli,2026-06-22 06:24:45,12,1.1,WATCH,74,GOOD
SNAP-00156,22,Dharmapuri,2024-11-20 00:11:06,17,1.4,WATCH,66,MODERATE
SNAP-00157,2,Coimbatore,2026-03-23 02:00:13,4,6,HIGH PREVENTIVE ATTENTION,88,GOOD
SNAP-00158,17,Chengalpattu,2024-07-22 07:10:25,24,2.1,INCREASING,78,GOOD
SNAP-00159,21,Kallakurichi,2025-03-14 15:46:52,25,0.6,LOW,58,LIMITED
SNAP-00160,5,Tiruchirappalli,2024-08-12 23:20:57,25,1.1,WATCH,74,GOOD
SNAP-00161,12,Thanjavur,2024-05-14 20:47:01,15,0.7,LOW,64,MODERATE
SNAP-00162,26,Ariyalur,2023-11-29 03:12:06,3,0.3,INSUFFICIENT_DATA,42,LIMITED
SNAP-00163,19,Cuddalore,2023-10-06 03:58:48,2,0.8,LOW,62,MODERATE
SNAP-00164,12,Thanjavur,2026-01-29 11:20:56,0,0.7,LOW,64,MODERATE
SNAP-00165,18,Tiruvallur,2024-07-19 17:46:23,8,2.3,INCREASING,80,GOOD
SNAP-00166,22,Dharmapuri,2025-06-17 00:34:36,21,1.4,WATCH,66,MODERATE
SNAP-00167,17,Chengalpattu,2023-10-06 14:19:03,1,2.1,INCREASING,78,GOOD
SNAP-00168,19,Cuddalore,2025-11-24 02:59:28,17,0.8,LOW,62,MODERATE
SNAP-00169,27,Perambalur,2024-03-20 23:01:41,3,0.4,INSUFFICIENT_DATA,44,LIMITED
SNAP-00170,18,Tiruvallur,2025-12-30 03:14:46,14,2.3,INCREASING,80,GOOD
SNAP-00171,6,Tirunelveli,2023-10-05 09:59:10,22,1,WATCH,72,MODERATE
SNAP-00172,9,Vellore,2024-05-03 03:31:59,18,2.2,INCREASING,76,GOOD
SNAP-00173,27,Perambalur,2025-04-16 09:06:33,19,0.4,INSUFFICIENT_DATA,44,LIMITED
SNAP-00174,22,Dharmapuri,2024-01-02 01:42:24,14,1.4,WATCH,66,MODERATE
SNAP-00175,22,Dharmapuri,2026-06-10 02:55:03,21,1.4,WATCH,66,MODERATE
SNAP-00176,16,Kancheepuram,2025-12-26 00:09:44,11,1,WATCH,72,GOOD
SNAP-00177,9,Vellore,2025-12-19 19:11:13,12,2.2,INCREASING,76,GOOD
SNAP-00178,20,Viluppuram,2025-06-14 03:39:57,14,1,WATCH,65,MODERATE
SNAP-00179,30,Ramanathapuram,2024-01-20 12:34:37,8,1.5,WATCH,71,MODERATE
SNAP-00180,31,Virudhunagar,2024-03-17 09:13:30,4,1,WATCH,69,MODERATE
SNAP-00181,2,Coimbatore,2023-12-19 06:53:17,24,6,HIGH PREVENTIVE ATTENTION,88,GOOD
SNAP-00182,16,Kancheepuram,2025-02-11 12:32:23,8,1,WATCH,72,GOOD
SNAP-00183,4,Salem,2025-05-24 15:21:58,19,2.4,INCREASING,82,GOOD
SNAP-00184,25,Karur,2023-12-15 06:00:18,22,0.7,LOW,60,MODERATE
SNAP-00185,4,Salem,2024-08-18 11:39:29,3,2.4,INCREASING,82,GOOD
SNAP-00186,36,Ranipet,2026-04-02 09:45:18,17,1.6,WATCH,72,GOOD
SNAP-00187,34,Nagapattinam,2026-08-07 15:44:12,6,1.2,WATCH,68,MODERATE
SNAP-00188,4,Salem,2025-02-07 13:06:47,14,2.4,INCREASING,82,GOOD
SNAP-00189,33,Thiruvarur,2023-12-31 06:16:09,4,0.5,LOW,56,LIMITED
SNAP-00190,38,Tiruvannamalai,2026-07-15 13:39:53,2,1.1,WATCH,70,GOOD
SNAP-00191,28,Pudukkottai,2024-09-06 04:56:41,0,0.8,LOW,61,MODERATE
SNAP-00192,15,Tenkasi,2025-01-15 18:57:54,25,2.3,WATCH,68,LIMITED
SNAP-00193,35,Mayiladuthurai,2025-08-09 05:26:57,8,0.6,LOW,58,LIMITED
SNAP-00194,33,Thiruvarur,2024-09-15 23:18:45,19,0.5,LOW,56,LIMITED
SNAP-00195,22,Dharmapuri,2025-10-07 20:41:04,10,1.4,WATCH,66,MODERATE
SNAP-00196,1,Chennai,2025-08-27 09:08:48,22,3.5,HIGH PREVENTIVE ATTENTION,84,GOOD
SNAP-00197,14,Kanniyakumari,2025-08-20 07:50:30,13,1.1,WATCH,70,MODERATE
SNAP-00198,35,Mayiladuthurai,2026-03-25 04:42:54,19,0.6,LOW,58,LIMITED
SNAP-00199,2,Coimbatore,2025-12-17 08:16:13,1,6,HIGH PREVENTIVE ATTENTION,88,GOOD
SNAP-00200,20,Viluppuram,2025-06-07 13:17:00,19,1,WATCH,65,MODERATE
SNAP-00201,3,Madurai,2024-03-17 01:16:35,0,2.1,INCREASING,78,GOOD
SNAP-00202,17,Chengalpattu,2025-10-16 15:46:56,20,2.1,INCREASING,78,GOOD
SNAP-00203,20,Viluppuram,2026-03-08 08:08:44,17,1,WATCH,65,MODERATE
SNAP-00204,22,Dharmapuri,2025-02-21 12:49:35,23,1.4,WATCH,66,MODERATE
SNAP-00205,19,Cuddalore,2025-06-08 23:10:42,18,0.8,LOW,62,MODERATE
SNAP-00206,21,Kallakurichi,2024-08-08 00:01:21,8,0.6,LOW,58,LIMITED
SNAP-00207,13,Thoothukudi,2024-01-28 15:41:02,22,2.5,INCREASING,86,GOOD
SNAP-00208,34,Nagapattinam,2024-09-15 14:48:13,10,1.2,WATCH,68,MODERATE
SNAP-00209,20,Viluppuram,2024-09-15 06:02:50,23,1,WATCH,65,MODERATE
SNAP-00210,3,Madurai,2025-08-19 09:21:26,1,2.1,INCREASING,78,GOOD
SNAP-00211,19,Cuddalore,2023-10-23 16:52:13,9,0.8,LOW,62,MODERATE
SNAP-00212,1,Chennai,2025-11-29 06:57:45,1,3.5,HIGH PREVENTIVE ATTENTION,84,GOOD
SNAP-00213,34,Nagapattinam,2024-09-10 13:19:30,11,1.2,WATCH,68,MODERATE
SNAP-00214,19,Cuddalore,2024-05-03 15:39:15,24,0.8,LOW,62,MODERATE
SNAP-00215,15,Tenkasi,2023-08-23 12:41:21,2,2.3,WATCH,68,LIMITED
SNAP-00216,1,Chennai,2024-09-30 15:05:53,17,3.5,HIGH PREVENTIVE ATTENTION,84,GOOD
SNAP-00217,24,Nilgiris,2026-05-01 03:20:03,13,1.8,WATCH,74,MODERATE
SNAP-00218,37,Tirupathur,2025-11-24 02:57:59,4,1.2,WATCH,67,MODERATE
SNAP-00219,19,Cuddalore,2026-08-06 17:34:48,7,0.8,LOW,62,MODERATE
SNAP-00220,29,Sivaganga,2024-11-11 13:52:00,19,0.6,LOW,59,LIMITED
SNAP-00221,4,Salem,2024-03-17 23:35:49,15,2.4,INCREASING,82,GOOD
SNAP-00222,32,Theni,2025-03-01 10:04:53,23,1.9,INCREASING,73,MODERATE
SNAP-00223,34,Nagapattinam,2025-07-01 03:12:36,6,1.2,WATCH,68,MODERATE
SNAP-00224,1,Chennai,2024-07-15 06:43:58,1,3.5,HIGH PREVENTIVE ATTENTION,84,GOOD
SNAP-00225,14,Kanniyakumari,2025-06-15 11:24:38,19,1.1,WATCH,70,MODERATE
SNAP-00226,14,Kanniyakumari,2024-01-05 09:12:04,24,1.1,WATCH,70,MODERATE
SNAP-00227,14,Kanniyakumari,2025-10-21 03:04:53,15,1.1,WATCH,70,MODERATE
SNAP-00228,33,Thiruvarur,2024-10-28 10:43:08,0,0.5,LOW,56,LIMITED
SNAP-00229,34,Nagapattinam,2025-02-13 12:52:01,20,1.2,WATCH,68,MODERATE
SNAP-00230,9,Vellore,2025-06-05 20:04:39,4,2.2,INCREASING,76,GOOD
SNAP-00231,26,Ariyalur,2026-07-17 01:56:52,4,0.3,INSUFFICIENT_DATA,42,LIMITED
SNAP-00232,2,Coimbatore,2024-10-12 12:29:17,19,6,HIGH PREVENTIVE ATTENTION,88,GOOD
SNAP-00233,22,Dharmapuri,2026-07-20 10:43:51,9,1.4,WATCH,66,MODERATE
SNAP-00234,26,Ariyalur,2025-10-24 23:51:37,14,0.3,INSUFFICIENT_DATA,42,LIMITED
SNAP-00235,30,Ramanathapuram,2025-06-21 18:19:14,17,1.5,WATCH,71,MODERATE
SNAP-00236,8,Tiruppur,2026-06-28 14:09:23,1,2.8,INCREASING,80,GOOD
SNAP-00237,17,Chengalpattu,2026-02-27 08:55:04,12,2.1,INCREASING,78,GOOD
SNAP-00238,20,Viluppuram,2025-10-09 18:33:41,15,1,WATCH,65,MODERATE
SNAP-00239,11,Dindigul,2025-12-18 19:24:38,18,0.9,WATCH,68,MODERATE
SNAP-00240,1,Chennai,2024-09-27 13:26:29,20,3.5,HIGH PREVENTIVE ATTENTION,84,GOOD
SNAP-00241,3,Madurai,2024-05-01 18:49:32,25,2.1,INCREASING,78,GOOD
SNAP-00242,10,Krishnagiri,2026-07-27 20:09:06,4,4.8,HIGH PREVENTIVE ATTENTION,85,GOOD
SNAP-00243,35,Mayiladuthurai,2024-06-07 11:33:31,15,0.6,LOW,58,LIMITED
SNAP-00244,29,Sivaganga,2025-01-07 13:15:42,17,0.6,LOW,59,LIMITED
SNAP-00245,14,Kanniyakumari,2023-09-17 20:31:28,25,1.1,WATCH,70,MODERATE
SNAP-00246,5,Tiruchirappalli,2024-08-24 11:08:46,8,1.1,WATCH,74,GOOD
SNAP-00247,1,Chennai,2024-05-28 19:34:48,19,3.5,HIGH PREVENTIVE ATTENTION,84,GOOD
SNAP-00248,24,Nilgiris,2023-12-28 21:02:30,18,1.8,WATCH,74,MODERATE
SNAP-00249,18,Tiruvallur,2024-10-26 23:56:31,15,2.3,INCREASING,80,GOOD
SNAP-00250,37,Tirupathur,2026-08-17 20:06:46,15,1.2,WATCH,67,MODERATE
SNAP-00251,13,Thoothukudi,2024-10-01 18:56:02,6,2.5,INCREASING,86,GOOD
SNAP-00252,1,Chennai,2026-06-09 02:37:25,19,3.5,HIGH PREVENTIVE ATTENTION,84,GOOD
SNAP-00253,23,Namakkal,2024-10-16 02:52:59,18,0.9,WATCH,68,MODERATE
SNAP-00254,23,Namakkal,2026-04-02 10:08:00,3,0.9,WATCH,68,MODERATE
SNAP-00255,17,Chengalpattu,2026-08-16 12:36:24,20,2.1,INCREASING,78,GOOD
SNAP-00256,38,Tiruvannamalai,2025-01-10 07:00:26,14,1.1,WATCH,70,GOOD
SNAP-00257,1,Chennai,2025-03-19 08:36:05,1,3.5,HIGH PREVENTIVE ATTENTION,84,GOOD
SNAP-00258,35,Mayiladuthurai,2025-02-28 00:25:45,22,0.6,LOW,58,LIMITED
SNAP-00259,34,Nagapattinam,2026-05-30 09:41:00,18,1.2,WATCH,68,MODERATE
SNAP-00260,8,Tiruppur,2026-02-09 08:08:25,17,2.8,INCREASING,80,GOOD
SNAP-00261,36,Ranipet,2023-09-11 21:20:05,15,1.6,WATCH,72,GOOD
SNAP-00262,31,Virudhunagar,2025-02-21 17:47:49,4,1,WATCH,69,MODERATE
SNAP-00263,5,Tiruchirappalli,2025-11-15 00:10:50,12,1.1,WATCH,74,GOOD
SNAP-00264,28,Pudukkottai,2024-01-16 09:32:10,19,0.8,LOW,61,MODERATE
SNAP-00265,4,Salem,2024-04-25 23:05:55,12,2.4,INCREASING,82,GOOD
SNAP-00266,23,Namakkal,2025-06-03 04:02:09,18,0.9,WATCH,68,MODERATE
SNAP-00267,21,Kallakurichi,2026-08-12 11:43:47,6,0.6,LOW,58,LIMITED
SNAP-00268,16,Kancheepuram,2024-04-24 22:00:12,24,1,WATCH,72,GOOD
SNAP-00269,35,Mayiladuthurai,2025-09-19 02:37:02,6,0.6,LOW,58,LIMITED
SNAP-00270,8,Tiruppur,2024-04-25 14:07:24,11,2.8,INCREASING,80,GOOD
SNAP-00271,25,Karur,2023-10-22 10:08:05,20,0.7,LOW,60,MODERATE
SNAP-00272,12,Thanjavur,2026-01-17 01:43:12,16,0.7,LOW,64,MODERATE
SNAP-00273,14,Kanniyakumari,2025-11-26 20:43:08,17,1.1,WATCH,70,MODERATE
SNAP-00274,13,Thoothukudi,2025-10-11 07:45:29,3,2.5,INCREASING,86,GOOD
SNAP-00275,25,Karur,2024-02-26 08:56:31,7,0.7,LOW,60,MODERATE
SNAP-00276,11,Dindigul,2024-09-14 18:41:05,16,0.9,WATCH,68,MODERATE
SNAP-00277,13,Thoothukudi,2024-06-21 07:00:19,8,2.5,INCREASING,86,GOOD
SNAP-00278,2,Coimbatore,2025-04-23 06:09:22,1,6,HIGH PREVENTIVE ATTENTION,88,GOOD
SNAP-00279,10,Krishnagiri,2025-02-04 02:11:43,0,4.8,HIGH PREVENTIVE ATTENTION,85,GOOD
SNAP-00280,3,Madurai,2026-01-16 01:19:22,23,2.1,INCREASING,78,GOOD
SNAP-00281,22,Dharmapuri,2026-08-10 05:05:37,25,1.4,WATCH,66,MODERATE
SNAP-00282,31,Virudhunagar,2024-01-29 22:30:28,0,1,WATCH,69,MODERATE
SNAP-00283,3,Madurai,2024-07-26 06:21:58,18,2.1,INCREASING,78,GOOD
SNAP-00284,36,Ranipet,2024-01-09 12:39:18,18,1.6,WATCH,72,GOOD
SNAP-00285,26,Ariyalur,2026-04-13 12:47:51,18,0.3,INSUFFICIENT_DATA,42,LIMITED
SNAP-00286,17,Chengalpattu,2024-12-19 23:49:01,7,2.1,INCREASING,78,GOOD
SNAP-00287,7,Erode,2024-06-30 14:14:50,17,1.2,WATCH,75,GOOD
SNAP-00288,24,Nilgiris,2023-11-02 16:59:17,18,1.8,WATCH,74,MODERATE
SNAP-00289,20,Viluppuram,2023-12-18 01:13:35,25,1,WATCH,65,MODERATE
SNAP-00290,18,Tiruvallur,2024-09-13 07:08:48,7,2.3,INCREASING,80,GOOD
SNAP-00291,17,Chengalpattu,2026-02-08 21:04:46,20,2.1,INCREASING,78,GOOD
SNAP-00292,36,Ranipet,2024-03-08 05:03:02,8,1.6,WATCH,72,GOOD
SNAP-00293,26,Ariyalur,2024-02-04 14:59:21,9,0.3,INSUFFICIENT_DATA,42,LIMITED
SNAP-00294,12,Thanjavur,2025-02-22 03:08:45,19,0.7,LOW,64,MODERATE
SNAP-00295,21,Kallakurichi,2025-06-22 00:52:24,10,0.6,LOW,58,LIMITED
SNAP-00296,6,Tirunelveli,2024-07-11 17:33:07,4,1,WATCH,72,MODERATE
SNAP-00297,5,Tiruchirappalli,2026-04-29 11:12:15,17,1.1,WATCH,74,GOOD
SNAP-00298,25,Karur,2023-10-05 04:03:30,16,0.7,LOW,60,MODERATE
SNAP-00299,20,Viluppuram,2026-07-31 05:18:20,18,1,WATCH,65,MODERATE
SNAP-00300,37,Tirupathur,2025-05-27 23:47:12,0,1.2,WATCH,67,MODERATE
SNAP-00301,2,Coimbatore,2026-04-10 09:33:35,22,6,HIGH PREVENTIVE ATTENTION,88,GOOD
SNAP-00302,4,Salem,2025-11-19 15:51:26,20,2.4,INCREASING,82,GOOD
SNAP-00303,13,Thoothukudi,2025-12-05 16:27:53,12,2.5,INCREASING,86,GOOD
SNAP-00304,7,Erode,2024-01-07 05:59:56,22,1.2,WATCH,75,GOOD
SNAP-00305,3,Madurai,2024-09-01 03:00:49,17,2.1,INCREASING,78,GOOD
SNAP-00306,5,Tiruchirappalli,2024-03-28 15:00:07,20,1.1,WATCH,74,GOOD
SNAP-00307,29,Sivaganga,2023-08-26 14:42:23,14,0.6,LOW,59,LIMITED
SNAP-00308,29,Sivaganga,2025-01-24 06:55:02,11,0.6,LOW,59,LIMITED
SNAP-00309,27,Perambalur,2025-07-27 07:06:31,16,0.4,INSUFFICIENT_DATA,44,LIMITED
SNAP-00310,2,Coimbatore,2023-10-09 14:56:46,9,6,HIGH PREVENTIVE ATTENTION,88,GOOD
SNAP-00311,16,Kancheepuram,2026-06-25 21:01:31,4,1,WATCH,72,GOOD
SNAP-00312,35,Mayiladuthurai,2023-12-15 16:28:41,19,0.6,LOW,58,LIMITED
SNAP-00313,2,Coimbatore,2025-05-09 13:08:25,24,6,HIGH PREVENTIVE ATTENTION,88,GOOD
SNAP-00314,27,Perambalur,2025-09-28 22:06:46,13,0.4,INSUFFICIENT_DATA,44,LIMITED
SNAP-00315,12,Thanjavur,2024-01-05 14:11:25,13,0.7,LOW,64,MODERATE
SNAP-00316,17,Chengalpattu,2026-01-10 12:18:50,11,2.1,INCREASING,78,GOOD
SNAP-00317,24,Nilgiris,2026-04-17 11:05:24,22,1.8,WATCH,74,MODERATE
SNAP-00318,20,Viluppuram,2023-10-16 10:59:53,21,1,WATCH,65,MODERATE
SNAP-00319,14,Kanniyakumari,2024-01-11 05:58:49,14,1.1,WATCH,70,MODERATE
SNAP-00320,11,Dindigul,2023-12-28 18:54:29,16,0.9,WATCH,68,MODERATE
SNAP-00321,9,Vellore,2024-06-24 16:23:00,16,2.2,INCREASING,76,GOOD
SNAP-00322,34,Nagapattinam,2024-01-16 04:54:39,10,1.2,WATCH,68,MODERATE
SNAP-00323,1,Chennai,2023-11-18 20:54:13,25,3.5,HIGH PREVENTIVE ATTENTION,84,GOOD
SNAP-00324,14,Kanniyakumari,2024-06-26 17:59:23,2,1.1,WATCH,70,MODERATE
SNAP-00325,1,Chennai,2026-07-07 09:22:33,11,3.5,HIGH PREVENTIVE ATTENTION,84,GOOD
SNAP-00326,1,Chennai,2024-03-31 09:59:42,9,3.5,HIGH PREVENTIVE ATTENTION,84,GOOD
SNAP-00327,16,Kancheepuram,2026-02-12 09:04:38,0,1,WATCH,72,GOOD
SNAP-00328,38,Tiruvannamalai,2025-08-11 15:40:19,19,1.1,WATCH,70,GOOD
SNAP-00329,15,Tenkasi,2025-02-02 02:49:56,25,2.3,WATCH,68,LIMITED
SNAP-00330,38,Tiruvannamalai,2026-01-19 11:03:57,24,1.1,WATCH,70,GOOD
SNAP-00331,11,Dindigul,2025-02-02 11:18:15,20,0.9,WATCH,68,MODERATE
SNAP-00332,5,Tiruchirappalli,2025-10-12 03:22:32,11,1.1,WATCH,74,GOOD
SNAP-00333,14,Kanniyakumari,2023-11-30 04:37:55,18,1.1,WATCH,70,MODERATE
SNAP-00334,12,Thanjavur,2026-03-11 01:24:40,15,0.7,LOW,64,MODERATE
SNAP-00335,3,Madurai,2026-04-07 13:06:17,6,2.1,INCREASING,78,GOOD
SNAP-00336,13,Thoothukudi,2025-02-15 18:32:40,6,2.5,INCREASING,86,GOOD
SNAP-00337,12,Thanjavur,2024-11-21 11:09:44,10,0.7,LOW,64,MODERATE
SNAP-00338,4,Salem,2024-10-31 15:18:56,8,2.4,INCREASING,82,GOOD
SNAP-00339,9,Vellore,2025-03-02 05:50:38,11,2.2,INCREASING,76,GOOD
SNAP-00340,15,Tenkasi,2024-09-10 23:53:14,0,2.3,WATCH,68,LIMITED
SNAP-00341,27,Perambalur,2024-12-26 08:55:43,15,0.4,INSUFFICIENT_DATA,44,LIMITED
SNAP-00342,26,Ariyalur,2025-12-07 04:18:03,2,0.3,INSUFFICIENT_DATA,42,LIMITED
SNAP-00343,28,Pudukkottai,2024-09-30 16:46:10,19,0.8,LOW,61,MODERATE
SNAP-00344,34,Nagapattinam,2025-12-07 19:02:25,2,1.2,WATCH,68,MODERATE
SNAP-00345,29,Sivaganga,2025-01-06 17:46:29,18,0.6,LOW,59,LIMITED
SNAP-00346,10,Krishnagiri,2024-09-06 06:52:20,9,4.8,HIGH PREVENTIVE ATTENTION,85,GOOD
SNAP-00347,22,Dharmapuri,2024-06-19 23:07:46,0,1.4,WATCH,66,MODERATE
SNAP-00348,5,Tiruchirappalli,2026-02-08 10:18:15,17,1.1,WATCH,74,GOOD
SNAP-00349,20,Viluppuram,2025-01-27 01:18:27,9,1,WATCH,65,MODERATE
SNAP-00350,9,Vellore,2024-12-02 05:20:37,25,2.2,INCREASING,76,GOOD
SNAP-00351,21,Kallakurichi,2025-09-30 00:43:34,23,0.6,LOW,58,LIMITED
SNAP-00352,20,Viluppuram,2023-09-01 18:50:26,12,1,WATCH,65,MODERATE
SNAP-00353,17,Chengalpattu,2026-07-29 17:53:10,16,2.1,INCREASING,78,GOOD
SNAP-00354,4,Salem,2024-06-17 00:17:27,14,2.4,INCREASING,82,GOOD
SNAP-00355,19,Cuddalore,2023-12-13 17:05:30,13,0.8,LOW,62,MODERATE
SNAP-00356,11,Dindigul,2026-06-30 18:35:43,8,0.9,WATCH,68,MODERATE
SNAP-00357,37,Tirupathur,2025-09-18 09:24:37,9,1.2,WATCH,67,MODERATE
SNAP-00358,29,Sivaganga,2024-06-02 02:10:44,18,0.6,LOW,59,LIMITED
SNAP-00359,16,Kancheepuram,2025-01-22 22:26:23,5,1,WATCH,72,GOOD
SNAP-00360,29,Sivaganga,2023-09-27 05:52:39,0,0.6,LOW,59,LIMITED
SNAP-00361,1,Chennai,2024-11-02 12:38:38,10,3.5,HIGH PREVENTIVE ATTENTION,84,GOOD
SNAP-00362,30,Ramanathapuram,2025-05-23 16:23:42,17,1.5,WATCH,71,MODERATE
SNAP-00363,18,Tiruvallur,2024-12-09 21:01:10,14,2.3,INCREASING,80,GOOD
SNAP-00364,18,Tiruvallur,2024-01-28 23:52:03,10,2.3,INCREASING,80,GOOD
SNAP-00365,9,Vellore,2024-12-30 16:19:42,22,2.2,INCREASING,76,GOOD
SNAP-00366,7,Erode,2023-10-16 10:17:48,0,1.2,WATCH,75,GOOD
SNAP-00367,33,Thiruvarur,2024-10-05 08:55:53,12,0.5,LOW,56,LIMITED
SNAP-00368,9,Vellore,2026-05-11 08:36:02,5,2.2,INCREASING,76,GOOD
SNAP-00369,33,Thiruvarur,2024-11-09 12:35:59,8,0.5,LOW,56,LIMITED
SNAP-00370,7,Erode,2024-12-03 12:32:15,0,1.2,WATCH,75,GOOD
SNAP-00371,33,Thiruvarur,2023-09-23 16:40:16,6,0.5,LOW,56,LIMITED
SNAP-00372,20,Viluppuram,2024-11-18 01:02:52,21,1,WATCH,65,MODERATE
SNAP-00373,7,Erode,2023-10-13 22:01:18,8,1.2,WATCH,75,GOOD
SNAP-00374,25,Karur,2025-08-28 05:03:27,20,0.7,LOW,60,MODERATE
SNAP-00375,28,Pudukkottai,2024-06-27 17:43:06,13,0.8,LOW,61,MODERATE
SNAP-00376,6,Tirunelveli,2026-06-12 05:42:40,14,1,WATCH,72,MODERATE
SNAP-00377,36,Ranipet,2025-04-18 05:09:53,14,1.6,WATCH,72,GOOD
SNAP-00378,16,Kancheepuram,2025-12-10 01:56:18,6,1,WATCH,72,GOOD
SNAP-00379,4,Salem,2026-08-08 18:07:00,21,2.4,INCREASING,82,GOOD
SNAP-00380,34,Nagapattinam,2025-08-31 21:29:13,25,1.2,WATCH,68,MODERATE
SNAP-00381,15,Tenkasi,2025-11-07 15:03:41,4,2.3,WATCH,68,LIMITED
SNAP-00382,33,Thiruvarur,2024-12-11 18:25:15,25,0.5,LOW,56,LIMITED
SNAP-00383,27,Perambalur,2025-01-04 14:47:51,5,0.4,INSUFFICIENT_DATA,44,LIMITED
SNAP-00384,25,Karur,2024-01-24 04:24:38,22,0.7,LOW,60,MODERATE
SNAP-00385,2,Coimbatore,2025-08-27 18:20:40,2,6,HIGH PREVENTIVE ATTENTION,88,GOOD
SNAP-00386,8,Tiruppur,2024-11-12 18:25:34,1,2.8,INCREASING,80,GOOD
SNAP-00387,35,Mayiladuthurai,2025-11-21 03:28:44,17,0.6,LOW,58,LIMITED
SNAP-00388,33,Thiruvarur,2025-04-20 03:39:14,2,0.5,LOW,56,LIMITED
SNAP-00389,34,Nagapattinam,2024-03-01 18:30:29,17,1.2,WATCH,68,MODERATE
SNAP-00390,24,Nilgiris,2026-06-14 05:26:31,5,1.8,WATCH,74,MODERATE
SNAP-00391,31,Virudhunagar,2023-09-22 02:27:22,15,1,WATCH,69,MODERATE
SNAP-00392,37,Tirupathur,2025-01-07 13:30:55,17,1.2,WATCH,67,MODERATE
SNAP-00393,32,Theni,2024-04-22 17:12:27,5,1.9,INCREASING,73,MODERATE
SNAP-00394,21,Kallakurichi,2025-03-09 01:11:11,16,0.6,LOW,58,LIMITED
SNAP-00395,10,Krishnagiri,2026-05-21 09:37:57,6,4.8,HIGH PREVENTIVE ATTENTION,85,GOOD
SNAP-00396,29,Sivaganga,2024-10-15 22:29:26,12,0.6,LOW,59,LIMITED
SNAP-00397,30,Ramanathapuram,2025-04-03 20:21:03,25,1.5,WATCH,71,MODERATE
SNAP-00398,20,Viluppuram,2026-06-01 18:38:47,3,1,WATCH,65,MODERATE
SNAP-00399,35,Mayiladuthurai,2023-08-23 03:37:21,17,0.6,LOW,58,LIMITED
SNAP-00400,10,Krishnagiri,2025-07-23 14:55:16,21,4.8,HIGH PREVENTIVE ATTENTION,85,GOOD
SNAP-00401,33,Thiruvarur,2025-11-23 11:52:41,6,0.5,LOW,56,LIMITED
SNAP-00402,24,Nilgiris,2024-11-24 07:59:03,6,1.8,WATCH,74,MODERATE
SNAP-00403,35,Mayiladuthurai,2025-08-02 11:59:23,13,0.6,LOW,58,LIMITED
SNAP-00404,32,Theni,2024-09-18 16:42:47,22,1.9,INCREASING,73,MODERATE
SNAP-00405,38,Tiruvannamalai,2025-05-08 02:40:50,4,1.1,WATCH,70,GOOD
SNAP-00406,36,Ranipet,2024-11-25 22:36:39,12,1.6,WATCH,72,GOOD
SNAP-00407,31,Virudhunagar,2025-11-27 13:44:34,22,1,WATCH,69,MODERATE
SNAP-00408,16,Kancheepuram,2025-09-14 17:05:36,11,1,WATCH,72,GOOD
SNAP-00409,1,Chennai,2025-02-13 09:57:29,24,3.5,HIGH PREVENTIVE ATTENTION,84,GOOD
SNAP-00410,6,Tirunelveli,2026-02-24 23:16:53,5,1,WATCH,72,MODERATE
SNAP-00411,17,Chengalpattu,2024-04-01 02:29:38,18,2.1,INCREASING,78,GOOD
SNAP-00412,32,Theni,2024-12-10 08:33:01,24,1.9,INCREASING,73,MODERATE
SNAP-00413,12,Thanjavur,2026-01-25 01:45:08,23,0.7,LOW,64,MODERATE
SNAP-00414,7,Erode,2024-09-19 10:42:32,21,1.2,WATCH,75,GOOD
SNAP-00415,35,Mayiladuthurai,2026-01-31 18:28:09,23,0.6,LOW,58,LIMITED
SNAP-00416,1,Chennai,2025-06-16 13:03:03,20,3.5,HIGH PREVENTIVE ATTENTION,84,GOOD
SNAP-00417,28,Pudukkottai,2025-10-06 14:42:27,15,0.8,LOW,61,MODERATE
SNAP-00418,9,Vellore,2025-11-08 23:24:07,6,2.2,INCREASING,76,GOOD
SNAP-00419,4,Salem,2026-04-03 01:22:06,11,2.4,INCREASING,82,GOOD
SNAP-00420,15,Tenkasi,2025-02-03 05:38:25,0,2.3,WATCH,68,LIMITED
SNAP-00421,22,Dharmapuri,2023-09-02 05:38:41,19,1.4,WATCH,66,MODERATE
SNAP-00422,15,Tenkasi,2026-05-09 23:14:28,10,2.3,WATCH,68,LIMITED
SNAP-00423,24,Nilgiris,2026-08-04 16:23:54,5,1.8,WATCH,74,MODERATE
SNAP-00424,35,Mayiladuthurai,2024-02-07 02:59:47,15,0.6,LOW,58,LIMITED
SNAP-00425,27,Perambalur,2025-07-30 05:34:51,13,0.4,INSUFFICIENT_DATA,44,LIMITED
SNAP-00426,5,Tiruchirappalli,2025-05-01 22:05:46,5,1.1,WATCH,74,GOOD
SNAP-00427,23,Namakkal,2025-06-17 01:30:28,14,0.9,WATCH,68,MODERATE
SNAP-00428,22,Dharmapuri,2026-02-15 15:17:59,15,1.4,WATCH,66,MODERATE
SNAP-00429,4,Salem,2024-06-26 22:13:54,14,2.4,INCREASING,82,GOOD
SNAP-00430,28,Pudukkottai,2023-12-13 12:53:09,0,0.8,LOW,61,MODERATE
SNAP-00431,26,Ariyalur,2026-06-06 07:08:31,10,0.3,INSUFFICIENT_DATA,42,LIMITED
SNAP-00432,9,Vellore,2025-01-09 10:59:14,5,2.2,INCREASING,76,GOOD
SNAP-00433,3,Madurai,2025-12-30 05:32:11,25,2.1,INCREASING,78,GOOD
SNAP-00434,9,Vellore,2024-11-09 10:09:50,0,2.2,INCREASING,76,GOOD
SNAP-00435,15,Tenkasi,2024-11-12 14:51:48,9,2.3,WATCH,68,LIMITED
SNAP-00436,19,Cuddalore,2025-05-01 11:44:44,18,0.8,LOW,62,MODERATE
SNAP-00437,20,Viluppuram,2025-05-17 01:32:11,20,1,WATCH,65,MODERATE
SNAP-00438,26,Ariyalur,2025-04-18 08:50:53,14,0.3,INSUFFICIENT_DATA,42,LIMITED
SNAP-00439,19,Cuddalore,2026-02-22 15:21:39,11,0.8,LOW,62,MODERATE
SNAP-00440,17,Chengalpattu,2024-08-28 16:52:08,19,2.1,INCREASING,78,GOOD
SNAP-00441,12,Thanjavur,2024-10-26 18:14:36,7,0.7,LOW,64,MODERATE
SNAP-00442,34,Nagapattinam,2026-03-24 12:52:15,1,1.2,WATCH,68,MODERATE
SNAP-00443,5,Tiruchirappalli,2024-01-21 01:17:46,16,1.1,WATCH,74,GOOD
SNAP-00444,16,Kancheepuram,2026-04-19 03:46:57,11,1,WATCH,72,GOOD
SNAP-00445,28,Pudukkottai,2025-09-29 14:22:07,7,0.8,LOW,61,MODERATE
SNAP-00446,27,Perambalur,2025-03-26 00:46:08,4,0.4,INSUFFICIENT_DATA,44,LIMITED
SNAP-00447,19,Cuddalore,2024-02-20 15:07:38,10,0.8,LOW,62,MODERATE
SNAP-00448,7,Erode,2026-02-16 01:16:52,14,1.2,WATCH,75,GOOD
SNAP-00449,8,Tiruppur,2024-11-28 03:36:19,20,2.8,INCREASING,80,GOOD
SNAP-00450,18,Tiruvallur,2025-12-21 15:01:53,4,2.3,INCREASING,80,GOOD
SNAP-00451,13,Thoothukudi,2026-03-21 02:13:31,20,2.5,INCREASING,86,GOOD
SNAP-00452,28,Pudukkottai,2025-11-27 06:49:11,6,0.8,LOW,61,MODERATE
SNAP-00453,2,Coimbatore,2024-08-03 17:55:31,23,6,HIGH PREVENTIVE ATTENTION,88,GOOD
SNAP-00454,12,Thanjavur,2026-08-03 08:43:45,24,0.7,LOW,64,MODERATE
SNAP-00455,14,Kanniyakumari,2024-05-15 06:05:11,22,1.1,WATCH,70,MODERATE
SNAP-00456,6,Tirunelveli,2026-04-10 07:16:59,0,1,WATCH,72,MODERATE
SNAP-00457,35,Mayiladuthurai,2025-01-23 04:45:49,2,0.6,LOW,58,LIMITED
SNAP-00458,24,Nilgiris,2025-02-27 19:59:17,16,1.8,WATCH,74,MODERATE
SNAP-00459,5,Tiruchirappalli,2024-07-09 16:35:20,11,1.1,WATCH,74,GOOD
SNAP-00460,8,Tiruppur,2024-03-29 02:12:49,7,2.8,INCREASING,80,GOOD
SNAP-00461,19,Cuddalore,2025-10-08 23:11:36,20,0.8,LOW,62,MODERATE
SNAP-00462,30,Ramanathapuram,2026-01-09 09:53:19,16,1.5,WATCH,71,MODERATE
SNAP-00463,37,Tirupathur,2024-03-27 14:40:59,25,1.2,WATCH,67,MODERATE
SNAP-00464,8,Tiruppur,2024-08-14 13:49:02,25,2.8,INCREASING,80,GOOD
SNAP-00465,30,Ramanathapuram,2026-06-20 16:04:10,4,1.5,WATCH,71,MODERATE
SNAP-00466,33,Thiruvarur,2026-05-01 05:56:17,8,0.5,LOW,56,LIMITED
SNAP-00467,21,Kallakurichi,2026-06-16 16:53:20,4,0.6,LOW,58,LIMITED
SNAP-00468,38,Tiruvannamalai,2024-03-22 07:54:11,2,1.1,WATCH,70,GOOD
SNAP-00469,35,Mayiladuthurai,2025-07-25 00:28:57,11,0.6,LOW,58,LIMITED
SNAP-00470,17,Chengalpattu,2026-06-21 17:41:56,11,2.1,INCREASING,78,GOOD
SNAP-00471,23,Namakkal,2026-03-22 21:10:20,2,0.9,WATCH,68,MODERATE
SNAP-00472,21,Kallakurichi,2025-09-11 09:02:05,7,0.6,LOW,58,LIMITED
SNAP-00473,34,Nagapattinam,2023-12-09 12:31:10,5,1.2,WATCH,68,MODERATE
SNAP-00474,37,Tirupathur,2025-11-04 04:30:22,13,1.2,WATCH,67,MODERATE
SNAP-00475,13,Thoothukudi,2026-06-03 12:11:12,5,2.5,INCREASING,86,GOOD
SNAP-00476,23,Namakkal,2026-07-10 05:10:57,6,0.9,WATCH,68,MODERATE
SNAP-00477,33,Thiruvarur,2026-04-16 01:53:49,21,0.5,LOW,56,LIMITED
SNAP-00478,37,Tirupathur,2026-04-25 00:49:53,16,1.2,WATCH,67,MODERATE
SNAP-00479,36,Ranipet,2025-07-29 00:37:20,4,1.6,WATCH,72,GOOD
SNAP-00480,10,Krishnagiri,2025-07-02 20:12:47,21,4.8,HIGH PREVENTIVE ATTENTION,85,GOOD
SNAP-00481,7,Erode,2025-11-30 22:02:05,12,1.2,WATCH,75,GOOD
SNAP-00482,15,Tenkasi,2024-10-17 05:13:19,6,2.3,WATCH,68,LIMITED
SNAP-00483,23,Namakkal,2025-11-25 21:37:09,18,0.9,WATCH,68,MODERATE
SNAP-00484,25,Karur,2025-10-22 20:14:36,13,0.7,LOW,60,MODERATE
SNAP-00485,25,Karur,2024-10-01 09:28:57,24,0.7,LOW,60,MODERATE
SNAP-00486,18,Tiruvallur,2024-02-07 20:30:46,15,2.3,INCREASING,80,GOOD
SNAP-00487,29,Sivaganga,2026-08-01 05:28:22,5,0.6,LOW,59,LIMITED
SNAP-00488,12,Thanjavur,2024-05-11 21:17:09,12,0.7,LOW,64,MODERATE
SNAP-00489,16,Kancheepuram,2025-11-13 14:22:03,10,1,WATCH,72,GOOD
SNAP-00490,29,Sivaganga,2025-12-23 07:06:47,9,0.6,LOW,59,LIMITED
SNAP-00491,25,Karur,2025-02-20 15:47:31,23,0.7,LOW,60,MODERATE
SNAP-00492,14,Kanniyakumari,2025-10-11 22:24:06,12,1.1,WATCH,70,MODERATE
SNAP-00493,20,Viluppuram,2025-11-17 19:31:43,21,1,WATCH,65,MODERATE
SNAP-00494,26,Ariyalur,2026-07-22 21:26:52,0,0.3,INSUFFICIENT_DATA,42,LIMITED
SNAP-00495,6,Tirunelveli,2025-07-04 09:02:14,12,1,WATCH,72,MODERATE
SNAP-00496,2,Coimbatore,2023-12-24 13:15:39,7,6,HIGH PREVENTIVE ATTENTION,88,GOOD
SNAP-00497,24,Nilgiris,2023-10-09 17:49:18,2,1.8,WATCH,74,MODERATE
SNAP-00498,13,Thoothukudi,2026-06-26 22:20:32,25,2.5,INCREASING,86,GOOD
SNAP-00499,6,Tirunelveli,2023-08-24 23:53:13,7,1,WATCH,72,MODERATE
SNAP-00500,38,Tiruvannamalai,2025-02-22 18:18:05,10,1.1,WATCH,70,GOOD
SNAP-00501,17,Chengalpattu,2025-04-16 13:42:37,17,2.1,INCREASING,78,GOOD
SNAP-00502,2,Coimbatore,2024-08-21 12:23:59,16,6,HIGH PREVENTIVE ATTENTION,88,GOOD
SNAP-00503,3,Madurai,2025-12-30 11:10:44,10,2.1,INCREASING,78,GOOD
SNAP-00504,37,Tirupathur,2026-05-31 09:52:24,20,1.2,WATCH,67,MODERATE
SNAP-00505,27,Perambalur,2024-10-25 00:01:09,5,0.4,INSUFFICIENT_DATA,44,LIMITED
SNAP-00506,17,Chengalpattu,2025-11-20 17:06:51,0,2.1,INCREASING,78,GOOD
SNAP-00507,1,Chennai,2026-07-20 21:52:52,16,3.5,HIGH PREVENTIVE ATTENTION,84,GOOD
SNAP-00508,31,Virudhunagar,2025-07-17 02:22:52,19,1,WATCH,69,MODERATE
SNAP-00509,12,Thanjavur,2026-01-24 13:38:47,14,0.7,LOW,64,MODERATE
SNAP-00510,12,Thanjavur,2024-04-03 21:38:50,8,0.7,LOW,64,MODERATE
SNAP-00511,27,Perambalur,2024-03-04 22:54:49,16,0.4,INSUFFICIENT_DATA,44,LIMITED
SNAP-00512,37,Tirupathur,2026-05-16 17:16:41,1,1.2,WATCH,67,MODERATE
SNAP-00513,15,Tenkasi,2024-02-25 03:20:56,2,2.3,WATCH,68,LIMITED
SNAP-00514,14,Kanniyakumari,2026-07-03 04:29:59,4,1.1,WATCH,70,MODERATE
SNAP-00515,28,Pudukkottai,2026-04-26 18:50:51,6,0.8,LOW,61,MODERATE
SNAP-00516,28,Pudukkottai,2023-11-04 03:23:29,9,0.8,LOW,61,MODERATE
SNAP-00517,21,Kallakurichi,2023-10-27 01:18:12,4,0.6,LOW,58,LIMITED
SNAP-00518,21,Kallakurichi,2026-06-26 15:43:01,25,0.6,LOW,58,LIMITED
SNAP-00519,2,Coimbatore,2026-07-12 15:23:36,11,6,HIGH PREVENTIVE ATTENTION,88,GOOD
SNAP-00520,29,Sivaganga,2025-02-26 10:09:00,23,0.6,LOW,59,LIMITED
SNAP-00521,30,Ramanathapuram,2026-04-16 06:23:16,16,1.5,WATCH,71,MODERATE
SNAP-00522,22,Dharmapuri,2025-12-26 15:53:07,0,1.4,WATCH,66,MODERATE
SNAP-00523,15,Tenkasi,2026-01-29 01:36:03,15,2.3,WATCH,68,LIMITED
SNAP-00524,25,Karur,2023-11-01 21:39:06,7,0.7,LOW,60,MODERATE
SNAP-00525,11,Dindigul,2024-03-28 18:25:47,20,0.9,WATCH,68,MODERATE
SNAP-00526,28,Pudukkottai,2025-07-07 18:03:41,4,0.8,LOW,61,MODERATE
SNAP-00527,26,Ariyalur,2023-10-18 11:44:10,11,0.3,INSUFFICIENT_DATA,42,LIMITED
SNAP-00528,22,Dharmapuri,2025-02-28 05:25:22,21,1.4,WATCH,66,MODERATE
SNAP-00529,23,Namakkal,2023-10-17 21:26:03,11,0.9,WATCH,68,MODERATE
SNAP-00530,13,Thoothukudi,2023-11-06 20:40:52,5,2.5,INCREASING,86,GOOD
SNAP-00531,26,Ariyalur,2026-08-02 19:59:11,0,0.3,INSUFFICIENT_DATA,42,LIMITED
SNAP-00532,17,Chengalpattu,2023-11-08 21:31:17,7,2.1,INCREASING,78,GOOD
SNAP-00533,26,Ariyalur,2024-08-12 10:12:27,13,0.3,INSUFFICIENT_DATA,42,LIMITED
SNAP-00534,26,Ariyalur,2024-04-06 09:46:59,7,0.3,INSUFFICIENT_DATA,42,LIMITED
SNAP-00535,30,Ramanathapuram,2023-11-06 19:35:08,7,1.5,WATCH,71,MODERATE
SNAP-00536,34,Nagapattinam,2025-02-21 21:07:57,3,1.2,WATCH,68,MODERATE
SNAP-00537,37,Tirupathur,2023-12-07 04:21:12,16,1.2,WATCH,67,MODERATE
SNAP-00538,21,Kallakurichi,2024-11-03 10:53:40,11,0.6,LOW,58,LIMITED
SNAP-00539,19,Cuddalore,2023-10-14 16:38:58,24,0.8,LOW,62,MODERATE
SNAP-00540,5,Tiruchirappalli,2024-06-25 15:56:55,0,1.1,WATCH,74,GOOD
SNAP-00541,27,Perambalur,2026-08-13 00:22:14,1,0.4,INSUFFICIENT_DATA,44,LIMITED
SNAP-00542,5,Tiruchirappalli,2024-03-13 05:06:42,22,1.1,WATCH,74,GOOD
SNAP-00543,11,Dindigul,2026-01-14 17:46:35,9,0.9,WATCH,68,MODERATE
SNAP-00544,2,Coimbatore,2026-02-04 20:05:31,2,6,HIGH PREVENTIVE ATTENTION,88,GOOD
SNAP-00545,33,Thiruvarur,2023-10-12 00:38:43,1,0.5,LOW,56,LIMITED
SNAP-00546,28,Pudukkottai,2024-05-06 12:16:04,3,0.8,LOW,61,MODERATE
SNAP-00547,9,Vellore,2026-03-01 05:01:55,4,2.2,INCREASING,76,GOOD
SNAP-00548,17,Chengalpattu,2024-06-23 00:00:34,16,2.1,INCREASING,78,GOOD
SNAP-00549,13,Thoothukudi,2024-02-21 15:55:45,11,2.5,INCREASING,86,GOOD
SNAP-00550,17,Chengalpattu,2025-07-23 13:53:15,12,2.1,INCREASING,78,GOOD
SNAP-00551,3,Madurai,2025-07-27 22:23:54,20,2.1,INCREASING,78,GOOD
SNAP-00552,6,Tirunelveli,2025-12-14 02:33:42,23,1,WATCH,72,MODERATE
SNAP-00553,6,Tirunelveli,2023-10-27 01:45:42,9,1,WATCH,72,MODERATE
SNAP-00554,10,Krishnagiri,2023-12-13 20:55:30,22,4.8,HIGH PREVENTIVE ATTENTION,85,GOOD
SNAP-00555,27,Perambalur,2024-06-21 12:51:53,17,0.4,INSUFFICIENT_DATA,44,LIMITED
SNAP-00556,35,Mayiladuthurai,2024-06-22 17:07:52,0,0.6,LOW,58,LIMITED
SNAP-00557,18,Tiruvallur,2025-06-25 05:13:33,22,2.3,INCREASING,80,GOOD
SNAP-00558,14,Kanniyakumari,2024-03-30 10:57:45,22,1.1,WATCH,70,MODERATE
SNAP-00559,3,Madurai,2024-01-26 04:59:28,6,2.1,INCREASING,78,GOOD
SNAP-00560,38,Tiruvannamalai,2024-11-10 22:40:46,9,1.1,WATCH,70,GOOD
SNAP-00561,16,Kancheepuram,2024-05-08 16:07:19,10,1,WATCH,72,GOOD
SNAP-00562,14,Kanniyakumari,2024-01-21 14:07:05,20,1.1,WATCH,70,MODERATE
SNAP-00563,27,Perambalur,2024-12-24 21:00:02,19,0.4,INSUFFICIENT_DATA,44,LIMITED
SNAP-00564,28,Pudukkottai,2025-04-15 00:54:21,14,0.8,LOW,61,MODERATE
SNAP-00565,11,Dindigul,2023-09-04 11:31:11,22,0.9,WATCH,68,MODERATE
SNAP-00566,27,Perambalur,2025-10-14 04:51:30,7,0.4,INSUFFICIENT_DATA,44,LIMITED
SNAP-00567,33,Thiruvarur,2026-03-16 18:42:48,1,0.5,LOW,56,LIMITED
SNAP-00568,35,Mayiladuthurai,2024-05-29 17:58:43,13,0.6,LOW,58,LIMITED
SNAP-00569,13,Thoothukudi,2025-05-03 08:19:06,3,2.5,INCREASING,86,GOOD
SNAP-00570,34,Nagapattinam,2025-08-14 21:09:55,11,1.2,WATCH,68,MODERATE
SNAP-00571,20,Viluppuram,2024-02-29 07:18:19,8,1,WATCH,65,MODERATE
SNAP-00572,18,Tiruvallur,2026-01-14 10:46:52,16,2.3,INCREASING,80,GOOD
SNAP-00573,38,Tiruvannamalai,2025-12-10 10:37:41,1,1.1,WATCH,70,GOOD
SNAP-00574,13,Thoothukudi,2023-10-31 18:44:36,16,2.5,INCREASING,86,GOOD
SNAP-00575,37,Tirupathur,2025-06-08 20:42:06,10,1.2,WATCH,67,MODERATE
SNAP-00576,11,Dindigul,2025-04-21 20:38:14,10,0.9,WATCH,68,MODERATE
SNAP-00577,2,Coimbatore,2024-01-30 13:17:32,20,6,HIGH PREVENTIVE ATTENTION,88,GOOD
SNAP-00578,27,Perambalur,2025-10-26 01:48:18,6,0.4,INSUFFICIENT_DATA,44,LIMITED
SNAP-00579,2,Coimbatore,2024-04-12 11:36:44,2,6,HIGH PREVENTIVE ATTENTION,88,GOOD
SNAP-00580,9,Vellore,2026-05-23 15:11:08,24,2.2,INCREASING,76,GOOD
SNAP-00581,32,Theni,2026-01-16 04:32:54,8,1.9,INCREASING,73,MODERATE
SNAP-00582,34,Nagapattinam,2025-03-18 21:50:36,6,1.2,WATCH,68,MODERATE
SNAP-00583,26,Ariyalur,2024-06-29 02:04:49,3,0.3,INSUFFICIENT_DATA,42,LIMITED
SNAP-00584,34,Nagapattinam,2025-03-25 05:37:36,18,1.2,WATCH,68,MODERATE
SNAP-00585,4,Salem,2025-08-14 23:48:39,11,2.4,INCREASING,82,GOOD
SNAP-00586,32,Theni,2024-02-07 10:56:54,22,1.9,INCREASING,73,MODERATE
SNAP-00587,10,Krishnagiri,2025-12-06 09:37:33,14,4.8,HIGH PREVENTIVE ATTENTION,85,GOOD
SNAP-00588,31,Virudhunagar,2025-05-29 08:09:00,6,1,WATCH,69,MODERATE
SNAP-00589,18,Tiruvallur,2026-02-28 00:10:37,15,2.3,INCREASING,80,GOOD
SNAP-00590,31,Virudhunagar,2025-03-30 08:22:02,18,1,WATCH,69,MODERATE
SNAP-00591,2,Coimbatore,2024-05-14 02:28:35,6,6,HIGH PREVENTIVE ATTENTION,88,GOOD
SNAP-00592,35,Mayiladuthurai,2025-03-30 09:32:57,22,0.6,LOW,58,LIMITED
SNAP-00593,3,Madurai,2025-03-05 01:44:50,5,2.1,INCREASING,78,GOOD
SNAP-00594,4,Salem,2025-08-02 11:22:14,22,2.4,INCREASING,82,GOOD
SNAP-00595,38,Tiruvannamalai,2024-11-29 14:59:33,18,1.1,WATCH,70,GOOD
SNAP-00596,36,Ranipet,2024-06-26 08:50:40,6,1.6,WATCH,72,GOOD
SNAP-00597,17,Chengalpattu,2024-02-14 21:32:18,22,2.1,INCREASING,78,GOOD
SNAP-00598,5,Tiruchirappalli,2025-08-22 13:51:54,10,1.1,WATCH,74,GOOD
SNAP-00599,1,Chennai,2023-10-25 08:02:26,13,3.5,HIGH PREVENTIVE ATTENTION,84,GOOD
SNAP-00600,5,Tiruchirappalli,2024-01-30 13:22:18,1,1.1,WATCH,74,GOOD
SNAP-00601,7,Erode,2024-06-12 19:13:24,9,1.2,WATCH,75,GOOD
SNAP-00602,34,Nagapattinam,2025-03-21 14:02:59,24,1.2,WATCH,68,MODERATE
SNAP-00603,3,Madurai,2026-02-15 21:13:34,3,2.1,INCREASING,78,GOOD
SNAP-00604,2,Coimbatore,2024-03-19 05:26:21,4,6,HIGH PREVENTIVE ATTENTION,88,GOOD
SNAP-00605,30,Ramanathapuram,2026-03-16 05:28:36,19,1.5,WATCH,71,MODERATE
SNAP-00606,12,Thanjavur,2024-12-27 04:47:40,4,0.7,LOW,64,MODERATE
SNAP-00607,36,Ranipet,2026-07-20 10:45:10,0,1.6,WATCH,72,GOOD
SNAP-00608,29,Sivaganga,2025-04-30 10:54:28,11,0.6,LOW,59,LIMITED
SNAP-00609,31,Virudhunagar,2024-07-06 22:31:31,24,1,WATCH,69,MODERATE
SNAP-00610,27,Perambalur,2025-05-11 08:03:51,16,0.4,INSUFFICIENT_DATA,44,LIMITED
SNAP-00611,28,Pudukkottai,2025-06-02 07:07:44,16,0.8,LOW,61,MODERATE
SNAP-00612,4,Salem,2025-01-16 19:29:28,2,2.4,INCREASING,82,GOOD
SNAP-00613,30,Ramanathapuram,2025-11-27 22:49:24,0,1.5,WATCH,71,MODERATE
SNAP-00614,12,Thanjavur,2025-08-06 03:32:45,3,0.7,LOW,64,MODERATE
SNAP-00615,30,Ramanathapuram,2025-07-01 21:51:13,5,1.5,WATCH,71,MODERATE
SNAP-00616,29,Sivaganga,2026-03-23 17:01:46,18,0.6,LOW,59,LIMITED
SNAP-00617,29,Sivaganga,2025-06-11 11:18:36,3,0.6,LOW,59,LIMITED
SNAP-00618,2,Coimbatore,2025-12-12 10:21:10,18,6,HIGH PREVENTIVE ATTENTION,88,GOOD
SNAP-00619,33,Thiruvarur,2024-07-24 14:29:11,13,0.5,LOW,56,LIMITED
SNAP-00620,11,Dindigul,2025-08-20 02:20:29,6,0.9,WATCH,68,MODERATE
SNAP-00621,35,Mayiladuthurai,2024-02-05 03:39:22,13,0.6,LOW,58,LIMITED
SNAP-00622,10,Krishnagiri,2024-01-11 09:48:24,9,4.8,HIGH PREVENTIVE ATTENTION,85,GOOD
SNAP-00623,19,Cuddalore,2024-03-05 20:24:15,25,0.8,LOW,62,MODERATE
SNAP-00624,31,Virudhunagar,2026-05-27 02:53:01,10,1,WATCH,69,MODERATE
SNAP-00625,23,Namakkal,2026-07-21 19:39:02,23,0.9,WATCH,68,MODERATE
SNAP-00626,10,Krishnagiri,2026-03-11 17:58:47,9,4.8,HIGH PREVENTIVE ATTENTION,85,GOOD
SNAP-00627,5,Tiruchirappalli,2025-07-13 00:47:50,20,1.1,WATCH,74,GOOD
SNAP-00628,11,Dindigul,2026-04-08 21:03:05,16,0.9,WATCH,68,MODERATE
SNAP-00629,11,Dindigul,2025-10-25 04:00:36,9,0.9,WATCH,68,MODERATE
SNAP-00630,30,Ramanathapuram,2024-08-29 01:08:38,1,1.5,WATCH,71,MODERATE
SNAP-00631,19,Cuddalore,2026-01-29 17:23:17,10,0.8,LOW,62,MODERATE
SNAP-00632,24,Nilgiris,2026-01-31 14:26:09,4,1.8,WATCH,74,MODERATE
SNAP-00633,29,Sivaganga,2025-09-28 16:48:38,4,0.6,LOW,59,LIMITED
SNAP-00634,13,Thoothukudi,2024-12-27 20:43:11,0,2.5,INCREASING,86,GOOD
SNAP-00635,37,Tirupathur,2023-09-02 01:34:52,1,1.2,WATCH,67,MODERATE
SNAP-00636,36,Ranipet,2025-11-23 16:07:49,11,1.6,WATCH,72,GOOD
SNAP-00637,17,Chengalpattu,2026-06-18 10:24:37,14,2.1,INCREASING,78,GOOD
SNAP-00638,34,Nagapattinam,2024-01-03 02:00:17,22,1.2,WATCH,68,MODERATE
SNAP-00639,34,Nagapattinam,2024-06-13 18:47:57,17,1.2,WATCH,68,MODERATE
SNAP-00640,25,Karur,2026-04-14 03:16:07,23,0.7,LOW,60,MODERATE
SNAP-00641,21,Kallakurichi,2025-06-17 17:38:19,1,0.6,LOW,58,LIMITED
SNAP-00642,14,Kanniyakumari,2025-12-05 12:51:49,11,1.1,WATCH,70,MODERATE
SNAP-00643,36,Ranipet,2025-05-23 12:02:23,13,1.6,WATCH,72,GOOD
SNAP-00644,8,Tiruppur,2024-05-31 15:01:24,3,2.8,INCREASING,80,GOOD
SNAP-00645,21,Kallakurichi,2024-08-19 06:19:05,7,0.6,LOW,58,LIMITED
SNAP-00646,13,Thoothukudi,2023-09-02 19:37:20,24,2.5,INCREASING,86,GOOD
SNAP-00647,12,Thanjavur,2026-07-08 15:18:21,20,0.7,LOW,64,MODERATE
SNAP-00648,12,Thanjavur,2026-06-22 16:52:49,23,0.7,LOW,64,MODERATE
SNAP-00649,5,Tiruchirappalli,2024-07-14 12:39:11,23,1.1,WATCH,74,GOOD
SNAP-00650,18,Tiruvallur,2025-12-18 11:38:46,10,2.3,INCREASING,80,GOOD
SNAP-00651,6,Tirunelveli,2024-06-29 10:28:49,9,1,WATCH,72,MODERATE
SNAP-00652,9,Vellore,2023-10-20 21:03:27,12,2.2,INCREASING,76,GOOD
SNAP-00653,33,Thiruvarur,2025-04-02 06:53:00,11,0.5,LOW,56,LIMITED
SNAP-00654,33,Thiruvarur,2025-01-28 15:57:03,13,0.5,LOW,56,LIMITED
SNAP-00655,25,Karur,2025-11-16 07:14:13,5,0.7,LOW,60,MODERATE
SNAP-00656,6,Tirunelveli,2026-03-27 21:48:33,21,1,WATCH,72,MODERATE
SNAP-00657,38,Tiruvannamalai,2026-05-20 11:09:03,24,1.1,WATCH,70,GOOD
SNAP-00658,25,Karur,2025-04-25 19:30:44,25,0.7,LOW,60,MODERATE
SNAP-00659,32,Theni,2026-05-25 07:48:50,9,1.9,INCREASING,73,MODERATE
SNAP-00660,34,Nagapattinam,2024-01-04 19:49:40,21,1.2,WATCH,68,MODERATE
SNAP-00661,2,Coimbatore,2024-10-17 05:02:47,20,6,HIGH PREVENTIVE ATTENTION,88,GOOD
SNAP-00662,30,Ramanathapuram,2026-07-31 18:25:43,18,1.5,WATCH,71,MODERATE
SNAP-00663,32,Theni,2025-07-09 23:15:46,6,1.9,INCREASING,73,MODERATE
SNAP-00664,35,Mayiladuthurai,2024-02-13 18:16:36,10,0.6,LOW,58,LIMITED
SNAP-00665,16,Kancheepuram,2025-03-17 21:19:09,3,1,WATCH,72,GOOD
SNAP-00666,3,Madurai,2023-12-22 12:35:24,9,2.1,INCREASING,78,GOOD
SNAP-00667,1,Chennai,2023-12-15 02:08:34,18,3.5,HIGH PREVENTIVE ATTENTION,84,GOOD
SNAP-00668,36,Ranipet,2025-10-15 03:49:28,1,1.6,WATCH,72,GOOD
SNAP-00669,38,Tiruvannamalai,2025-03-06 11:23:36,1,1.1,WATCH,70,GOOD
SNAP-00670,37,Tirupathur,2026-05-24 01:51:52,25,1.2,WATCH,67,MODERATE
SNAP-00671,9,Vellore,2025-04-27 06:00:24,15,2.2,INCREASING,76,GOOD
SNAP-00672,20,Viluppuram,2023-11-30 02:52:28,22,1,WATCH,65,MODERATE
SNAP-00673,21,Kallakurichi,2023-09-09 09:56:37,24,0.6,LOW,58,LIMITED
SNAP-00674,17,Chengalpattu,2024-06-18 19:19:44,9,2.1,INCREASING,78,GOOD
SNAP-00675,18,Tiruvallur,2025-08-06 18:23:43,11,2.3,INCREASING,80,GOOD
SNAP-00676,24,Nilgiris,2025-11-10 22:46:34,9,1.8,WATCH,74,MODERATE
SNAP-00677,19,Cuddalore,2024-07-18 19:00:12,15,0.8,LOW,62,MODERATE
SNAP-00678,5,Tiruchirappalli,2023-12-01 12:13:25,24,1.1,WATCH,74,GOOD
SNAP-00679,11,Dindigul,2024-11-09 02:52:44,6,0.9,WATCH,68,MODERATE
SNAP-00680,13,Thoothukudi,2025-12-30 02:11:56,25,2.5,INCREASING,86,GOOD
SNAP-00681,27,Perambalur,2026-08-19 17:27:35,20,0.4,INSUFFICIENT_DATA,44,LIMITED
SNAP-00682,9,Vellore,2025-05-11 21:21:22,4,2.2,INCREASING,76,GOOD
SNAP-00683,34,Nagapattinam,2026-04-17 07:29:33,19,1.2,WATCH,68,MODERATE
SNAP-00684,17,Chengalpattu,2024-12-15 05:31:22,2,2.1,INCREASING,78,GOOD
SNAP-00685,2,Coimbatore,2026-06-20 11:58:53,20,6,HIGH PREVENTIVE ATTENTION,88,GOOD
SNAP-00686,18,Tiruvallur,2023-10-05 02:55:27,15,2.3,INCREASING,80,GOOD
SNAP-00687,20,Viluppuram,2024-02-08 14:14:18,4,1,WATCH,65,MODERATE
SNAP-00688,37,Tirupathur,2024-06-07 07:37:14,24,1.2,WATCH,67,MODERATE
SNAP-00689,17,Chengalpattu,2026-04-05 06:31:38,14,2.1,INCREASING,78,GOOD
SNAP-00690,1,Chennai,2026-07-28 15:11:20,10,3.5,HIGH PREVENTIVE ATTENTION,84,GOOD
SNAP-00691,23,Namakkal,2024-08-27 08:05:24,21,0.9,WATCH,68,MODERATE
SNAP-00692,1,Chennai,2024-04-13 00:20:34,21,3.5,HIGH PREVENTIVE ATTENTION,84,GOOD
SNAP-00693,34,Nagapattinam,2024-01-10 16:01:25,13,1.2,WATCH,68,MODERATE
SNAP-00694,3,Madurai,2025-11-27 19:49:19,11,2.1,INCREASING,78,GOOD
SNAP-00695,18,Tiruvallur,2024-07-12 14:56:03,2,2.3,INCREASING,80,GOOD
SNAP-00696,28,Pudukkottai,2025-05-18 12:01:55,11,0.8,LOW,61,MODERATE
SNAP-00697,33,Thiruvarur,2024-08-29 15:42:14,23,0.5,LOW,56,LIMITED
SNAP-00698,6,Tirunelveli,2026-01-06 12:42:36,12,1,WATCH,72,MODERATE
SNAP-00699,18,Tiruvallur,2026-06-21 01:15:07,8,2.3,INCREASING,80,GOOD
SNAP-00700,34,Nagapattinam,2025-02-15 20:43:34,17,1.2,WATCH,68,MODERATE
SNAP-00701,8,Tiruppur,2024-12-04 01:18:56,12,2.8,INCREASING,80,GOOD
SNAP-00702,32,Theni,2024-01-16 02:27:06,15,1.9,INCREASING,73,MODERATE
SNAP-00703,32,Theni,2025-07-02 15:07:03,2,1.9,INCREASING,73,MODERATE
SNAP-00704,13,Thoothukudi,2024-03-19 08:25:41,13,2.5,INCREASING,86,GOOD
SNAP-00705,3,Madurai,2025-09-21 15:25:47,0,2.1,INCREASING,78,GOOD
SNAP-00706,24,Nilgiris,2025-07-20 12:49:35,25,1.8,WATCH,74,MODERATE
SNAP-00707,21,Kallakurichi,2024-01-15 14:48:42,9,0.6,LOW,58,LIMITED
SNAP-00708,23,Namakkal,2025-05-13 04:33:29,10,0.9,WATCH,68,MODERATE
SNAP-00709,21,Kallakurichi,2025-09-03 10:04:16,7,0.6,LOW,58,LIMITED
SNAP-00710,2,Coimbatore,2024-06-30 16:48:52,21,6,HIGH PREVENTIVE ATTENTION,88,GOOD
SNAP-00711,16,Kancheepuram,2023-08-25 03:18:54,6,1,WATCH,72,GOOD
SNAP-00712,35,Mayiladuthurai,2025-11-22 19:33:10,12,0.6,LOW,58,LIMITED
SNAP-00713,38,Tiruvannamalai,2024-01-14 12:12:25,7,1.1,WATCH,70,GOOD
SNAP-00714,7,Erode,2024-06-18 04:47:21,15,1.2,WATCH,75,GOOD
SNAP-00715,21,Kallakurichi,2025-10-28 13:32:03,4,0.6,LOW,58,LIMITED
SNAP-00716,32,Theni,2025-09-14 16:36:56,12,1.9,INCREASING,73,MODERATE
SNAP-00717,35,Mayiladuthurai,2025-03-02 10:19:47,19,0.6,LOW,58,LIMITED
SNAP-00718,19,Cuddalore,2025-04-16 00:36:05,11,0.8,LOW,62,MODERATE
SNAP-00719,25,Karur,2025-12-03 13:07:47,5,0.7,LOW,60,MODERATE
SNAP-00720,26,Ariyalur,2026-02-25 20:51:50,14,0.3,INSUFFICIENT_DATA,42,LIMITED
SNAP-00721,27,Perambalur,2024-05-07 17:47:00,8,0.4,INSUFFICIENT_DATA,44,LIMITED
SNAP-00722,38,Tiruvannamalai,2024-12-13 07:14:48,10,1.1,WATCH,70,GOOD
SNAP-00723,8,Tiruppur,2026-06-22 09:57:27,8,2.8,INCREASING,80,GOOD
SNAP-00724,3,Madurai,2024-07-08 22:08:24,25,2.1,INCREASING,78,GOOD
SNAP-00725,36,Ranipet,2024-04-30 06:18:43,10,1.6,WATCH,72,GOOD
SNAP-00726,25,Karur,2025-10-05 19:07:49,11,0.7,LOW,60,MODERATE
SNAP-00727,13,Thoothukudi,2025-10-23 20:30:46,23,2.5,INCREASING,86,GOOD
SNAP-00728,12,Thanjavur,2026-07-12 06:39:11,9,0.7,LOW,64,MODERATE
SNAP-00729,25,Karur,2025-12-24 07:03:30,17,0.7,LOW,60,MODERATE
SNAP-00730,35,Mayiladuthurai,2026-05-25 12:43:33,8,0.6,LOW,58,LIMITED
SNAP-00731,25,Karur,2024-07-19 10:04:11,5,0.7,LOW,60,MODERATE
SNAP-00732,18,Tiruvallur,2025-11-12 10:38:07,22,2.3,INCREASING,80,GOOD
SNAP-00733,21,Kallakurichi,2026-03-03 21:33:58,4,0.6,LOW,58,LIMITED
SNAP-00734,3,Madurai,2023-08-28 10:22:44,24,2.1,INCREASING,78,GOOD
SNAP-00735,3,Madurai,2025-05-15 23:13:33,16,2.1,INCREASING,78,GOOD
SNAP-00736,6,Tirunelveli,2025-04-08 06:07:50,13,1,WATCH,72,MODERATE
SNAP-00737,25,Karur,2023-12-07 10:05:36,4,0.7,LOW,60,MODERATE
SNAP-00738,19,Cuddalore,2026-01-01 23:11:31,7,0.8,LOW,62,MODERATE
SNAP-00739,32,Theni,2023-10-13 12:40:40,22,1.9,INCREASING,73,MODERATE
SNAP-00740,2,Coimbatore,2025-12-14 09:38:24,0,6,HIGH PREVENTIVE ATTENTION,88,GOOD
SNAP-00741,14,Kanniyakumari,2023-11-02 22:09:56,22,1.1,WATCH,70,MODERATE
SNAP-00742,16,Kancheepuram,2023-12-09 12:52:45,8,1,WATCH,72,GOOD
SNAP-00743,14,Kanniyakumari,2025-11-17 21:17:57,11,1.1,WATCH,70,MODERATE
SNAP-00744,2,Coimbatore,2024-06-08 19:03:15,15,6,HIGH PREVENTIVE ATTENTION,88,GOOD
SNAP-00745,24,Nilgiris,2026-06-09 12:28:38,7,1.8,WATCH,74,MODERATE
SNAP-00746,37,Tirupathur,2026-06-20 12:57:45,6,1.2,WATCH,67,MODERATE
SNAP-00747,29,Sivaganga,2024-06-11 11:43:37,0,0.6,LOW,59,LIMITED
SNAP-00748,24,Nilgiris,2026-03-27 16:39:02,10,1.8,WATCH,74,MODERATE
SNAP-00749,13,Thoothukudi,2026-03-27 19:46:38,19,2.5,INCREASING,86,GOOD
SNAP-00750,17,Chengalpattu,2026-01-29 02:33:04,5,2.1,INCREASING,78,GOOD
SNAP-00751,28,Pudukkottai,2025-01-22 18:01:41,10,0.8,LOW,61,MODERATE
SNAP-00752,35,Mayiladuthurai,2024-04-15 11:38:31,20,0.6,LOW,58,LIMITED
SNAP-00753,2,Coimbatore,2024-05-30 14:27:20,19,6,HIGH PREVENTIVE ATTENTION,88,GOOD
SNAP-00754,16,Kancheepuram,2024-03-24 23:36:24,0,1,WATCH,72,GOOD
SNAP-00755,16,Kancheepuram,2025-11-15 03:52:34,18,1,WATCH,72,GOOD
SNAP-00756,33,Thiruvarur,2025-10-26 09:43:45,8,0.5,LOW,56,LIMITED
SNAP-00757,29,Sivaganga,2024-09-07 19:42:37,24,0.6,LOW,59,LIMITED
SNAP-00758,28,Pudukkottai,2025-01-08 03:10:01,22,0.8,LOW,61,MODERATE
SNAP-00759,24,Nilgiris,2026-08-04 18:37:56,1,1.8,WATCH,74,MODERATE
SNAP-00760,29,Sivaganga,2026-06-19 04:34:02,7,0.6,LOW,59,LIMITED
SNAP-00761,6,Tirunelveli,2024-07-27 09:16:09,11,1,WATCH,72,MODERATE
SNAP-00762,29,Sivaganga,2026-02-24 04:32:38,20,0.6,LOW,59,LIMITED
SNAP-00763,22,Dharmapuri,2024-10-18 22:35:12,6,1.4,WATCH,66,MODERATE
SNAP-00764,21,Kallakurichi,2026-01-22 21:41:27,14,0.6,LOW,58,LIMITED
SNAP-00765,24,Nilgiris,2023-10-01 11:44:42,15,1.8,WATCH,74,MODERATE
SNAP-00766,23,Namakkal,2024-08-09 11:13:56,15,0.9,WATCH,68,MODERATE
SNAP-00767,33,Thiruvarur,2024-10-19 21:26:08,0,0.5,LOW,56,LIMITED
SNAP-00768,17,Chengalpattu,2025-11-23 07:02:19,15,2.1,INCREASING,78,GOOD
SNAP-00769,38,Tiruvannamalai,2024-03-01 04:38:51,3,1.1,WATCH,70,GOOD
SNAP-00770,27,Perambalur,2024-11-27 17:43:09,2,0.4,INSUFFICIENT_DATA,44,LIMITED
SNAP-00771,29,Sivaganga,2026-08-19 19:09:48,23,0.6,LOW,59,LIMITED
SNAP-00772,36,Ranipet,2025-05-29 04:15:43,14,1.6,WATCH,72,GOOD
SNAP-00773,7,Erode,2026-01-25 00:33:49,4,1.2,WATCH,75,GOOD
SNAP-00774,9,Vellore,2025-05-30 23:32:38,6,2.2,INCREASING,76,GOOD
SNAP-00775,36,Ranipet,2025-12-24 14:57:21,16,1.6,WATCH,72,GOOD
SNAP-00776,1,Chennai,2024-04-09 00:42:33,3,3.5,HIGH PREVENTIVE ATTENTION,84,GOOD
SNAP-00777,22,Dharmapuri,2023-10-04 11:01:03,7,1.4,WATCH,66,MODERATE
SNAP-00778,25,Karur,2026-05-21 20:42:47,6,0.7,LOW,60,MODERATE
SNAP-00779,1,Chennai,2023-12-20 18:04:18,8,3.5,HIGH PREVENTIVE ATTENTION,84,GOOD
SNAP-00780,21,Kallakurichi,2025-01-13 12:02:42,21,0.6,LOW,58,LIMITED
SNAP-00781,35,Mayiladuthurai,2024-02-06 13:41:00,10,0.6,LOW,58,LIMITED
SNAP-00782,12,Thanjavur,2023-09-12 08:36:36,18,0.7,LOW,64,MODERATE
SNAP-00783,32,Theni,2025-09-29 16:58:32,13,1.9,INCREASING,73,MODERATE
SNAP-00784,2,Coimbatore,2024-09-02 00:55:55,13,6,HIGH PREVENTIVE ATTENTION,88,GOOD
SNAP-00785,33,Thiruvarur,2026-03-02 06:03:12,21,0.5,LOW,56,LIMITED
SNAP-00786,9,Vellore,2024-04-07 19:50:37,25,2.2,INCREASING,76,GOOD
SNAP-00787,25,Karur,2025-08-19 02:45:23,16,0.7,LOW,60,MODERATE
SNAP-00788,10,Krishnagiri,2026-06-11 03:29:06,21,4.8,HIGH PREVENTIVE ATTENTION,85,GOOD
SNAP-00789,10,Krishnagiri,2024-08-03 06:28:40,1,4.8,HIGH PREVENTIVE ATTENTION,85,GOOD
SNAP-00790,18,Tiruvallur,2024-10-09 07:50:53,3,2.3,INCREASING,80,GOOD
SNAP-00791,14,Kanniyakumari,2024-10-19 16:27:55,25,1.1,WATCH,70,MODERATE
SNAP-00792,13,Thoothukudi,2024-02-01 04:37:10,25,2.5,INCREASING,86,GOOD
SNAP-00793,15,Tenkasi,2026-08-04 13:32:19,18,2.3,WATCH,68,LIMITED
SNAP-00794,30,Ramanathapuram,2025-09-28 14:26:45,9,1.5,WATCH,71,MODERATE
SNAP-00795,15,Tenkasi,2024-10-22 12:22:00,18,2.3,WATCH,68,LIMITED
SNAP-00796,16,Kancheepuram,2024-02-07 08:32:25,2,1,WATCH,72,GOOD
SNAP-00797,19,Cuddalore,2024-01-06 10:54:15,15,0.8,LOW,62,MODERATE
SNAP-00798,21,Kallakurichi,2024-08-31 03:51:33,1,0.6,LOW,58,LIMITED
SNAP-00799,23,Namakkal,2023-10-16 18:54:50,7,0.9,WATCH,68,MODERATE
SNAP-00800,30,Ramanathapuram,2025-06-01 03:25:40,8,1.5,WATCH,71,MODERATE
SNAP-00801,30,Ramanathapuram,2025-03-05 11:40:40,25,1.5,WATCH,71,MODERATE
SNAP-00802,14,Kanniyakumari,2026-08-15 03:47:47,16,1.1,WATCH,70,MODERATE
SNAP-00803,38,Tiruvannamalai,2024-10-12 11:10:25,19,1.1,WATCH,70,GOOD
SNAP-00804,35,Mayiladuthurai,2026-04-07 02:19:04,24,0.6,LOW,58,LIMITED
SNAP-00805,29,Sivaganga,2025-07-19 20:52:31,1,0.6,LOW,59,LIMITED
SNAP-00806,10,Krishnagiri,2026-05-04 05:51:57,19,4.8,HIGH PREVENTIVE ATTENTION,85,GOOD
SNAP-00807,32,Theni,2025-04-01 20:12:45,1,1.9,INCREASING,73,MODERATE
SNAP-00808,26,Ariyalur,2025-04-30 07:22:34,11,0.3,INSUFFICIENT_DATA,42,LIMITED
SNAP-00809,27,Perambalur,2024-03-16 12:09:53,10,0.4,INSUFFICIENT_DATA,44,LIMITED
SNAP-00810,21,Kallakurichi,2024-11-27 21:17:06,18,0.6,LOW,58,LIMITED
SNAP-00811,8,Tiruppur,2025-11-16 14:00:29,1,2.8,INCREASING,80,GOOD
SNAP-00812,37,Tirupathur,2025-01-16 01:30:29,23,1.2,WATCH,67,MODERATE
SNAP-00813,20,Viluppuram,2024-08-30 02:15:36,22,1,WATCH,65,MODERATE
SNAP-00814,36,Ranipet,2026-02-11 04:45:36,17,1.6,WATCH,72,GOOD
SNAP-00815,34,Nagapattinam,2025-08-27 15:13:04,12,1.2,WATCH,68,MODERATE
SNAP-00816,31,Virudhunagar,2025-04-29 21:12:08,17,1,WATCH,69,MODERATE
SNAP-00817,27,Perambalur,2026-02-10 13:06:14,16,0.4,INSUFFICIENT_DATA,44,LIMITED
SNAP-00818,3,Madurai,2023-08-25 04:57:57,21,2.1,INCREASING,78,GOOD
SNAP-00819,32,Theni,2025-04-22 00:54:29,12,1.9,INCREASING,73,MODERATE
SNAP-00820,6,Tirunelveli,2024-02-01 10:26:54,17,1,WATCH,72,MODERATE
SNAP-00821,2,Coimbatore,2023-12-02 03:57:38,4,6,HIGH PREVENTIVE ATTENTION,88,GOOD
SNAP-00822,24,Nilgiris,2025-12-30 18:22:33,4,1.8,WATCH,74,MODERATE
SNAP-00823,1,Chennai,2024-03-28 06:17:35,23,3.5,HIGH PREVENTIVE ATTENTION,84,GOOD
SNAP-00824,31,Virudhunagar,2025-01-29 09:58:00,16,1,WATCH,69,MODERATE
SNAP-00825,10,Krishnagiri,2025-01-04 03:46:30,17,4.8,HIGH PREVENTIVE ATTENTION,85,GOOD
SNAP-00826,11,Dindigul,2024-09-11 20:34:30,7,0.9,WATCH,68,MODERATE
SNAP-00827,34,Nagapattinam,2025-03-25 08:40:16,3,1.2,WATCH,68,MODERATE
SNAP-00828,30,Ramanathapuram,2023-12-29 06:49:55,5,1.5,WATCH,71,MODERATE
SNAP-00829,2,Coimbatore,2025-04-24 21:17:52,9,6,HIGH PREVENTIVE ATTENTION,88,GOOD
SNAP-00830,38,Tiruvannamalai,2024-01-23 03:16:35,18,1.1,WATCH,70,GOOD
SNAP-00831,36,Ranipet,2024-02-21 04:34:17,20,1.6,WATCH,72,GOOD
SNAP-00832,2,Coimbatore,2023-12-04 13:22:13,17,6,HIGH PREVENTIVE ATTENTION,88,GOOD
SNAP-00833,2,Coimbatore,2025-10-15 22:21:04,16,6,HIGH PREVENTIVE ATTENTION,88,GOOD
SNAP-00834,36,Ranipet,2025-08-16 16:22:13,0,1.6,WATCH,72,GOOD
SNAP-00835,7,Erode,2025-01-13 18:28:26,1,1.2,WATCH,75,GOOD
SNAP-00836,37,Tirupathur,2024-05-25 01:48:02,17,1.2,WATCH,67,MODERATE
SNAP-00837,2,Coimbatore,2026-04-29 10:58:13,12,6,HIGH PREVENTIVE ATTENTION,88,GOOD
SNAP-00838,37,Tirupathur,2025-06-03 08:23:53,13,1.2,WATCH,67,MODERATE
SNAP-00839,21,Kallakurichi,2025-10-29 21:16:07,13,0.6,LOW,58,LIMITED
SNAP-00840,29,Sivaganga,2024-04-14 06:13:48,20,0.6,LOW,59,LIMITED
SNAP-00841,6,Tirunelveli,2024-09-09 22:05:46,2,1,WATCH,72,MODERATE
SNAP-00842,4,Salem,2024-03-14 23:56:11,19,2.4,INCREASING,82,GOOD
SNAP-00843,19,Cuddalore,2025-01-15 04:42:18,7,0.8,LOW,62,MODERATE
SNAP-00844,20,Viluppuram,2025-04-13 09:21:53,10,1,WATCH,65,MODERATE
SNAP-00845,28,Pudukkottai,2026-01-23 07:50:10,5,0.8,LOW,61,MODERATE
SNAP-00846,23,Namakkal,2024-09-11 12:20:41,2,0.9,WATCH,68,MODERATE
SNAP-00847,7,Erode,2024-03-14 15:48:08,17,1.2,WATCH,75,GOOD
SNAP-00848,6,Tirunelveli,2024-06-21 03:24:31,1,1,WATCH,72,MODERATE
SNAP-00849,2,Coimbatore,2026-01-21 04:55:55,20,6,HIGH PREVENTIVE ATTENTION,88,GOOD
SNAP-00850,2,Coimbatore,2025-06-28 08:29:12,12,6,HIGH PREVENTIVE ATTENTION,88,GOOD
SNAP-00851,5,Tiruchirappalli,2026-07-29 15:14:12,3,1.1,WATCH,74,GOOD
SNAP-00852,12,Thanjavur,2024-04-25 12:31:28,14,0.7,LOW,64,MODERATE
SNAP-00853,25,Karur,2024-02-08 01:56:49,13,0.7,LOW,60,MODERATE
SNAP-00854,13,Thoothukudi,2024-05-18 09:36:46,2,2.5,INCREASING,86,GOOD
SNAP-00855,4,Salem,2024-06-30 12:23:40,10,2.4,INCREASING,82,GOOD
SNAP-00856,15,Tenkasi,2025-05-29 14:55:52,13,2.3,WATCH,68,LIMITED
SNAP-00857,38,Tiruvannamalai,2024-03-18 16:42:22,20,1.1,WATCH,70,GOOD
SNAP-00858,34,Nagapattinam,2024-05-11 14:19:12,15,1.2,WATCH,68,MODERATE
SNAP-00859,22,Dharmapuri,2025-01-22 15:30:45,1,1.4,WATCH,66,MODERATE
SNAP-00860,4,Salem,2024-04-20 13:49:10,25,2.4,INCREASING,82,GOOD
SNAP-00861,12,Thanjavur,2025-11-01 06:47:51,2,0.7,LOW,64,MODERATE
SNAP-00862,4,Salem,2026-03-19 06:10:55,12,2.4,INCREASING,82,GOOD
SNAP-00863,20,Viluppuram,2026-01-14 20:57:31,4,1,WATCH,65,MODERATE
SNAP-00864,24,Nilgiris,2023-09-06 16:27:46,3,1.8,WATCH,74,MODERATE
SNAP-00865,20,Viluppuram,2025-01-13 15:54:12,3,1,WATCH,65,MODERATE
SNAP-00866,32,Theni,2026-06-17 17:53:42,15,1.9,INCREASING,73,MODERATE
SNAP-00867,35,Mayiladuthurai,2026-07-10 10:25:47,25,0.6,LOW,58,LIMITED
SNAP-00868,14,Kanniyakumari,2023-09-30 00:49:02,6,1.1,WATCH,70,MODERATE
SNAP-00869,7,Erode,2024-10-21 13:39:02,10,1.2,WATCH,75,GOOD
SNAP-00870,12,Thanjavur,2025-01-08 17:43:01,13,0.7,LOW,64,MODERATE
SNAP-00871,5,Tiruchirappalli,2026-04-24 09:09:37,3,1.1,WATCH,74,GOOD
SNAP-00872,17,Chengalpattu,2023-09-23 21:07:51,5,2.1,INCREASING,78,GOOD
SNAP-00873,24,Nilgiris,2026-03-18 07:15:57,22,1.8,WATCH,74,MODERATE
SNAP-00874,30,Ramanathapuram,2023-12-24 16:43:42,22,1.5,WATCH,71,MODERATE
SNAP-00875,2,Coimbatore,2025-10-06 02:15:24,12,6,HIGH PREVENTIVE ATTENTION,88,GOOD
SNAP-00876,37,Tirupathur,2024-02-15 15:15:39,12,1.2,WATCH,67,MODERATE
SNAP-00877,28,Pudukkottai,2025-03-18 13:43:09,25,0.8,LOW,61,MODERATE
SNAP-00878,12,Thanjavur,2026-04-05 02:01:45,13,0.7,LOW,64,MODERATE
SNAP-00879,24,Nilgiris,2026-06-13 21:37:54,11,1.8,WATCH,74,MODERATE
SNAP-00880,4,Salem,2025-06-25 06:01:19,25,2.4,INCREASING,82,GOOD
SNAP-00881,12,Thanjavur,2024-04-11 05:28:30,11,0.7,LOW,64,MODERATE
SNAP-00882,4,Salem,2026-04-02 19:09:59,4,2.4,INCREASING,82,GOOD
SNAP-00883,16,Kancheepuram,2025-01-11 23:24:30,23,1,WATCH,72,GOOD
SNAP-00884,25,Karur,2026-07-31 20:58:41,7,0.7,LOW,60,MODERATE
SNAP-00885,4,Salem,2024-04-02 11:47:02,16,2.4,INCREASING,82,GOOD
SNAP-00886,36,Ranipet,2024-03-11 15:28:24,16,1.6,WATCH,72,GOOD
SNAP-00887,25,Karur,2024-09-26 02:57:30,3,0.7,LOW,60,MODERATE
SNAP-00888,33,Thiruvarur,2023-10-11 13:01:51,12,0.5,LOW,56,LIMITED
SNAP-00889,22,Dharmapuri,2024-06-22 08:44:51,5,1.4,WATCH,66,MODERATE
SNAP-00890,29,Sivaganga,2026-06-28 07:21:57,11,0.6,LOW,59,LIMITED
SNAP-00891,27,Perambalur,2026-04-29 07:45:48,8,0.4,INSUFFICIENT_DATA,44,LIMITED
SNAP-00892,20,Viluppuram,2025-09-28 23:28:18,23,1,WATCH,65,MODERATE
SNAP-00893,38,Tiruvannamalai,2024-04-15 05:42:56,4,1.1,WATCH,70,GOOD
SNAP-00894,14,Kanniyakumari,2026-08-13 00:54:48,0,1.1,WATCH,70,MODERATE
SNAP-00895,7,Erode,2024-05-03 00:03:33,23,1.2,WATCH,75,GOOD
SNAP-00896,19,Cuddalore,2023-12-23 12:22:24,11,0.8,LOW,62,MODERATE
SNAP-00897,15,Tenkasi,2024-10-17 18:04:56,12,2.3,WATCH,68,LIMITED
SNAP-00898,19,Cuddalore,2023-12-24 01:34:54,4,0.8,LOW,62,MODERATE
SNAP-00899,9,Vellore,2025-03-13 06:12:46,0,2.2,INCREASING,76,GOOD
SNAP-00900,28,Pudukkottai,2024-01-07 13:19:27,0,0.8,LOW,61,MODERATE
SNAP-00901,28,Pudukkottai,2024-01-05 21:04:22,6,0.8,LOW,61,MODERATE
SNAP-00902,2,Coimbatore,2024-04-14 11:27:47,9,6,HIGH PREVENTIVE ATTENTION,88,GOOD
SNAP-00903,37,Tirupathur,2026-05-06 21:50:26,24,1.2,WATCH,67,MODERATE
SNAP-00904,31,Virudhunagar,2026-07-29 07:54:24,3,1,WATCH,69,MODERATE
SNAP-00905,11,Dindigul,2025-05-08 04:39:24,15,0.9,WATCH,68,MODERATE
SNAP-00906,4,Salem,2025-06-27 15:28:20,17,2.4,INCREASING,82,GOOD
SNAP-00907,37,Tirupathur,2026-04-08 18:43:08,6,1.2,WATCH,67,MODERATE
SNAP-00908,14,Kanniyakumari,2024-05-29 22:20:11,0,1.1,WATCH,70,MODERATE
SNAP-00909,18,Tiruvallur,2024-12-09 12:45:35,17,2.3,INCREASING,80,GOOD
SNAP-00910,34,Nagapattinam,2026-07-06 08:45:43,16,1.2,WATCH,68,MODERATE
SNAP-00911,29,Sivaganga,2024-09-28 10:37:23,25,0.6,LOW,59,LIMITED
SNAP-00912,18,Tiruvallur,2025-03-04 20:12:51,25,2.3,INCREASING,80,GOOD
SNAP-00913,8,Tiruppur,2025-04-21 10:07:28,1,2.8,INCREASING,80,GOOD
SNAP-00914,23,Namakkal,2025-12-29 00:23:26,14,0.9,WATCH,68,MODERATE
SNAP-00915,19,Cuddalore,2024-04-13 21:36:24,1,0.8,LOW,62,MODERATE
SNAP-00916,10,Krishnagiri,2024-02-07 05:44:09,12,4.8,HIGH PREVENTIVE ATTENTION,85,GOOD
SNAP-00917,15,Tenkasi,2024-01-14 16:22:29,17,2.3,WATCH,68,LIMITED
SNAP-00918,20,Viluppuram,2025-04-04 00:41:10,2,1,WATCH,65,MODERATE
SNAP-00919,36,Ranipet,2025-11-13 19:13:32,5,1.6,WATCH,72,GOOD
SNAP-00920,18,Tiruvallur,2024-09-19 16:53:58,17,2.3,INCREASING,80,GOOD
SNAP-00921,35,Mayiladuthurai,2024-10-05 13:10:49,4,0.6,LOW,58,LIMITED
SNAP-00922,26,Ariyalur,2026-07-02 08:02:22,1,0.3,INSUFFICIENT_DATA,42,LIMITED
SNAP-00923,35,Mayiladuthurai,2024-02-17 00:14:16,15,0.6,LOW,58,LIMITED
SNAP-00924,7,Erode,2026-05-02 21:18:25,8,1.2,WATCH,75,GOOD
SNAP-00925,15,Tenkasi,2024-08-07 08:50:23,21,2.3,WATCH,68,LIMITED
SNAP-00926,1,Chennai,2026-07-29 23:00:25,24,3.5,HIGH PREVENTIVE ATTENTION,84,GOOD
SNAP-00927,12,Thanjavur,2025-09-29 15:41:29,19,0.7,LOW,64,MODERATE
SNAP-00928,38,Tiruvannamalai,2025-12-26 22:06:45,25,1.1,WATCH,70,GOOD
SNAP-00929,7,Erode,2024-01-24 17:26:47,24,1.2,WATCH,75,GOOD
SNAP-00930,6,Tirunelveli,2026-01-03 02:55:49,1,1,WATCH,72,MODERATE
SNAP-00931,19,Cuddalore,2026-05-27 20:55:48,5,0.8,LOW,62,MODERATE
SNAP-00932,11,Dindigul,2025-12-29 12:51:27,18,0.9,WATCH,68,MODERATE
SNAP-00933,20,Viluppuram,2026-02-20 01:54:50,7,1,WATCH,65,MODERATE
SNAP-00934,3,Madurai,2024-01-09 18:09:31,4,2.1,INCREASING,78,GOOD
SNAP-00935,3,Madurai,2024-04-30 15:16:02,3,2.1,INCREASING,78,GOOD
SNAP-00936,12,Thanjavur,2025-01-28 03:03:21,18,0.7,LOW,64,MODERATE
SNAP-00937,16,Kancheepuram,2024-08-14 16:09:58,22,1,WATCH,72,GOOD
SNAP-00938,20,Viluppuram,2024-02-27 14:51:17,6,1,WATCH,65,MODERATE
SNAP-00939,33,Thiruvarur,2025-05-04 02:12:26,16,0.5,LOW,56,LIMITED
SNAP-00940,37,Tirupathur,2025-10-25 01:08:11,19,1.2,WATCH,67,MODERATE
SNAP-00941,1,Chennai,2024-08-30 19:16:36,13,3.5,HIGH PREVENTIVE ATTENTION,84,GOOD
SNAP-00942,18,Tiruvallur,2024-02-01 10:03:05,9,2.3,INCREASING,80,GOOD
SNAP-00943,3,Madurai,2024-04-06 01:56:38,3,2.1,INCREASING,78,GOOD
SNAP-00944,9,Vellore,2026-07-04 01:56:42,16,2.2,INCREASING,76,GOOD
SNAP-00945,33,Thiruvarur,2025-01-06 00:08:30,20,0.5,LOW,56,LIMITED
SNAP-00946,35,Mayiladuthurai,2025-03-29 11:05:11,10,0.6,LOW,58,LIMITED
SNAP-00947,14,Kanniyakumari,2024-04-30 13:18:09,7,1.1,WATCH,70,MODERATE
SNAP-00948,24,Nilgiris,2024-07-29 08:33:40,20,1.8,WATCH,74,MODERATE
SNAP-00949,36,Ranipet,2025-03-18 00:41:41,25,1.6,WATCH,72,GOOD
SNAP-00950,38,Tiruvannamalai,2025-01-31 20:21:43,16,1.1,WATCH,70,GOOD
SNAP-00951,32,Theni,2024-08-20 20:30:29,14,1.9,INCREASING,73,MODERATE
SNAP-00952,23,Namakkal,2024-09-01 22:11:09,14,0.9,WATCH,68,MODERATE
SNAP-00953,13,Thoothukudi,2023-11-06 19:29:32,4,2.5,INCREASING,86,GOOD
SNAP-00954,11,Dindigul,2025-08-10 23:13:02,10,0.9,WATCH,68,MODERATE
SNAP-00955,34,Nagapattinam,2024-06-13 07:36:28,3,1.2,WATCH,68,MODERATE
SNAP-00956,9,Vellore,2024-04-02 05:05:19,10,2.2,INCREASING,76,GOOD
SNAP-00957,29,Sivaganga,2026-01-11 04:47:35,3,0.6,LOW,59,LIMITED
SNAP-00958,19,Cuddalore,2025-04-07 00:29:36,14,0.8,LOW,62,MODERATE
SNAP-00959,23,Namakkal,2026-08-10 10:37:58,20,0.9,WATCH,68,MODERATE
SNAP-00960,23,Namakkal,2025-10-12 12:09:19,22,0.9,WATCH,68,MODERATE
SNAP-00961,11,Dindigul,2025-03-23 18:28:12,3,0.9,WATCH,68,MODERATE
SNAP-00962,32,Theni,2023-08-31 16:34:49,7,1.9,INCREASING,73,MODERATE
SNAP-00963,35,Mayiladuthurai,2025-11-12 18:07:38,3,0.6,LOW,58,LIMITED
SNAP-00964,1,Chennai,2025-10-11 14:16:20,19,3.5,HIGH PREVENTIVE ATTENTION,84,GOOD
SNAP-00965,38,Tiruvannamalai,2024-02-03 23:56:31,12,1.1,WATCH,70,GOOD
SNAP-00966,18,Tiruvallur,2025-10-23 08:34:33,18,2.3,INCREASING,80,GOOD
SNAP-00967,6,Tirunelveli,2024-11-16 08:13:41,3,1,WATCH,72,MODERATE
SNAP-00968,25,Karur,2023-08-29 17:28:39,5,0.7,LOW,60,MODERATE
SNAP-00969,28,Pudukkottai,2024-10-14 00:27:05,14,0.8,LOW,61,MODERATE
SNAP-00970,14,Kanniyakumari,2024-11-20 11:19:46,20,1.1,WATCH,70,MODERATE
SNAP-00971,22,Dharmapuri,2025-10-03 09:59:29,22,1.4,WATCH,66,MODERATE
SNAP-00972,27,Perambalur,2025-09-29 08:37:57,2,0.4,INSUFFICIENT_DATA,44,LIMITED
SNAP-00973,37,Tirupathur,2026-01-08 18:16:40,25,1.2,WATCH,67,MODERATE
SNAP-00974,38,Tiruvannamalai,2025-01-31 18:33:55,6,1.1,WATCH,70,GOOD
SNAP-00975,19,Cuddalore,2023-12-16 08:58:15,1,0.8,LOW,62,MODERATE
SNAP-00976,8,Tiruppur,2025-10-08 23:43:16,9,2.8,INCREASING,80,GOOD
SNAP-00977,38,Tiruvannamalai,2024-06-10 09:08:44,12,1.1,WATCH,70,GOOD
SNAP-00978,21,Kallakurichi,2024-01-15 20:42:41,25,0.6,LOW,58,LIMITED
SNAP-00979,26,Ariyalur,2024-02-02 23:23:48,15,0.3,INSUFFICIENT_DATA,42,LIMITED
SNAP-00980,38,Tiruvannamalai,2025-10-17 04:10:42,8,1.1,WATCH,70,GOOD
SNAP-00981,33,Thiruvarur,2025-07-31 01:39:19,23,0.5,LOW,56,LIMITED
SNAP-00982,36,Ranipet,2025-01-05 21:05:41,24,1.6,WATCH,72,GOOD
SNAP-00983,9,Vellore,2023-08-21 01:11:11,15,2.2,INCREASING,76,GOOD
SNAP-00984,9,Vellore,2025-11-07 22:04:12,14,2.2,INCREASING,76,GOOD
SNAP-00985,34,Nagapattinam,2025-03-02 16:24:32,21,1.2,WATCH,68,MODERATE
SNAP-00986,27,Perambalur,2024-06-16 19:30:30,5,0.4,INSUFFICIENT_DATA,44,LIMITED
SNAP-00987,36,Ranipet,2024-09-13 18:20:11,25,1.6,WATCH,72,GOOD
SNAP-00988,17,Chengalpattu,2026-03-06 04:39:44,8,2.1,INCREASING,78,GOOD
SNAP-00989,16,Kancheepuram,2024-11-19 17:12:31,0,1,WATCH,72,GOOD
SNAP-00990,33,Thiruvarur,2024-04-15 22:04:25,6,0.5,LOW,56,LIMITED
SNAP-00991,12,Thanjavur,2025-03-09 06:07:32,23,0.7,LOW,64,MODERATE
SNAP-00992,3,Madurai,2025-11-05 22:12:38,2,2.1,INCREASING,78,GOOD
SNAP-00993,26,Ariyalur,2026-06-10 18:49:04,0,0.3,INSUFFICIENT_DATA,42,LIMITED
SNAP-00994,31,Virudhunagar,2024-11-17 04:44:20,17,1,WATCH,69,MODERATE
SNAP-00995,24,Nilgiris,2026-04-14 15:36:12,2,1.8,WATCH,74,MODERATE
SNAP-00996,25,Karur,2025-12-13 10:27:27,21,0.7,LOW,60,MODERATE
SNAP-00997,22,Dharmapuri,2024-05-12 14:55:36,6,1.4,WATCH,66,MODERATE
SNAP-00998,11,Dindigul,2023-12-13 03:35:16,8,0.9,WATCH,68,MODERATE
SNAP-00999,34,Nagapattinam,2024-11-13 05:57:10,7,1.2,WATCH,68,MODERATE
SNAP-01000,25,Karur,2024-07-24 07:30:41,7,0.7,LOW,60,MODERATE
SNAP-01001,10,Krishnagiri,2024-03-25 14:23:17,2,4.8,HIGH PREVENTIVE ATTENTION,85,GOOD
SNAP-01002,25,Karur,2025-11-09 04:28:35,7,0.7,LOW,60,MODERATE
SNAP-01003,36,Ranipet,2025-11-09 18:44:14,10,1.6,WATCH,72,GOOD
SNAP-01004,35,Mayiladuthurai,2023-12-05 19:17:23,1,0.6,LOW,58,LIMITED
SNAP-01005,15,Tenkasi,2026-06-16 02:12:21,9,2.3,WATCH,68,LIMITED
SNAP-01006,6,Tirunelveli,2024-06-17 01:19:45,13,1,WATCH,72,MODERATE
SNAP-01007,12,Thanjavur,2024-04-10 05:50:36,6,0.7,LOW,64,MODERATE
SNAP-01008,2,Coimbatore,2023-09-29 13:10:59,5,6,HIGH PREVENTIVE ATTENTION,88,GOOD
SNAP-01009,8,Tiruppur,2026-07-28 23:07:14,7,2.8,INCREASING,80,GOOD
SNAP-01010,12,Thanjavur,2026-05-07 15:45:21,9,0.7,LOW,64,MODERATE
SNAP-01011,9,Vellore,2026-03-14 12:08:17,21,2.2,INCREASING,76,GOOD
SNAP-01012,34,Nagapattinam,2023-11-19 02:39:27,2,1.2,WATCH,68,MODERATE
SNAP-01013,38,Tiruvannamalai,2024-09-14 01:25:52,12,1.1,WATCH,70,GOOD
SNAP-01014,19,Cuddalore,2025-10-12 09:39:44,22,0.8,LOW,62,MODERATE
SNAP-01015,26,Ariyalur,2026-05-09 09:43:40,25,0.3,INSUFFICIENT_DATA,42,LIMITED
SNAP-01016,36,Ranipet,2025-05-06 22:52:04,19,1.6,WATCH,72,GOOD
SNAP-01017,30,Ramanathapuram,2026-07-06 20:07:40,22,1.5,WATCH,71,MODERATE
SNAP-01018,35,Mayiladuthurai,2025-12-22 14:28:33,1,0.6,LOW,58,LIMITED
SNAP-01019,4,Salem,2025-09-01 08:56:54,5,2.4,INCREASING,82,GOOD
SNAP-01020,30,Ramanathapuram,2023-08-27 00:14:42,23,1.5,WATCH,71,MODERATE
SNAP-01021,27,Perambalur,2024-06-19 05:09:29,14,0.4,INSUFFICIENT_DATA,44,LIMITED
SNAP-01022,5,Tiruchirappalli,2023-12-14 13:56:36,17,1.1,WATCH,74,GOOD
SNAP-01023,33,Thiruvarur,2026-03-22 14:42:49,5,0.5,LOW,56,LIMITED
SNAP-01024,12,Thanjavur,2024-08-12 03:29:58,14,0.7,LOW,64,MODERATE
SNAP-01025,25,Karur,2025-10-11 13:38:21,11,0.7,LOW,60,MODERATE
SNAP-01026,2,Coimbatore,2024-08-12 20:44:31,20,6,HIGH PREVENTIVE ATTENTION,88,GOOD
SNAP-01027,16,Kancheepuram,2024-07-12 22:25:32,22,1,WATCH,72,GOOD
SNAP-01028,22,Dharmapuri,2026-08-02 06:55:28,2,1.4,WATCH,66,MODERATE
SNAP-01029,19,Cuddalore,2024-11-25 07:28:49,4,0.8,LOW,62,MODERATE
SNAP-01030,25,Karur,2024-03-17 21:24:47,6,0.7,LOW,60,MODERATE
SNAP-01031,38,Tiruvannamalai,2024-03-30 01:45:03,3,1.1,WATCH,70,GOOD
SNAP-01032,5,Tiruchirappalli,2025-01-19 10:02:01,21,1.1,WATCH,74,GOOD
SNAP-01033,9,Vellore,2023-12-14 05:44:07,23,2.2,INCREASING,76,GOOD
SNAP-01034,8,Tiruppur,2025-03-24 07:57:56,9,2.8,INCREASING,80,GOOD
SNAP-01035,24,Nilgiris,2025-06-23 21:48:05,13,1.8,WATCH,74,MODERATE
SNAP-01036,16,Kancheepuram,2026-01-07 01:05:33,6,1,WATCH,72,GOOD
SNAP-01037,1,Chennai,2024-08-09 06:38:04,9,3.5,HIGH PREVENTIVE ATTENTION,84,GOOD
SNAP-01038,29,Sivaganga,2023-12-23 03:04:00,20,0.6,LOW,59,LIMITED
SNAP-01039,19,Cuddalore,2024-10-27 06:18:24,5,0.8,LOW,62,MODERATE
SNAP-01040,4,Salem,2023-11-20 11:38:07,16,2.4,INCREASING,82,GOOD
SNAP-01041,25,Karur,2025-06-05 22:05:59,9,0.7,LOW,60,MODERATE
SNAP-01042,36,Ranipet,2025-06-06 21:42:54,23,1.6,WATCH,72,GOOD
SNAP-01043,22,Dharmapuri,2024-12-14 11:28:54,4,1.4,WATCH,66,MODERATE
SNAP-01044,21,Kallakurichi,2026-05-01 13:53:25,13,0.6,LOW,58,LIMITED
SNAP-01045,36,Ranipet,2023-11-18 13:27:49,13,1.6,WATCH,72,GOOD
SNAP-01046,33,Thiruvarur,2024-03-08 00:22:08,10,0.5,LOW,56,LIMITED
SNAP-01047,28,Pudukkottai,2023-09-02 13:45:34,6,0.8,LOW,61,MODERATE
SNAP-01048,27,Perambalur,2026-03-21 13:41:26,18,0.4,INSUFFICIENT_DATA,44,LIMITED
SNAP-01049,36,Ranipet,2023-08-27 13:32:26,12,1.6,WATCH,72,GOOD
SNAP-01050,21,Kallakurichi,2024-05-13 04:07:59,4,0.6,LOW,58,LIMITED
SNAP-01051,30,Ramanathapuram,2025-10-09 13:48:37,8,1.5,WATCH,71,MODERATE
SNAP-01052,2,Coimbatore,2026-05-22 06:41:12,17,6,HIGH PREVENTIVE ATTENTION,88,GOOD
SNAP-01053,22,Dharmapuri,2024-04-14 05:17:44,5,1.4,WATCH,66,MODERATE
SNAP-01054,2,Coimbatore,2024-01-03 08:16:10,15,6,HIGH PREVENTIVE ATTENTION,88,GOOD
SNAP-01055,1,Chennai,2025-03-28 01:58:41,15,3.5,HIGH PREVENTIVE ATTENTION,84,GOOD
SNAP-01056,6,Tirunelveli,2025-03-02 15:56:42,16,1,WATCH,72,MODERATE
SNAP-01057,3,Madurai,2026-08-12 08:27:34,4,2.1,INCREASING,78,GOOD
SNAP-01058,22,Dharmapuri,2024-11-22 20:14:03,12,1.4,WATCH,66,MODERATE
SNAP-01059,5,Tiruchirappalli,2026-05-10 12:27:59,18,1.1,WATCH,74,GOOD
SNAP-01060,35,Mayiladuthurai,2026-07-13 05:14:30,1,0.6,LOW,58,LIMITED
SNAP-01061,28,Pudukkottai,2025-05-09 23:08:19,1,0.8,LOW,61,MODERATE
SNAP-01062,22,Dharmapuri,2024-05-29 09:23:42,5,1.4,WATCH,66,MODERATE
SNAP-01063,30,Ramanathapuram,2024-02-25 18:49:58,5,1.5,WATCH,71,MODERATE
SNAP-01064,37,Tirupathur,2023-11-20 16:31:46,25,1.2,WATCH,67,MODERATE
SNAP-01065,23,Namakkal,2025-01-16 17:16:38,2,0.9,WATCH,68,MODERATE
SNAP-01066,22,Dharmapuri,2023-10-18 14:23:22,4,1.4,WATCH,66,MODERATE
SNAP-01067,34,Nagapattinam,2026-01-27 01:52:37,15,1.2,WATCH,68,MODERATE
SNAP-01068,8,Tiruppur,2023-08-28 00:52:17,23,2.8,INCREASING,80,GOOD
SNAP-01069,35,Mayiladuthurai,2023-11-11 11:30:36,25,0.6,LOW,58,LIMITED
SNAP-01070,14,Kanniyakumari,2024-11-30 18:04:07,9,1.1,WATCH,70,MODERATE
SNAP-01071,26,Ariyalur,2026-07-29 00:17:52,13,0.3,INSUFFICIENT_DATA,42,LIMITED
SNAP-01072,2,Coimbatore,2024-12-10 02:32:10,20,6,HIGH PREVENTIVE ATTENTION,88,GOOD
SNAP-01073,19,Cuddalore,2025-08-21 02:43:58,8,0.8,LOW,62,MODERATE
SNAP-01074,31,Virudhunagar,2024-10-09 06:01:01,0,1,WATCH,69,MODERATE
SNAP-01075,6,Tirunelveli,2024-04-24 22:06:43,5,1,WATCH,72,MODERATE
SNAP-01076,10,Krishnagiri,2024-11-28 01:56:36,16,4.8,HIGH PREVENTIVE ATTENTION,85,GOOD
SNAP-01077,6,Tirunelveli,2025-02-20 07:58:11,8,1,WATCH,72,MODERATE
SNAP-01078,7,Erode,2026-08-03 07:29:37,11,1.2,WATCH,75,GOOD
SNAP-01079,11,Dindigul,2024-03-07 10:16:03,15,0.9,WATCH,68,MODERATE
SNAP-01080,27,Perambalur,2023-09-27 00:31:30,20,0.4,INSUFFICIENT_DATA,44,LIMITED
SNAP-01081,17,Chengalpattu,2024-10-19 18:25:43,15,2.1,INCREASING,78,GOOD
SNAP-01082,6,Tirunelveli,2023-09-29 19:40:14,25,1,WATCH,72,MODERATE
SNAP-01083,18,Tiruvallur,2026-04-10 13:36:58,10,2.3,INCREASING,80,GOOD
SNAP-01084,25,Karur,2026-04-20 07:32:44,14,0.7,LOW,60,MODERATE
SNAP-01085,3,Madurai,2025-04-22 11:22:44,3,2.1,INCREASING,78,GOOD
SNAP-01086,5,Tiruchirappalli,2025-08-26 11:10:35,23,1.1,WATCH,74,GOOD
SNAP-01087,38,Tiruvannamalai,2026-06-08 16:42:45,5,1.1,WATCH,70,GOOD
SNAP-01088,27,Perambalur,2026-05-26 19:39:14,2,0.4,INSUFFICIENT_DATA,44,LIMITED
SNAP-01089,3,Madurai,2023-09-15 22:49:09,1,2.1,INCREASING,78,GOOD
SNAP-01090,10,Krishnagiri,2025-01-28 03:30:06,6,4.8,HIGH PREVENTIVE ATTENTION,85,GOOD
SNAP-01091,36,Ranipet,2024-09-05 21:42:19,23,1.6,WATCH,72,GOOD
SNAP-01092,17,Chengalpattu,2025-11-29 22:34:03,9,2.1,INCREASING,78,GOOD
SNAP-01093,12,Thanjavur,2023-12-31 11:15:42,10,0.7,LOW,64,MODERATE
SNAP-01094,38,Tiruvannamalai,2026-07-01 19:20:20,22,1.1,WATCH,70,GOOD
SNAP-01095,1,Chennai,2026-04-01 23:21:38,23,3.5,HIGH PREVENTIVE ATTENTION,84,GOOD