event_id,district_id,district_name,timestamp,lifecycle_state,transition_reason,confidence_score
EMG-EVT-00001,21,Kallakurichi,2025-03-30 21:32:34,NEW_SIGNAL,ANOMALY_CLEARED,90
EMG-EVT-00002,33,Thiruvarur,2026-03-05 00:22:12,CORROBORATED,CLUSTER_FORMATION_48H,71
EMG-EVT-00003,34,Nagapattinam,2025-03-06 12:33:09,NEW_SIGNAL,CLUSTER_FORMATION_48H,76
EMG-EVT-00004,37,Tirupathur,2025-05-30 03:21:32,CORROBORATED,FIRST_TIME_REPORT,77
EMG-EVT-00005,4,Salem,2026-03-25 05:51:17,UNVERIFIED,ANOMALY_CLEARED,88
EMG-EVT-00006,31,Virudhunagar,2024-09-28 22:36:49,UNVERIFIED,CLUSTER_FORMATION_48H,63
EMG-EVT-00007,5,Tiruchirappalli,2025-12-31 17:41:03,PERSISTENT,CLUSTER_FORMATION_48H,87
EMG-EVT-00008,5,Tiruchirappalli,2024-10-31 18:11:29,NEW_SIGNAL,FIRST_TIME_REPORT,69
EMG-EVT-00009,25,Karur,2025-05-24 01:00:13,CORROBORATED,CLUSTER_FORMATION_48H,86
EMG-EVT-00010,7,Tiruppur,2026-05-04 15:57:42,PERSISTENT,MULTI_SOURCE_CONVERGENCE,89
EMG-EVT-00011,1,Chennai,2026-07-03 16:28:50,UNVERIFIED,MULTI_SOURCE_CONVERGENCE,91
EMG-EVT-00012,17,Chengalpattu,2024-12-15 02:48:35,UNVERIFIED,FIRST_TIME_REPORT,63
EMG-EVT-00013,37,Tirupathur,2026-06-03 06:58:20,DISMISSED,MULTI_SOURCE_CONVERGENCE,91
EMG-EVT-00014,10,Krishnagiri,2025-09-07 16:06:56,EMERGING,ANOMALY_CLEARED,82
EMG-EVT-00015,1,Chennai,2026-01-06 09:29:58,UNVERIFIED,MULTI_SOURCE_CONVERGENCE,78
EMG-EVT-00016,34,Nagapattinam,2026-07-25 05:20:30,PERSISTENT,CLUSTER_FORMATION_48H,83
EMG-EVT-00017,4,Salem,2025-07-03 02:50:51,UNVERIFIED,CLUSTER_FORMATION_48H,90
EMG-EVT-00018,29,Sivaganga,2025-07-06 10:56:55,PERSISTENT,CLUSTER_FORMATION_48H,71
EMG-EVT-00019,32,Theni,2025-04-23 05:24:04,DISMISSED,CLUSTER_FORMATION_48H,73
EMG-EVT-00020,14,Kanniyakumari,2025-08-11 01:00:08,DISMISSED,MULTI_SOURCE_CONVERGENCE,67
EMG-EVT-00021,4,Salem,2024-11-04 20:32:44,EMERGING,FIRST_TIME_REPORT,85
EMG-EVT-00022,34,Nagapattinam,2026-07-26 14:01:53,PERSISTENT,FIRST_TIME_REPORT,80
EMG-EVT-00023,26,Ariyalur,2026-01-12 15:08:13,DISMISSED,MULTI_SOURCE_CONVERGENCE,81
EMG-EVT-00024,25,Karur,2025-04-19 20:55:33,UNVERIFIED,ANOMALY_CLEARED,65
EMG-EVT-00025,16,Kancheepuram,2026-03-10 09:22:44,PERSISTENT,MULTI_SOURCE_CONVERGENCE,69
EMG-EVT-00026,14,Kanniyakumari,2026-07-04 05:19:57,UNVERIFIED,MULTI_SOURCE_CONVERGENCE,67
EMG-EVT-00027,17,Chengalpattu,2025-10-20 07:35:57,EMERGING,MULTI_SOURCE_CONVERGENCE,62
EMG-EVT-00028,31,Virudhunagar,2025-09-12 21:53:28,DISMISSED,ANOMALY_CLEARED,86
EMG-EVT-00029,24,Nilgiris,2024-12-15 01:11:04,NEW_SIGNAL,FIRST_TIME_REPORT,94
EMG-EVT-00030,16,Kancheepuram,2024-12-21 22:01:18,NEW_SIGNAL,MULTI_SOURCE_CONVERGENCE,80
EMG-EVT-00031,17,Chengalpattu,2026-02-06 08:50:08,PERSISTENT,MULTI_SOURCE_CONVERGENCE,86
EMG-EVT-00032,30,Ramanathapuram,2025-10-16 22:21:41,CORROBORATED,ANOMALY_CLEARED,67
EMG-EVT-00033,11,Dindigul,2026-05-09 10:19:29,UNVERIFIED,FIRST_TIME_REPORT,65
EMG-EVT-00034,7,Tiruppur,2025-08-24 15:51:08,DISMISSED,MULTI_SOURCE_CONVERGENCE,62
EMG-EVT-00035,13,Thoothukudi,2026-01-31 01:09:19,DISMISSED,MULTI_SOURCE_CONVERGENCE,86
EMG-EVT-00036,19,Cuddalore,2026-05-06 23:44:33,NEW_SIGNAL,FIRST_TIME_REPORT,67
EMG-EVT-00037,23,Namakkal,2024-12-29 15:12:01,EMERGING,CLUSTER_FORMATION_48H,85
EMG-EVT-00038,12,Thanjavur,2025-01-30 11:22:36,EMERGING,ANOMALY_CLEARED,70
EMG-EVT-00039,28,Pudukkottai,2024-12-11 07:30:55,DISMISSED,ANOMALY_CLEARED,75
EMG-EVT-00040,28,Pudukkottai,2026-05-01 01:41:36,PERSISTENT,ANOMALY_CLEARED,87
EMG-EVT-00041,6,Tirunelveli,2026-04-19 10:51:09,EMERGING,CLUSTER_FORMATION_48H,65
EMG-EVT-00042,24,Nilgiris,2026-01-02 12:05:36,PERSISTENT,CLUSTER_FORMATION_48H,91
EMG-EVT-00043,9,Vellore,2026-05-21 21:05:46,NEW_SIGNAL,FIRST_TIME_REPORT,77
EMG-EVT-00044,15,Tenkasi,2025-12-22 09:42:01,UNVERIFIED,FIRST_TIME_REPORT,82
EMG-EVT-00045,14,Kanniyakumari,2025-12-08 16:59:54,DISMISSED,FIRST_TIME_REPORT,67
EMG-EVT-00046,34,Nagapattinam,2024-12-19 15:30:14,UNVERIFIED,MULTI_SOURCE_CONVERGENCE,76
EMG-EVT-00047,7,Tiruppur,2024-09-20 11:04:06,CORROBORATED,MULTI_SOURCE_CONVERGENCE,64
EMG-EVT-00048,13,Thoothukudi,2025-07-08 10:38:25,UNVERIFIED,ANOMALY_CLEARED,83
EMG-EVT-00049,20,Viluppuram,2025-08-04 12:13:07,PERSISTENT,MULTI_SOURCE_CONVERGENCE,82
EMG-EVT-00050,6,Tirunelveli,2025-11-04 09:54:11,PERSISTENT,ANOMALY_CLEARED,80
EMG-EVT-00051,11,Dindigul,2025-01-14 01:43:01,NEW_SIGNAL,ANOMALY_CLEARED,94
EMG-EVT-00052,11,Dindigul,2026-05-22 14:54:55,CORROBORATED,FIRST_TIME_REPORT,69
EMG-EVT-00053,34,Nagapattinam,2026-04-02 13:10:49,EMERGING,CLUSTER_FORMATION_48H,92
EMG-EVT-00054,9,Vellore,2025-06-19 03:54:31,CORROBORATED,FIRST_TIME_REPORT,67
EMG-EVT-00055,38,Tiruvannamalai,2025-01-09 09:13:32,EMERGING,FIRST_TIME_REPORT,94
EMG-EVT-00056,14,Kanniyakumari,2025-03-06 22:10:16,EMERGING,CLUSTER_FORMATION_48H,86
EMG-EVT-00057,8,Erode,2025-04-09 11:43:00,DISMISSED,FIRST_TIME_REPORT,86
EMG-EVT-00058,35,Mayiladuthurai,2025-12-30 15:13:04,CORROBORATED,CLUSTER_FORMATION_48H,81
EMG-EVT-00059,6,Tirunelveli,2025-10-28 17:03:11,EMERGING,MULTI_SOURCE_CONVERGENCE,63
EMG-EVT-00060,26,Ariyalur,2025-07-10 04:43:46,UNVERIFIED,ANOMALY_CLEARED,70
EMG-EVT-00061,1,Chennai,2025-11-24 06:05:25,DISMISSED,CLUSTER_FORMATION_48H,79
EMG-EVT-00062,20,Viluppuram,2026-07-04 03:24:40,PERSISTENT,MULTI_SOURCE_CONVERGENCE,88
EMG-EVT-00063,37,Tirupathur,2025-09-22 16:33:18,NEW_SIGNAL,CLUSTER_FORMATION_48H,93
EMG-EVT-00064,35,Mayiladuthurai,2024-11-20 10:48:33,EMERGING,MULTI_SOURCE_CONVERGENCE,78
EMG-EVT-00065,36,Ranipet,2026-01-06 16:10:10,PERSISTENT,FIRST_TIME_REPORT,71
EMG-EVT-00066,12,Thanjavur,2025-11-20 15:02:25,UNVERIFIED,MULTI_SOURCE_CONVERGENCE,63
EMG-EVT-00067,22,Dharmapuri,2025-10-21 10:48:54,CORROBORATED,CLUSTER_FORMATION_48H,64
EMG-EVT-00068,33,Thiruvarur,2026-05-24 13:04:46,NEW_SIGNAL,CLUSTER_FORMATION_48H,70
EMG-EVT-00069,30,Ramanathapuram,2025-11-16 18:41:20,CORROBORATED,ANOMALY_CLEARED,79
EMG-EVT-00070,17,Chengalpattu,2025-01-15 08:46:21,UNVERIFIED,MULTI_SOURCE_CONVERGENCE,74
EMG-EVT-00071,36,Ranipet,2026-03-01 00:47:33,NEW_SIGNAL,FIRST_TIME_REPORT,78
EMG-EVT-00072,17,Chengalpattu,2025-07-31 05:49:08,CORROBORATED,CLUSTER_FORMATION_48H,75
EMG-EVT-00073,17,Chengalpattu,2025-04-04 07:23:33,UNVERIFIED,MULTI_SOURCE_CONVERGENCE,82
EMG-EVT-00074,12,Thanjavur,2024-10-29 11:15:41,NEW_SIGNAL,MULTI_SOURCE_CONVERGENCE,70
EMG-EVT-00075,34,Nagapattinam,2026-03-09 14:23:10,PERSISTENT,ANOMALY_CLEARED,76
EMG-EVT-00076,24,Nilgiris,2026-08-10 04:07:03,PERSISTENT,FIRST_TIME_REPORT,76
EMG-EVT-00077,8,Erode,2026-02-12 09:55:08,EMERGING,ANOMALY_CLEARED,68
EMG-EVT-00078,7,Tiruppur,2025-07-03 23:52:23,DISMISSED,FIRST_TIME_REPORT,65
EMG-EVT-00079,2,Coimbatore,2025-03-06 13:38:05,DISMISSED,FIRST_TIME_REPORT,77
EMG-EVT-00080,6,Tirunelveli,2026-02-17 14:43:26,PERSISTENT,CLUSTER_FORMATION_48H,69
EMG-EVT-00081,22,Dharmapuri,2026-06-13 14:50:36,UNVERIFIED,MULTI_SOURCE_CONVERGENCE,76
EMG-EVT-00082,2,Coimbatore,2026-04-27 00:48:15,EMERGING,FIRST_TIME_REPORT,71
EMG-EVT-00083,33,Thiruvarur,2026-08-16 00:43:57,CORROBORATED,FIRST_TIME_REPORT,88
EMG-EVT-00084,7,Tiruppur,2025-07-03 15:46:36,UNVERIFIED,FIRST_TIME_REPORT,89
EMG-EVT-00085,21,Kallakurichi,2025-10-06 18:51:40,DISMISSED,FIRST_TIME_REPORT,74
EMG-EVT-00086,29,Sivaganga,2024-10-25 20:03:41,PERSISTENT,MULTI_SOURCE_CONVERGENCE,88
EMG-EVT-00087,8,Erode,2026-04-24 17:22:01,DISMISSED,MULTI_SOURCE_CONVERGENCE,79
EMG-EVT-00088,8,Erode,2026-02-21 23:42:56,CORROBORATED,MULTI_SOURCE_CONVERGENCE,93
EMG-EVT-00089,14,Kanniyakumari,2026-05-26 10:12:57,EMERGING,ANOMALY_CLEARED,75
EMG-EVT-00090,35,Mayiladuthurai,2026-01-24 09:34:36,EMERGING,CLUSTER_FORMATION_48H,84
EMG-EVT-00091,16,Kancheepuram,2025-03-12 11:10:15,NEW_SIGNAL,MULTI_SOURCE_CONVERGENCE,66
EMG-EVT-00092,1,Chennai,2026-03-04 20:08:22,EMERGING,FIRST_TIME_REPORT,75
EMG-EVT-00093,17,Chengalpattu,2025-02-21 14:02:58,UNVERIFIED,CLUSTER_FORMATION_48H,68
EMG-EVT-00094,15,Tenkasi,2025-11-08 14:04:29,EMERGING,FIRST_TIME_REPORT,66
EMG-EVT-00095,4,Salem,2025-12-30 18:33:28,NEW_SIGNAL,FIRST_TIME_REPORT,93
EMG-EVT-00096,15,Tenkasi,2026-07-06 21:47:31,NEW_SIGNAL,MULTI_SOURCE_CONVERGENCE,64
EMG-EVT-00097,31,Virudhunagar,2026-06-30 08:41:55,EMERGING,CLUSTER_FORMATION_48H,92
EMG-EVT-00098,33,Thiruvarur,2025-12-18 14:45:27,CORROBORATED,CLUSTER_FORMATION_48H,85
EMG-EVT-00099,9,Vellore,2026-02-26 04:39:32,EMERGING,CLUSTER_FORMATION_48H,62
EMG-EVT-00100,5,Tiruchirappalli,2026-04-07 23:07:27,UNVERIFIED,ANOMALY_CLEARED,66
EMG-EVT-00101,17,Chengalpattu,2025-10-19 19:34:32,PERSISTENT,FIRST_TIME_REPORT,86
EMG-EVT-00102,29,Sivaganga,2025-01-19 19:49:21,DISMISSED,CLUSTER_FORMATION_48H,72
EMG-EVT-00103,19,Cuddalore,2026-01-09 02:15:41,EMERGING,ANOMALY_CLEARED,81
EMG-EVT-00104,27,Perambalur,2025-06-17 07:58:05,NEW_SIGNAL,MULTI_SOURCE_CONVERGENCE,84
EMG-EVT-00105,21,Kallakurichi,2025-07-02 13:16:07,UNVERIFIED,ANOMALY_CLEARED,66
EMG-EVT-00106,20,Viluppuram,2026-08-10 19:48:12,DISMISSED,FIRST_TIME_REPORT,79
EMG-EVT-00107,28,Pudukkottai,2024-11-18 02:00:37,CORROBORATED,FIRST_TIME_REPORT,90
EMG-EVT-00108,26,Ariyalur,2024-12-11 12:02:22,CORROBORATED,MULTI_SOURCE_CONVERGENCE,62
EMG-EVT-00109,24,Nilgiris,2024-10-05 23:32:34,DISMISSED,FIRST_TIME_REPORT,80
EMG-EVT-00110,38,Tiruvannamalai,2026-02-18 09:43:18,UNVERIFIED,FIRST_TIME_REPORT,87
EMG-EVT-00111,7,Tiruppur,2026-05-16 15:30:06,NEW_SIGNAL,FIRST_TIME_REPORT,78
EMG-EVT-00112,4,Salem,2025-01-02 07:06:44,UNVERIFIED,MULTI_SOURCE_CONVERGENCE,90
EMG-EVT-00113,24,Nilgiris,2025-11-19 11:44:00,UNVERIFIED,MULTI_SOURCE_CONVERGENCE,88
EMG-EVT-00114,27,Perambalur,2025-04-26 15:03:52,UNVERIFIED,MULTI_SOURCE_CONVERGENCE,74
EMG-EVT-00115,12,Thanjavur,2025-01-14 13:43:20,DISMISSED,ANOMALY_CLEARED,81
EMG-EVT-00116,22,Dharmapuri,2024-11-13 11:41:10,DISMISSED,MULTI_SOURCE_CONVERGENCE,65
EMG-EVT-00117,15,Tenkasi,2026-05-31 02:06:14,CORROBORATED,CLUSTER_FORMATION_48H,79
EMG-EVT-00118,3,Madurai,2025-04-10 22:18:31,CORROBORATED,CLUSTER_FORMATION_48H,82
EMG-EVT-00119,21,Kallakurichi,2026-02-14 20:13:17,NEW_SIGNAL,FIRST_TIME_REPORT,69
EMG-EVT-00120,8,Erode,2025-05-12 21:29:05,UNVERIFIED,MULTI_SOURCE_CONVERGENCE,81
EMG-EVT-00121,32,Theni,2024-12-28 18:21:55,NEW_SIGNAL,CLUSTER_FORMATION_48H,84
EMG-EVT-00122,1,Chennai,2026-06-02 11:08:52,CORROBORATED,ANOMALY_CLEARED,92
EMG-EVT-00123,35,Mayiladuthurai,2025-07-15 13:25:43,CORROBORATED,FIRST_TIME_REPORT,77
EMG-EVT-00124,36,Ranipet,2025-04-27 15:38:54,DISMISSED,CLUSTER_FORMATION_48H,62
EMG-EVT-00125,19,Cuddalore,2025-06-09 05:16:46,CORROBORATED,ANOMALY_CLEARED,64
EMG-EVT-00126,2,Coimbatore,2025-11-07 02:05:01,UNVERIFIED,FIRST_TIME_REPORT,70
EMG-EVT-00127,36,Ranipet,2026-05-08 17:49:28,EMERGING,MULTI_SOURCE_CONVERGENCE,66
EMG-EVT-00128,37,Tirupathur,2024-09-27 18:59:20,UNVERIFIED,FIRST_TIME_REPORT,93
EMG-EVT-00129,34,Nagapattinam,2025-07-03 01:26:08,PERSISTENT,CLUSTER_FORMATION_48H,74
EMG-EVT-00130,22,Dharmapuri,2025-01-12 12:51:21,CORROBORATED,MULTI_SOURCE_CONVERGENCE,69
EMG-EVT-00131,15,Tenkasi,2025-05-26 15:02:32,CORROBORATED,CLUSTER_FORMATION_48H,93
EMG-EVT-00132,12,Thanjavur,2025-09-14 09:27:13,DISMISSED,FIRST_TIME_REPORT,71
EMG-EVT-00133,23,Namakkal,2025-06-01 12:35:10,EMERGING,FIRST_TIME_REPORT,92
EMG-EVT-00134,31,Virudhunagar,2025-09-12 12:58:26,UNVERIFIED,CLUSTER_FORMATION_48H,63
EMG-EVT-00135,32,Theni,2025-12-07 19:52:14,CORROBORATED,MULTI_SOURCE_CONVERGENCE,87
EMG-EVT-00136,6,Tirunelveli,2024-12-17 06:09:32,DISMISSED,MULTI_SOURCE_CONVERGENCE,90
EMG-EVT-00137,1,Chennai,2025-10-12 09:29:55,PERSISTENT,CLUSTER_FORMATION_48H,86
EMG-EVT-00138,20,Viluppuram,2026-02-05 22:30:28,PERSISTENT,ANOMALY_CLEARED,83
EMG-EVT-00139,34,Nagapattinam,2024-12-14 17:58:23,UNVERIFIED,CLUSTER_FORMATION_48H,87
EMG-EVT-00140,38,Tiruvannamalai,2024-12-01 22:17:15,UNVERIFIED,FIRST_TIME_REPORT,87
EMG-EVT-00141,27,Perambalur,2025-12-31 01:42:57,EMERGING,FIRST_TIME_REPORT,86
EMG-EVT-00142,15,Tenkasi,2025-07-26 07:53:44,PERSISTENT,FIRST_TIME_REPORT,70
EMG-EVT-00143,24,Nilgiris,2026-04-19 07:30:51,CORROBORATED,ANOMALY_CLEARED,73
EMG-EVT-00144,12,Thanjavur,2026-01-06 01:37:41,DISMISSED,ANOMALY_CLEARED,77
EMG-EVT-00145,19,Cuddalore,2025-12-14 05:34:46,PERSISTENT,FIRST_TIME_REPORT,63
EMG-EVT-00146,11,Dindigul,2024-12-02 08:21:45,DISMISSED,ANOMALY_CLEARED,83
EMG-EVT-00147,26,Ariyalur,2025-03-06 02:26:28,NEW_SIGNAL,FIRST_TIME_REPORT,72
EMG-EVT-00148,31,Virudhunagar,2025-09-21 22:15:41,DISMISSED,CLUSTER_FORMATION_48H,80
EMG-EVT-00149,21,Kallakurichi,2025-09-09 23:20:56,UNVERIFIED,ANOMALY_CLEARED,62
EMG-EVT-00150,30,Ramanathapuram,2025-08-05 19:10:25,DISMISSED,ANOMALY_CLEARED,89
EMG-EVT-00151,2,Coimbatore,2025-01-17 10:02:05,NEW_SIGNAL,ANOMALY_CLEARED,89
EMG-EVT-00152,28,Pudukkottai,2025-05-19 18:53:53,PERSISTENT,CLUSTER_FORMATION_48H,71
EMG-EVT-00153,36,Ranipet,2025-06-23 22:38:24,DISMISSED,ANOMALY_CLEARED,78
EMG-EVT-00154,33,Thiruvarur,2026-06-02 12:29:51,CORROBORATED,CLUSTER_FORMATION_48H,73
EMG-EVT-00155,27,Perambalur,2025-04-10 02:05:19,CORROBORATED,ANOMALY_CLEARED,77
EMG-EVT-00156,27,Perambalur,2025-06-27 10:38:36,DISMISSED,FIRST_TIME_REPORT,82
EMG-EVT-00157,20,Viluppuram,2025-02-18 14:56:31,UNVERIFIED,CLUSTER_FORMATION_48H,92
EMG-EVT-00158,28,Pudukkottai,2025-06-07 00:40:06,EMERGING,FIRST_TIME_REPORT,71
EMG-EVT-00159,19,Cuddalore,2024-11-29 14:29:03,CORROBORATED,MULTI_SOURCE_CONVERGENCE,69
EMG-EVT-00160,22,Dharmapuri,2026-04-23 09:12:51,EMERGING,CLUSTER_FORMATION_48H,90
EMG-EVT-00161,13,Thoothukudi,2025-04-06 15:55:28,EMERGING,MULTI_SOURCE_CONVERGENCE,71
EMG-EVT-00162,32,Theni,2024-10-14 17:14:19,NEW_SIGNAL,CLUSTER_FORMATION_48H,80
EMG-EVT-00163,34,Nagapattinam,2025-07-06 03:55:54,DISMISSED,ANOMALY_CLEARED,76
EMG-EVT-00164,11,Dindigul,2025-11-06 22:37:16,DISMISSED,CLUSTER_FORMATION_48H,62
EMG-EVT-00165,22,Dharmapuri,2024-12-16 21:17:18,EMERGING,MULTI_SOURCE_CONVERGENCE,65
EMG-EVT-00166,7,Tiruppur,2025-05-29 06:26:18,PERSISTENT,FIRST_TIME_REPORT,94
EMG-EVT-00167,32,Theni,2025-05-28 11:38:23,NEW_SIGNAL,CLUSTER_FORMATION_48H,82
EMG-EVT-00168,3,Madurai,2025-02-14 18:02:15,DISMISSED,ANOMALY_CLEARED,94
EMG-EVT-00169,33,Thiruvarur,2024-12-21 03:37:27,CORROBORATED,CLUSTER_FORMATION_48H,79
EMG-EVT-00170,30,Ramanathapuram,2026-08-11 09:20:53,EMERGING,ANOMALY_CLEARED,69
EMG-EVT-00171,7,Tiruppur,2025-03-19 17:03:01,CORROBORATED,ANOMALY_CLEARED,87
EMG-EVT-00172,29,Sivaganga,2026-02-16 03:26:59,EMERGING,FIRST_TIME_REPORT,93
EMG-EVT-00173,3,Madurai,2026-06-30 16:17:40,EMERGING,CLUSTER_FORMATION_48H,82
EMG-EVT-00174,9,Vellore,2024-11-11 13:50:18,CORROBORATED,FIRST_TIME_REPORT,84
EMG-EVT-00175,13,Thoothukudi,2025-06-06 14:16:45,CORROBORATED,FIRST_TIME_REPORT,79
EMG-EVT-00176,29,Sivaganga,2026-01-19 22:05:58,CORROBORATED,ANOMALY_CLEARED,86
EMG-EVT-00177,24,Nilgiris,2025-04-26 23:52:51,UNVERIFIED,FIRST_TIME_REPORT,67
EMG-EVT-00178,3,Madurai,2026-08-05 13:01:05,CORROBORATED,ANOMALY_CLEARED,65
EMG-EVT-00179,3,Madurai,2025-11-25 01:25:36,EMERGING,MULTI_SOURCE_CONVERGENCE,70
EMG-EVT-00180,17,Chengalpattu,2026-03-06 06:03:45,PERSISTENT,MULTI_SOURCE_CONVERGENCE,82
EMG-EVT-00181,13,Thoothukudi,2025-06-28 13:32:20,CORROBORATED,FIRST_TIME_REPORT,63
EMG-EVT-00182,36,Ranipet,2025-07-18 07:57:58,NEW_SIGNAL,MULTI_SOURCE_CONVERGENCE,68
EMG-EVT-00183,26,Ariyalur,2026-05-24 15:42:25,DISMISSED,MULTI_SOURCE_CONVERGENCE,67
EMG-EVT-00184,6,Tirunelveli,2024-12-05 05:07:38,CORROBORATED,FIRST_TIME_REPORT,77
EMG-EVT-00185,16,Kancheepuram,2025-09-05 13:17:10,EMERGING,CLUSTER_FORMATION_48H,87
EMG-EVT-00186,38,Tiruvannamalai,2024-09-25 03:21:47,DISMISSED,ANOMALY_CLEARED,68
EMG-EVT-00187,19,Cuddalore,2025-02-10 00:18:43,UNVERIFIED,FIRST_TIME_REPORT,82
EMG-EVT-00188,14,Kanniyakumari,2024-11-28 21:04:21,PERSISTENT,CLUSTER_FORMATION_48H,79
EMG-EVT-00189,28,Pudukkottai,2025-07-07 08:58:57,EMERGING,ANOMALY_CLEARED,84
EMG-EVT-00190,23,Namakkal,2024-12-08 13:25:00,CORROBORATED,MULTI_SOURCE_CONVERGENCE,90
EMG-EVT-00191,4,Salem,2026-05-21 09:19:59,CORROBORATED,CLUSTER_FORMATION_48H,67
EMG-EVT-00192,8,Erode,2024-12-15 18:04:03,UNVERIFIED,ANOMALY_CLEARED,63
EMG-EVT-00193,28,Pudukkottai,2024-10-29 16:46:10,CORROBORATED,MULTI_SOURCE_CONVERGENCE,67
EMG-EVT-00194,35,Mayiladuthurai,2025-03-28 22:52:31,EMERGING,MULTI_SOURCE_CONVERGENCE,89
EMG-EVT-00195,9,Vellore,2025-10-22 20:00:50,DISMISSED,MULTI_SOURCE_CONVERGENCE,64
EMG-EVT-00196,31,Virudhunagar,2026-05-13 02:04:06,EMERGING,ANOMALY_CLEARED,83
EMG-EVT-00197,37,Tirupathur,2025-12-23 03:19:32,NEW_SIGNAL,MULTI_SOURCE_CONVERGENCE,79
EMG-EVT-00198,30,Ramanathapuram,2024-10-27 06:57:25,PERSISTENT,MULTI_SOURCE_CONVERGENCE,94
EMG-EVT-00199,34,Nagapattinam,2026-01-12 14:56:01,CORROBORATED,MULTI_SOURCE_CONVERGENCE,73
EMG-EVT-00200,13,Thoothukudi,2025-09-12 22:23:44,NEW_SIGNAL,MULTI_SOURCE_CONVERGENCE,83
EMG-EVT-00201,27,Perambalur,2024-11-22 21:47:16,EMERGING,CLUSTER_FORMATION_48H,78
EMG-EVT-00202,22,Dharmapuri,2026-05-19 05:55:13,PERSISTENT,ANOMALY_CLEARED,90
EMG-EVT-00203,16,Kancheepuram,2025-05-25 15:46:19,UNVERIFIED,ANOMALY_CLEARED,90
EMG-EVT-00204,11,Dindigul,2025-05-13 12:01:27,UNVERIFIED,MULTI_SOURCE_CONVERGENCE,74
EMG-EVT-00205,16,Kancheepuram,2025-07-30 21:58:39,CORROBORATED,MULTI_SOURCE_CONVERGENCE,93
EMG-EVT-00206,16,Kancheepuram,2025-12-11 14:01:12,CORROBORATED,CLUSTER_FORMATION_48H,92
EMG-EVT-00207,29,Sivaganga,2024-11-05 12:15:41,EMERGING,MULTI_SOURCE_CONVERGENCE,93
EMG-EVT-00208,27,Perambalur,2025-04-03 06:43:18,EMERGING,CLUSTER_FORMATION_48H,76
EMG-EVT-00209,16,Kancheepuram,2026-08-13 08:45:26,NEW_SIGNAL,CLUSTER_FORMATION_48H,82
EMG-EVT-00210,14,Kanniyakumari,2026-05-26 15:27:13,CORROBORATED,MULTI_SOURCE_CONVERGENCE,67
EMG-EVT-00211,9,Vellore,2025-01-26 01:19:31,PERSISTENT,FIRST_TIME_REPORT,92
EMG-EVT-00212,7,Tiruppur,2025-08-31 04:33:22,PERSISTENT,ANOMALY_CLEARED,66
EMG-EVT-00213,13,Thoothukudi,2025-05-29 00:09:48,UNVERIFIED,ANOMALY_CLEARED,93
EMG-EVT-00214,13,Thoothukudi,2026-06-11 19:43:18,NEW_SIGNAL,CLUSTER_FORMATION_48H,91
EMG-EVT-00215,37,Tirupathur,2025-06-01 05:49:55,PERSISTENT,ANOMALY_CLEARED,76
EMG-EVT-00216,27,Perambalur,2025-12-20 18:11:20,EMERGING,FIRST_TIME_REPORT,83
EMG-EVT-00217,22,Dharmapuri,2024-10-04 09:39:33,EMERGING,CLUSTER_FORMATION_48H,70
EMG-EVT-00218,2,Coimbatore,2025-09-28 07:44:01,DISMISSED,ANOMALY_CLEARED,93
EMG-EVT-00219,8,Erode,2025-02-19 10:06:34,DISMISSED,ANOMALY_CLEARED,83
EMG-EVT-00220,29,Sivaganga,2025-10-24 17:54:50,CORROBORATED,ANOMALY_CLEARED,90
EMG-EVT-00221,15,Tenkasi,2026-05-02 12:38:49,UNVERIFIED,CLUSTER_FORMATION_48H,90
EMG-EVT-00222,30,Ramanathapuram,2026-06-24 05:59:02,UNVERIFIED,FIRST_TIME_REPORT,65
EMG-EVT-00223,1,Chennai,2025-06-28 12:04:39,EMERGING,CLUSTER_FORMATION_48H,94
EMG-EVT-00224,5,Tiruchirappalli,2025-06-05 18:27:01,PERSISTENT,CLUSTER_FORMATION_48H,85
EMG-EVT-00225,18,Tiruvallur,2025-02-27 14:45:49,UNVERIFIED,MULTI_SOURCE_CONVERGENCE,77
EMG-EVT-00226,17,Chengalpattu,2024-09-25 20:41:44,CORROBORATED,CLUSTER_FORMATION_48H,69
EMG-EVT-00227,4,Salem,2025-12-18 00:38:04,EMERGING,ANOMALY_CLEARED,73
EMG-EVT-00228,9,Vellore,2025-09-12 14:45:16,PERSISTENT,CLUSTER_FORMATION_48H,74
EMG-EVT-00229,14,Kanniyakumari,2025-07-11 21:48:59,EMERGING,FIRST_TIME_REPORT,90
EMG-EVT-00230,31,Virudhunagar,2024-10-25 11:49:00,UNVERIFIED,CLUSTER_FORMATION_48H,81
EMG-EVT-00231,21,Kallakurichi,2025-08-08 12:01:31,DISMISSED,ANOMALY_CLEARED,90
EMG-EVT-00232,17,Chengalpattu,2026-02-09 23:21:31,DISMISSED,MULTI_SOURCE_CONVERGENCE,86
EMG-EVT-00233,36,Ranipet,2026-01-06 19:01:57,DISMISSED,CLUSTER_FORMATION_48H,86
EMG-EVT-00234,10,Krishnagiri,2025-07-04 12:30:14,PERSISTENT,CLUSTER_FORMATION_48H,84
EMG-EVT-00235,2,Coimbatore,2025-11-10 05:13:13,NEW_SIGNAL,MULTI_SOURCE_CONVERGENCE,87
EMG-EVT-00236,20,Viluppuram,2025-01-04 08:02:13,DISMISSED,FIRST_TIME_REPORT,82
EMG-EVT-00237,22,Dharmapuri,2025-11-21 09:20:58,CORROBORATED,CLUSTER_FORMATION_48H,65
EMG-EVT-00238,37,Tirupathur,2025-05-18 19:35:24,DISMISSED,ANOMALY_CLEARED,83
EMG-EVT-00239,4,Salem,2025-12-16 19:43:22,DISMISSED,ANOMALY_CLEARED,66
EMG-EVT-00240,17,Chengalpattu,2024-11-16 18:31:11,EMERGING,MULTI_SOURCE_CONVERGENCE,69
EMG-EVT-00241,10,Krishnagiri,2025-03-30 17:21:07,DISMISSED,FIRST_TIME_REPORT,79
EMG-EVT-00242,21,Kallakurichi,2026-01-03 07:33:21,CORROBORATED,FIRST_TIME_REPORT,73
EMG-EVT-00243,3,Madurai,2026-07-25 14:09:59,EMERGING,MULTI_SOURCE_CONVERGENCE,73
EMG-EVT-00244,5,Tiruchirappalli,2026-07-29 12:04:36,UNVERIFIED,MULTI_SOURCE_CONVERGENCE,76
EMG-EVT-00245,3,Madurai,2025-01-13 10:36:11,UNVERIFIED,FIRST_TIME_REPORT,63
EMG-EVT-00246,25,Karur,2026-05-20 04:11:51,CORROBORATED,ANOMALY_CLEARED,70
EMG-EVT-00247,37,Tirupathur,2025-02-04 07:18:26,CORROBORATED,FIRST_TIME_REPORT,75
EMG-EVT-00248,9,Vellore,2025-06-15 21:03:21,CORROBORATED,MULTI_SOURCE_CONVERGENCE,66
EMG-EVT-00249,6,Tirunelveli,2026-07-20 12:26:12,NEW_SIGNAL,ANOMALY_CLEARED,91
EMG-EVT-00250,8,Erode,2025-12-16 01:39:56,CORROBORATED,CLUSTER_FORMATION_48H,77
EMG-EVT-00251,20,Viluppuram,2025-08-02 05:04:17,EMERGING,MULTI_SOURCE_CONVERGENCE,68
EMG-EVT-00252,15,Tenkasi,2025-08-03 03:58:02,CORROBORATED,ANOMALY_CLEARED,66
EMG-EVT-00253,37,Tirupathur,2025-03-29 09:10:02,CORROBORATED,FIRST_TIME_REPORT,64
EMG-EVT-00254,22,Dharmapuri,2024-11-28 01:57:13,PERSISTENT,CLUSTER_FORMATION_48H,89
EMG-EVT-00255,5,Tiruchirappalli,2025-01-16 18:35:19,EMERGING,FIRST_TIME_REPORT,69
EMG-EVT-00256,19,Cuddalore,2026-01-09 23:06:57,PERSISTENT,ANOMALY_CLEARED,64
EMG-EVT-00257,27,Perambalur,2026-04-12 20:18:25,NEW_SIGNAL,FIRST_TIME_REPORT,94
EMG-EVT-00258,17,Chengalpattu,2025-09-11 04:16:18,EMERGING,MULTI_SOURCE_CONVERGENCE,83
EMG-EVT-00259,35,Mayiladuthurai,2026-06-20 20:13:50,NEW_SIGNAL,FIRST_TIME_REPORT,75
EMG-EVT-00260,19,Cuddalore,2026-05-26 00:19:20,PERSISTENT,ANOMALY_CLEARED,63
EMG-EVT-00261,11,Dindigul,2024-10-14 17:42:33,PERSISTENT,MULTI_SOURCE_CONVERGENCE,62
EMG-EVT-00262,24,Nilgiris,2026-06-27 00:35:32,EMERGING,CLUSTER_FORMATION_48H,64
EMG-EVT-00263,29,Sivaganga,2025-11-17 10:03:46,CORROBORATED,CLUSTER_FORMATION_48H,68
EMG-EVT-00264,22,Dharmapuri,2026-08-17 19:47:42,UNVERIFIED,CLUSTER_FORMATION_48H,85
EMG-EVT-00265,11,Dindigul,2024-10-08 05:26:11,PERSISTENT,CLUSTER_FORMATION_48H,90
EMG-EVT-00266,23,Namakkal,2025-10-06 09:05:48,EMERGING,MULTI_SOURCE_CONVERGENCE,90
EMG-EVT-00267,35,Mayiladuthurai,2026-06-16 07:18:42,CORROBORATED,MULTI_SOURCE_CONVERGENCE,81
EMG-EVT-00268,2,Coimbatore,2024-11-24 07:48:39,PERSISTENT,FIRST_TIME_REPORT,84
EMG-EVT-00269,20,Viluppuram,2024-10-16 08:44:54,DISMISSED,ANOMALY_CLEARED,90
EMG-EVT-00270,11,Dindigul,2025-11-23 15:46:49,CORROBORATED,CLUSTER_FORMATION_48H,73
EMG-EVT-00271,19,Cuddalore,2025-10-19 18:33:10,UNVERIFIED,MULTI_SOURCE_CONVERGENCE,72
EMG-EVT-00272,2,Coimbatore,2025-12-18 08:16:48,CORROBORATED,CLUSTER_FORMATION_48H,87
EMG-EVT-00273,19,Cuddalore,2026-06-17 13:38:47,DISMISSED,ANOMALY_CLEARED,73
EMG-EVT-00274,34,Nagapattinam,2026-03-15 23:29:48,CORROBORATED,ANOMALY_CLEARED,93
EMG-EVT-00275,32,Theni,2026-07-23 04:01:18,DISMISSED,FIRST_TIME_REPORT,73
EMG-EVT-00276,14,Kanniyakumari,2025-11-05 07:51:16,PERSISTENT,MULTI_SOURCE_CONVERGENCE,63
EMG-EVT-00277,13,Thoothukudi,2024-11-16 16:46:58,EMERGING,CLUSTER_FORMATION_48H,74
EMG-EVT-00278,13,Thoothukudi,2026-02-17 09:50:02,UNVERIFIED,FIRST_TIME_REPORT,68
EMG-EVT-00279,24,Nilgiris,2026-05-31 17:33:43,EMERGING,MULTI_SOURCE_CONVERGENCE,73
EMG-EVT-00280,27,Perambalur,2025-04-16 00:39:13,UNVERIFIED,MULTI_SOURCE_CONVERGENCE,65
EMG-EVT-00281,15,Tenkasi,2024-12-12 15:54:15,PERSISTENT,MULTI_SOURCE_CONVERGENCE,90
EMG-EVT-00282,21,Kallakurichi,2025-09-22 15:44:11,NEW_SIGNAL,ANOMALY_CLEARED,74
EMG-EVT-00283,36,Ranipet,2025-05-17 05:40:31,DISMISSED,ANOMALY_CLEARED,94
EMG-EVT-00284,37,Tirupathur,2026-04-28 08:17:39,CORROBORATED,ANOMALY_CLEARED,88
EMG-EVT-00285,27,Perambalur,2025-06-07 17:44:15,NEW_SIGNAL,ANOMALY_CLEARED,89
EMG-EVT-00286,29,Sivaganga,2025-11-09 03:29:28,EMERGING,FIRST_TIME_REPORT,82
EMG-EVT-00287,4,Salem,2024-10-22 22:41:51,CORROBORATED,ANOMALY_CLEARED,83
EMG-EVT-00288,24,Nilgiris,2026-05-07 12:48:47,EMERGING,MULTI_SOURCE_CONVERGENCE,88
EMG-EVT-00289,10,Krishnagiri,2026-01-15 22:37:20,NEW_SIGNAL,ANOMALY_CLEARED,88
EMG-EVT-00290,32,Theni,2024-10-14 22:13:57,EMERGING,CLUSTER_FORMATION_48H,65
EMG-EVT-00291,37,Tirupathur,2025-05-20 05:36:08,CORROBORATED,FIRST_TIME_REPORT,70
EMG-EVT-00292,18,Tiruvallur,2026-05-10 20:10:00,CORROBORATED,CLUSTER_FORMATION_48H,76
EMG-EVT-00293,17,Chengalpattu,2026-08-13 18:29:00,EMERGING,FIRST_TIME_REPORT,92
EMG-EVT-00294,11,Dindigul,2026-05-04 21:29:37,CORROBORATED,MULTI_SOURCE_CONVERGENCE,86
EMG-EVT-00295,33,Thiruvarur,2026-05-15 05:11:19,EMERGING,ANOMALY_CLEARED,64
EMG-EVT-00296,10,Krishnagiri,2025-12-18 22:44:50,DISMISSED,MULTI_SOURCE_CONVERGENCE,84
EMG-EVT-00297,17,Chengalpattu,2026-01-15 21:08:05,UNVERIFIED,ANOMALY_CLEARED,63
EMG-EVT-00298,5,Tiruchirappalli,2025-04-16 04:34:09,UNVERIFIED,ANOMALY_CLEARED,83
EMG-EVT-00299,2,Coimbatore,2026-03-03 20:06:48,EMERGING,MULTI_SOURCE_CONVERGENCE,73
EMG-EVT-00300,22,Dharmapuri,2026-03-20 20:26:35,DISMISSED,MULTI_SOURCE_CONVERGENCE,93
EMG-EVT-00301,34,Nagapattinam,2026-03-29 02:38:45,DISMISSED,FIRST_TIME_REPORT,81
EMG-EVT-00302,14,Kanniyakumari,2025-03-10 07:19:46,DISMISSED,CLUSTER_FORMATION_48H,75
EMG-EVT-00303,32,Theni,2025-03-21 01:50:16,DISMISSED,CLUSTER_FORMATION_48H,69
EMG-EVT-00304,12,Thanjavur,2025-11-18 09:16:44,UNVERIFIED,ANOMALY_CLEARED,94
EMG-EVT-00305,25,Karur,2026-03-06 11:49:00,CORROBORATED,CLUSTER_FORMATION_48H,67
EMG-EVT-00306,26,Ariyalur,2025-02-18 07:41:24,NEW_SIGNAL,MULTI_SOURCE_CONVERGENCE,76
EMG-EVT-00307,17,Chengalpattu,2025-10-21 03:12:46,DISMISSED,MULTI_SOURCE_CONVERGENCE,83
EMG-EVT-00308,27,Perambalur,2025-07-07 15:20:34,UNVERIFIED,MULTI_SOURCE_CONVERGENCE,89
EMG-EVT-00309,10,Krishnagiri,2026-07-16 13:46:58,UNVERIFIED,ANOMALY_CLEARED,63
EMG-EVT-00310,29,Sivaganga,2025-08-29 07:17:02,EMERGING,FIRST_TIME_REPORT,87
EMG-EVT-00311,11,Dindigul,2026-01-22 00:04:27,CORROBORATED,MULTI_SOURCE_CONVERGENCE,62
EMG-EVT-00312,28,Pudukkottai,2025-08-08 20:30:18,DISMISSED,MULTI_SOURCE_CONVERGENCE,84
EMG-EVT-00313,29,Sivaganga,2025-06-22 08:19:16,UNVERIFIED,FIRST_TIME_REPORT,80
EMG-EVT-00314,5,Tiruchirappalli,2025-05-13 08:50:24,PERSISTENT,CLUSTER_FORMATION_48H,73
EMG-EVT-00315,28,Pudukkottai,2024-12-22 00:19:38,DISMISSED,MULTI_SOURCE_CONVERGENCE,78
EMG-EVT-00316,26,Ariyalur,2025-11-07 05:40:41,PERSISTENT,ANOMALY_CLEARED,69
EMG-EVT-00317,14,Kanniyakumari,2026-06-04 17:51:57,NEW_SIGNAL,CLUSTER_FORMATION_48H,94
EMG-EVT-00318,13,Thoothukudi,2026-06-17 03:46:30,UNVERIFIED,FIRST_TIME_REPORT,76
EMG-EVT-00319,35,Mayiladuthurai,2026-06-21 22:39:01,CORROBORATED,CLUSTER_FORMATION_48H,81
EMG-EVT-00320,25,Karur,2024-12-04 02:53:23,UNVERIFIED,FIRST_TIME_REPORT,64
EMG-EVT-00321,20,Viluppuram,2024-11-20 11:56:52,UNVERIFIED,ANOMALY_CLEARED,89
EMG-EVT-00322,22,Dharmapuri,2025-05-10 00:19:09,UNVERIFIED,FIRST_TIME_REPORT,94
EMG-EVT-00323,36,Ranipet,2026-01-13 19:01:26,EMERGING,ANOMALY_CLEARED,85
EMG-EVT-00324,6,Tirunelveli,2024-10-04 14:21:44,CORROBORATED,MULTI_SOURCE_CONVERGENCE,83
EMG-EVT-00325,8,Erode,2026-06-28 21:10:11,CORROBORATED,CLUSTER_FORMATION_48H,68
EMG-EVT-00326,25,Karur,2025-10-07 22:22:57,CORROBORATED,ANOMALY_CLEARED,64
EMG-EVT-00327,24,Nilgiris,2024-12-21 04:59:36,DISMISSED,ANOMALY_CLEARED,64
EMG-EVT-00328,23,Namakkal,2025-05-29 20:31:50,PERSISTENT,CLUSTER_FORMATION_48H,88
EMG-EVT-00329,25,Karur,2026-03-15 07:49:38,PERSISTENT,FIRST_TIME_REPORT,65
EMG-EVT-00330,32,Theni,2024-11-08 03:15:04,NEW_SIGNAL,ANOMALY_CLEARED,83
EMG-EVT-00331,12,Thanjavur,2026-04-23 07:02:27,NEW_SIGNAL,FIRST_TIME_REPORT,70
EMG-EVT-00332,34,Nagapattinam,2026-04-10 15:39:53,DISMISSED,CLUSTER_FORMATION_48H,65
EMG-EVT-00333,27,Perambalur,2025-04-06 06:00:13,EMERGING,MULTI_SOURCE_CONVERGENCE,84
EMG-EVT-00334,11,Dindigul,2025-12-27 02:30:29,PERSISTENT,ANOMALY_CLEARED,80
EMG-EVT-00335,6,Tirunelveli,2026-07-15 08:25:21,NEW_SIGNAL,CLUSTER_FORMATION_48H,74
EMG-EVT-00336,20,Viluppuram,2026-01-03 06:53:59,NEW_SIGNAL,ANOMALY_CLEARED,76
EMG-EVT-00337,22,Dharmapuri,2025-05-14 02:17:01,UNVERIFIED,CLUSTER_FORMATION_48H,69
EMG-EVT-00338,15,Tenkasi,2025-05-05 23:50:38,EMERGING,CLUSTER_FORMATION_48H,66
EMG-EVT-00339,36,Ranipet,2025-01-04 21:46:16,CORROBORATED,MULTI_SOURCE_CONVERGENCE,64
EMG-EVT-00340,8,Erode,2026-05-19 16:19:25,UNVERIFIED,FIRST_TIME_REPORT,70
EMG-EVT-00341,22,Dharmapuri,2024-11-16 18:08:02,UNVERIFIED,ANOMALY_CLEARED,92
EMG-EVT-00342,28,Pudukkottai,2025-05-27 04:59:00,EMERGING,CLUSTER_FORMATION_48H,86
EMG-EVT-00343,10,Krishnagiri,2025-11-18 02:12:15,EMERGING,MULTI_SOURCE_CONVERGENCE,93
EMG-EVT-00344,18,Tiruvallur,2025-04-27 07:31:15,EMERGING,CLUSTER_FORMATION_48H,77
EMG-EVT-00345,31,Virudhunagar,2024-11-24 02:00:15,CORROBORATED,FIRST_TIME_REPORT,68
EMG-EVT-00346,2,Coimbatore,2026-02-20 20:32:24,DISMISSED,ANOMALY_CLEARED,93
EMG-EVT-00347,34,Nagapattinam,2025-06-07 02:47:40,DISMISSED,CLUSTER_FORMATION_48H,93
EMG-EVT-00348,35,Mayiladuthurai,2025-01-31 16:59:04,CORROBORATED,ANOMALY_CLEARED,73
EMG-EVT-00349,22,Dharmapuri,2025-08-05 08:49:10,DISMISSED,ANOMALY_CLEARED,83
EMG-EVT-00350,4,Salem,2026-07-15 22:54:50,PERSISTENT,MULTI_SOURCE_CONVERGENCE,90
EMG-EVT-00351,9,Vellore,2025-07-05 06:31:24,CORROBORATED,FIRST_TIME_REPORT,67
EMG-EVT-00352,34,Nagapattinam,2026-05-28 17:13:02,NEW_SIGNAL,ANOMALY_CLEARED,64
EMG-EVT-00353,27,Perambalur,2026-03-07 07:47:28,DISMISSED,CLUSTER_FORMATION_48H,72
EMG-EVT-00354,36,Ranipet,2026-04-16 00:51:13,EMERGING,CLUSTER_FORMATION_48H,90
EMG-EVT-00355,28,Pudukkottai,2026-07-26 23:59:45,EMERGING,FIRST_TIME_REPORT,75
EMG-EVT-00356,10,Krishnagiri,2025-05-23 09:22:20,CORROBORATED,CLUSTER_FORMATION_48H,75
EMG-EVT-00357,20,Viluppuram,2025-07-29 03:40:00,EMERGING,FIRST_TIME_REPORT,71
EMG-EVT-00358,5,Tiruchirappalli,2025-03-13 01:01:30,CORROBORATED,CLUSTER_FORMATION_48H,63
EMG-EVT-00359,9,Vellore,2025-04-01 05:29:07,DISMISSED,MULTI_SOURCE_CONVERGENCE,65
EMG-EVT-00360,18,Tiruvallur,2024-11-16 11:45:18,DISMISSED,FIRST_TIME_REPORT,76
EMG-EVT-00361,7,Tiruppur,2026-01-27 09:58:36,UNVERIFIED,ANOMALY_CLEARED,65
EMG-EVT-00362,13,Thoothukudi,2026-02-14 11:21:59,UNVERIFIED,FIRST_TIME_REPORT,82
EMG-EVT-00363,28,Pudukkottai,2025-07-28 11:38:56,CORROBORATED,ANOMALY_CLEARED,70
EMG-EVT-00364,15,Tenkasi,2024-11-27 21:49:35,DISMISSED,ANOMALY_CLEARED,62
EMG-EVT-00365,18,Tiruvallur,2026-06-13 09:39:08,EMERGING,MULTI_SOURCE_CONVERGENCE,79
EMG-EVT-00366,7,Tiruppur,2026-06-15 11:42:26,UNVERIFIED,CLUSTER_FORMATION_48H,65
EMG-EVT-00367,2,Coimbatore,2025-08-12 04:14:00,DISMISSED,CLUSTER_FORMATION_48H,67
EMG-EVT-00368,28,Pudukkottai,2025-11-19 01:41:05,NEW_SIGNAL,ANOMALY_CLEARED,83
EMG-EVT-00369,25,Karur,2026-02-28 07:00:33,DISMISSED,FIRST_TIME_REPORT,73
EMG-EVT-00370,27,Perambalur,2026-07-31 09:43:06,CORROBORATED,MULTI_SOURCE_CONVERGENCE,93
EMG-EVT-00371,20,Viluppuram,2024-09-28 01:49:04,PERSISTENT,CLUSTER_FORMATION_48H,69
EMG-EVT-00372,16,Kancheepuram,2025-05-28 23:23:33,NEW_SIGNAL,FIRST_TIME_REPORT,68
EMG-EVT-00373,28,Pudukkottai,2024-10-21 13:59:06,UNVERIFIED,MULTI_SOURCE_CONVERGENCE,72
EMG-EVT-00374,36,Ranipet,2026-02-26 13:45:01,EMERGING,CLUSTER_FORMATION_48H,88
EMG-EVT-00375,18,Tiruvallur,2024-12-03 03:05:25,PERSISTENT,FIRST_TIME_REPORT,72
EMG-EVT-00376,18,Tiruvallur,2024-11-03 04:22:10,NEW_SIGNAL,ANOMALY_CLEARED,93
EMG-EVT-00377,24,Nilgiris,2026-07-29 19:54:43,DISMISSED,CLUSTER_FORMATION_48H,72
EMG-EVT-00378,24,Nilgiris,2026-01-31 02:13:34,EMERGING,FIRST_TIME_REPORT,65
EMG-EVT-00379,2,Coimbatore,2025-10-13 00:44:56,DISMISSED,MULTI_SOURCE_CONVERGENCE,69
EMG-EVT-00380,21,Kallakurichi,2026-02-28 17:30:21,CORROBORATED,FIRST_TIME_REPORT,70
EMG-EVT-00381,15,Tenkasi,2025-06-04 06:12:22,UNVERIFIED,FIRST_TIME_REPORT,72
EMG-EVT-00382,1,Chennai,2025-09-15 21:51:27,UNVERIFIED,ANOMALY_CLEARED,86
EMG-EVT-00383,11,Dindigul,2026-04-02 06:20:42,EMERGING,FIRST_TIME_REPORT,64
EMG-EVT-00384,37,Tirupathur,2025-09-30 16:34:57,NEW_SIGNAL,CLUSTER_FORMATION_48H,80
EMG-EVT-00385,27,Perambalur,2025-05-30 08:47:41,NEW_SIGNAL,ANOMALY_CLEARED,93
EMG-EVT-00386,18,Tiruvallur,2026-03-07 03:45:25,PERSISTENT,CLUSTER_FORMATION_48H,80
EMG-EVT-00387,24,Nilgiris,2025-12-18 18:34:55,UNVERIFIED,ANOMALY_CLEARED,79
EMG-EVT-00388,24,Nilgiris,2025-05-22 00:47:41,UNVERIFIED,ANOMALY_CLEARED,88
EMG-EVT-00389,14,Kanniyakumari,2026-08-10 01:55:03,DISMISSED,ANOMALY_CLEARED,85
EMG-EVT-00390,36,Ranipet,2026-03-21 22:15:53,UNVERIFIED,ANOMALY_CLEARED,85
EMG-EVT-00391,22,Dharmapuri,2026-04-20 22:16:00,CORROBORATED,FIRST_TIME_REPORT,93
EMG-EVT-00392,29,Sivaganga,2025-01-19 14:59:50,PERSISTENT,ANOMALY_CLEARED,91
EMG-EVT-00393,15,Tenkasi,2026-05-29 11:01:46,NEW_SIGNAL,MULTI_SOURCE_CONVERGENCE,89
EMG-EVT-00394,30,Ramanathapuram,2025-01-15 22:45:05,PERSISTENT,MULTI_SOURCE_CONVERGENCE,77
EMG-EVT-00395,29,Sivaganga,2026-01-10 02:42:32,UNVERIFIED,MULTI_SOURCE_CONVERGENCE,83
EMG-EVT-00396,2,Coimbatore,2024-10-23 20:11:12,UNVERIFIED,MULTI_SOURCE_CONVERGENCE,88
EMG-EVT-00397,23,Namakkal,2026-02-14 01:13:21,CORROBORATED,ANOMALY_CLEARED,83
EMG-EVT-00398,11,Dindigul,2024-10-25 07:39:00,EMERGING,FIRST_TIME_REPORT,87
EMG-EVT-00399,4,Salem,2025-08-09 03:23:14,EMERGING,CLUSTER_FORMATION_48H,75
EMG-EVT-00400,12,Thanjavur,2026-07-09 20:39:19,DISMISSED,MULTI_SOURCE_CONVERGENCE,67
EMG-EVT-00401,17,Chengalpattu,2026-07-11 13:44:49,CORROBORATED,ANOMALY_CLEARED,71
EMG-EVT-00402,36,Ranipet,2025-08-09 02:11:30,DISMISSED,FIRST_TIME_REPORT,76
EMG-EVT-00403,38,Tiruvannamalai,2025-05-14 15:43:30,UNVERIFIED,ANOMALY_CLEARED,88
EMG-EVT-00404,1,Chennai,2025-09-10 04:08:36,CORROBORATED,MULTI_SOURCE_CONVERGENCE,79
EMG-EVT-00405,27,Perambalur,2024-11-06 01:29:02,NEW_SIGNAL,CLUSTER_FORMATION_48H,84
EMG-EVT-00406,5,Tiruchirappalli,2024-12-02 03:50:30,PERSISTENT,MULTI_SOURCE_CONVERGENCE,79
EMG-EVT-00407,26,Ariyalur,2025-12-01 21:22:48,NEW_SIGNAL,ANOMALY_CLEARED,70
EMG-EVT-00408,10,Krishnagiri,2026-03-17 03:06:32,NEW_SIGNAL,ANOMALY_CLEARED,85
EMG-EVT-00409,14,Kanniyakumari,2025-07-23 09:43:42,CORROBORATED,CLUSTER_FORMATION_48H,65
EMG-EVT-00410,3,Madurai,2025-11-11 13:11:31,NEW_SIGNAL,FIRST_TIME_REPORT,66
EMG-EVT-00411,4,Salem,2025-02-23 23:05:28,CORROBORATED,FIRST_TIME_REPORT,81
EMG-EVT-00412,23,Namakkal,2025-02-18 12:35:17,DISMISSED,ANOMALY_CLEARED,87
EMG-EVT-00413,3,Madurai,2026-02-05 12:15:36,PERSISTENT,CLUSTER_FORMATION_48H,69
EMG-EVT-00414,19,Cuddalore,2024-12-23 04:01:22,CORROBORATED,MULTI_SOURCE_CONVERGENCE,72
EMG-EVT-00415,22,Dharmapuri,2025-08-08 11:50:29,EMERGING,ANOMALY_CLEARED,85
EMG-EVT-00416,19,Cuddalore,2024-10-14 12:59:22,UNVERIFIED,FIRST_TIME_REPORT,82
EMG-EVT-00417,3,Madurai,2025-10-12 19:33:16,UNVERIFIED,CLUSTER_FORMATION_48H,87
EMG-EVT-00418,34,Nagapattinam,2025-12-29 03:20:25,UNVERIFIED,CLUSTER_FORMATION_48H,64
EMG-EVT-00419,32,Theni,2025-09-26 13:56:30,EMERGING,FIRST_TIME_REPORT,93
EMG-EVT-00420,20,Viluppuram,2025-05-20 13:02:35,PERSISTENT,CLUSTER_FORMATION_48H,79
EMG-EVT-00421,9,Vellore,2025-02-17 01:06:53,UNVERIFIED,ANOMALY_CLEARED,93
EMG-EVT-00422,33,Thiruvarur,2026-05-25 02:58:32,CORROBORATED,MULTI_SOURCE_CONVERGENCE,80
EMG-EVT-00423,34,Nagapattinam,2024-12-10 14:26:46,UNVERIFIED,FIRST_TIME_REPORT,93
EMG-EVT-00424,4,Salem,2026-07-14 09:21:21,DISMISSED,CLUSTER_FORMATION_48H,94
EMG-EVT-00425,8,Erode,2024-10-01 09:07:14,UNVERIFIED,MULTI_SOURCE_CONVERGENCE,70
EMG-EVT-00426,22,Dharmapuri,2025-02-28 08:13:50,EMERGING,FIRST_TIME_REPORT,73
EMG-EVT-00427,31,Virudhunagar,2026-06-27 04:12:46,CORROBORATED,ANOMALY_CLEARED,73
EMG-EVT-00428,8,Erode,2025-09-12 05:57:32,DISMISSED,ANOMALY_CLEARED,88
EMG-EVT-00429,27,Perambalur,2025-08-01 15:54:25,UNVERIFIED,CLUSTER_FORMATION_48H,69
EMG-EVT-00430,36,Ranipet,2025-11-09 16:42:37,PERSISTENT,CLUSTER_FORMATION_48H,94
EMG-EVT-00431,32,Theni,2024-12-27 18:23:55,DISMISSED,FIRST_TIME_REPORT,71
EMG-EVT-00432,32,Theni,2025-10-07 22:31:37,DISMISSED,CLUSTER_FORMATION_48H,83
EMG-EVT-00433,16,Kancheepuram,2025-01-27 12:26:38,NEW_SIGNAL,CLUSTER_FORMATION_48H,78
EMG-EVT-00434,5,Tiruchirappalli,2025-03-14 21:10:12,UNVERIFIED,FIRST_TIME_REPORT,62
EMG-EVT-00435,31,Virudhunagar,2026-04-09 02:20:59,DISMISSED,ANOMALY_CLEARED,62
EMG-EVT-00436,32,Theni,2025-05-19 23:44:54,CORROBORATED,CLUSTER_FORMATION_48H,68
EMG-EVT-00437,30,Ramanathapuram,2025-05-05 12:07:34,NEW_SIGNAL,CLUSTER_FORMATION_48H,84
EMG-EVT-00438,25,Karur,2025-07-06 09:33:31,UNVERIFIED,CLUSTER_FORMATION_48H,94
EMG-EVT-00439,6,Tirunelveli,2024-11-22 16:06:37,PERSISTENT,CLUSTER_FORMATION_48H,82
EMG-EVT-00440,22,Dharmapuri,2025-02-02 21:53:37,PERSISTENT,FIRST_TIME_REPORT,84
EMG-EVT-00441,21,Kallakurichi,2025-04-16 01:00:50,EMERGING,CLUSTER_FORMATION_48H,87
EMG-EVT-00442,17,Chengalpattu,2025-01-31 16:39:56,CORROBORATED,ANOMALY_CLEARED,82
EMG-EVT-00443,11,Dindigul,2025-08-25 15:19:57,NEW_SIGNAL,ANOMALY_CLEARED,94
EMG-EVT-00444,7,Tiruppur,2025-12-26 05:17:41,CORROBORATED,FIRST_TIME_REPORT,94
EMG-EVT-00445,13,Thoothukudi,2025-03-04 11:08:27,EMERGING,MULTI_SOURCE_CONVERGENCE,67
EMG-EVT-00446,30,Ramanathapuram,2025-01-22 01:07:23,UNVERIFIED,FIRST_TIME_REPORT,74
EMG-EVT-00447,16,Kancheepuram,2024-12-04 20:12:03,NEW_SIGNAL,FIRST_TIME_REPORT,91
EMG-EVT-00448,3,Madurai,2026-05-02 17:14:17,UNVERIFIED,CLUSTER_FORMATION_48H,91
EMG-EVT-00449,13,Thoothukudi,2024-09-24 08:54:36,EMERGING,MULTI_SOURCE_CONVERGENCE,67
EMG-EVT-00450,10,Krishnagiri,2025-08-15 23:38:22,PERSISTENT,CLUSTER_FORMATION_48H,84
EMG-EVT-00451,26,Ariyalur,2025-10-03 15:48:28,EMERGING,MULTI_SOURCE_CONVERGENCE,76
EMG-EVT-00452,18,Tiruvallur,2026-03-12 21:04:16,NEW_SIGNAL,MULTI_SOURCE_CONVERGENCE,80
EMG-EVT-00453,26,Ariyalur,2025-03-24 20:56:56,PERSISTENT,FIRST_TIME_REPORT,78
EMG-EVT-00454,27,Perambalur,2026-07-07 07:21:42,UNVERIFIED,MULTI_SOURCE_CONVERGENCE,67
EMG-EVT-00455,12,Thanjavur,2025-09-24 22:59:48,PERSISTENT,MULTI_SOURCE_CONVERGENCE,72
EMG-EVT-00456,18,Tiruvallur,2026-07-08 14:11:34,NEW_SIGNAL,ANOMALY_CLEARED,86
EMG-EVT-00457,14,Kanniyakumari,2025-05-15 08:56:02,CORROBORATED,CLUSTER_FORMATION_48H,74
EMG-EVT-00458,4,Salem,2024-12-02 21:52:51,PERSISTENT,FIRST_TIME_REPORT,86
EMG-EVT-00459,16,Kancheepuram,2025-07-02 21:05:05,CORROBORATED,CLUSTER_FORMATION_48H,75
EMG-EVT-00460,36,Ranipet,2024-12-12 08:52:44,DISMISSED,MULTI_SOURCE_CONVERGENCE,66
EMG-EVT-00461,8,Erode,2025-09-15 21:27:47,DISMISSED,CLUSTER_FORMATION_48H,94
EMG-EVT-00462,9,Vellore,2025-03-04 17:21:28,PERSISTENT,ANOMALY_CLEARED,63
EMG-EVT-00463,38,Tiruvannamalai,2025-10-16 22:45:49,UNVERIFIED,FIRST_TIME_REPORT,74
EMG-EVT-00464,26,Ariyalur,2026-06-13 18:08:48,CORROBORATED,CLUSTER_FORMATION_48H,73
EMG-EVT-00465,21,Kallakurichi,2026-07-31 23:58:14,NEW_SIGNAL,CLUSTER_FORMATION_48H,73
EMG-EVT-00466,15,Tenkasi,2025-11-21 20:52:57,DISMISSED,FIRST_TIME_REPORT,64
EMG-EVT-00467,27,Perambalur,2026-08-03 03:14:28,NEW_SIGNAL,ANOMALY_CLEARED,69
EMG-EVT-00468,7,Tiruppur,2026-08-10 15:51:34,EMERGING,FIRST_TIME_REPORT,83
EMG-EVT-00469,32,Theni,2026-03-07 20:13:04,UNVERIFIED,MULTI_SOURCE_CONVERGENCE,74
EMG-EVT-00470,8,Erode,2026-01-31 13:12:10,CORROBORATED,MULTI_SOURCE_CONVERGENCE,74
EMG-EVT-00471,30,Ramanathapuram,2025-05-17 15:32:40,UNVERIFIED,CLUSTER_FORMATION_48H,80
EMG-EVT-00472,12,Thanjavur,2024-10-18 10:02:22,CORROBORATED,FIRST_TIME_REPORT,87
EMG-EVT-00473,33,Thiruvarur,2025-03-09 05:14:37,DISMISSED,MULTI_SOURCE_CONVERGENCE,90
EMG-EVT-00474,6,Tirunelveli,2025-09-10 17:23:05,EMERGING,ANOMALY_CLEARED,72
EMG-EVT-00475,11,Dindigul,2026-01-21 02:13:50,UNVERIFIED,ANOMALY_CLEARED,69
EMG-EVT-00476,13,Thoothukudi,2025-02-06 11:13:30,UNVERIFIED,ANOMALY_CLEARED,64
EMG-EVT-00477,23,Namakkal,2026-04-30 00:40:35,EMERGING,MULTI_SOURCE_CONVERGENCE,80
EMG-EVT-00478,6,Tirunelveli,2024-11-09 14:59:18,PERSISTENT,FIRST_TIME_REPORT,63
EMG-EVT-00479,35,Mayiladuthurai,2024-12-03 07:59:21,CORROBORATED,ANOMALY_CLEARED,74
EMG-EVT-00480,36,Ranipet,2026-03-29 21:14:06,UNVERIFIED,MULTI_SOURCE_CONVERGENCE,82
EMG-EVT-00481,36,Ranipet,2025-12-18 16:33:47,NEW_SIGNAL,ANOMALY_CLEARED,83
EMG-EVT-00482,24,Nilgiris,2026-01-09 02:16:15,CORROBORATED,ANOMALY_CLEARED,79
EMG-EVT-00483,10,Krishnagiri,2025-08-21 21:19:04,DISMISSED,CLUSTER_FORMATION_48H,79
EMG-EVT-00484,6,Tirunelveli,2025-02-07 10:58:51,DISMISSED,MULTI_SOURCE_CONVERGENCE,88
EMG-EVT-00485,30,Ramanathapuram,2024-12-13 06:18:09,EMERGING,CLUSTER_FORMATION_48H,75
EMG-EVT-00486,15,Tenkasi,2026-03-06 09:31:50,DISMISSED,FIRST_TIME_REPORT,64
EMG-EVT-00487,8,Erode,2026-04-25 12:47:12,DISMISSED,CLUSTER_FORMATION_48H,79
EMG-EVT-00488,31,Virudhunagar,2024-12-31 04:57:31,CORROBORATED,ANOMALY_CLEARED,79
EMG-EVT-00489,13,Thoothukudi,2025-04-14 07:00:20,EMERGING,MULTI_SOURCE_CONVERGENCE,92
EMG-EVT-00490,16,Kancheepuram,2026-02-21 19:42:09,PERSISTENT,FIRST_TIME_REPORT,87
EMG-EVT-00491,16,Kancheepuram,2026-05-05 05:50:35,CORROBORATED,CLUSTER_FORMATION_48H,72
EMG-EVT-00492,19,Cuddalore,2025-11-26 15:37:00,DISMISSED,FIRST_TIME_REPORT,70
EMG-EVT-00493,3,Madurai,2026-04-27 04:06:48,NEW_SIGNAL,FIRST_TIME_REPORT,85
EMG-EVT-00494,15,Tenkasi,2026-05-30 18:22:12,CORROBORATED,FIRST_TIME_REPORT,94
EMG-EVT-00495,6,Tirunelveli,2025-05-16 14:05:12,NEW_SIGNAL,MULTI_SOURCE_CONVERGENCE,86
EMG-EVT-00496,26,Ariyalur,2024-12-29 21:39:55,NEW_SIGNAL,MULTI_SOURCE_CONVERGENCE,82
EMG-EVT-00497,5,Tiruchirappalli,2025-10-24 00:17:26,CORROBORATED,CLUSTER_FORMATION_48H,90
EMG-EVT-00498,7,Tiruppur,2026-04-03 22:46:16,NEW_SIGNAL,CLUSTER_FORMATION_48H,92
EMG-EVT-00499,3,Madurai,2025-09-25 00:53:47,DISMISSED,ANOMALY_CLEARED,65
EMG-EVT-00500,20,Viluppuram,2026-05-04 07:46:13,PERSISTENT,MULTI_SOURCE_CONVERGENCE,77
EMG-EVT-00501,35,Mayiladuthurai,2025-09-27 01:51:52,CORROBORATED,CLUSTER_FORMATION_48H,92
EMG-EVT-00502,34,Nagapattinam,2025-12-05 16:10:52,NEW_SIGNAL,ANOMALY_CLEARED,93
EMG-EVT-00503,7,Tiruppur,2025-02-03 09:31:14,PERSISTENT,MULTI_SOURCE_CONVERGENCE,81
EMG-EVT-00504,34,Nagapattinam,2026-06-07 04:13:49,PERSISTENT,MULTI_SOURCE_CONVERGENCE,74
EMG-EVT-00505,2,Coimbatore,2024-10-23 10:38:25,DISMISSED,MULTI_SOURCE_CONVERGENCE,84
EMG-EVT-00506,38,Tiruvannamalai,2025-04-03 14:15:05,EMERGING,FIRST_TIME_REPORT,92
EMG-EVT-00507,35,Mayiladuthurai,2025-06-28 07:34:05,EMERGING,CLUSTER_FORMATION_48H,64
EMG-EVT-00508,10,Krishnagiri,2025-07-25 04:34:30,PERSISTENT,ANOMALY_CLEARED,79
EMG-EVT-00509,25,Karur,2026-01-24 17:08:28,CORROBORATED,FIRST_TIME_REPORT,90
EMG-EVT-00510,38,Tiruvannamalai,2025-02-11 06:44:39,EMERGING,ANOMALY_CLEARED,64
EMG-EVT-00511,8,Erode,2026-05-11 13:59:09,CORROBORATED,ANOMALY_CLEARED,72
EMG-EVT-00512,8,Erode,2025-07-18 04:57:12,CORROBORATED,CLUSTER_FORMATION_48H,79
EMG-EVT-00513,25,Karur,2025-11-15 05:22:16,NEW_SIGNAL,ANOMALY_CLEARED,80
EMG-EVT-00514,1,Chennai,2025-12-30 10:26:36,PERSISTENT,ANOMALY_CLEARED,89
EMG-EVT-00515,35,Mayiladuthurai,2025-12-04 16:05:41,PERSISTENT,MULTI_SOURCE_CONVERGENCE,86
EMG-EVT-00516,17,Chengalpattu,2026-03-15 04:45:09,DISMISSED,MULTI_SOURCE_CONVERGENCE,90
EMG-EVT-00517,38,Tiruvannamalai,2025-09-29 11:20:39,CORROBORATED,ANOMALY_CLEARED,92
EMG-EVT-00518,27,Perambalur,2026-02-02 19:44:10,CORROBORATED,FIRST_TIME_REPORT,69
EMG-EVT-00519,9,Vellore,2025-05-17 10:07:27,CORROBORATED,FIRST_TIME_REPORT,91
EMG-EVT-00520,28,Pudukkottai,2025-03-28 20:38:33,DISMISSED,FIRST_TIME_REPORT,80
EMG-EVT-00521,19,Cuddalore,2025-09-03 16:45:23,EMERGING,CLUSTER_FORMATION_48H,74
EMG-EVT-00522,5,Tiruchirappalli,2025-01-10 15:32:23,EMERGING,MULTI_SOURCE_CONVERGENCE,90
EMG-EVT-00523,27,Perambalur,2024-11-20 16:08:53,CORROBORATED,CLUSTER_FORMATION_48H,79
EMG-EVT-00524,24,Nilgiris,2026-07-16 00:46:13,UNVERIFIED,FIRST_TIME_REPORT,70
EMG-EVT-00525,13,Thoothukudi,2025-05-04 19:38:18,DISMISSED,FIRST_TIME_REPORT,81
EMG-EVT-00526,16,Kancheepuram,2025-06-28 02:12:16,EMERGING,MULTI_SOURCE_CONVERGENCE,87
EMG-EVT-00527,14,Kanniyakumari,2026-03-05 03:27:38,PERSISTENT,FIRST_TIME_REPORT,80
EMG-EVT-00528,32,Theni,2025-10-13 18:51:49,NEW_SIGNAL,MULTI_SOURCE_CONVERGENCE,84
EMG-EVT-00529,8,Erode,2024-12-23 02:11:51,UNVERIFIED,FIRST_TIME_REPORT,94
EMG-EVT-00530,22,Dharmapuri,2026-04-23 21:45:35,PERSISTENT,CLUSTER_FORMATION_48H,74
EMG-EVT-00531,30,Ramanathapuram,2026-03-14 21:05:59,UNVERIFIED,MULTI_SOURCE_CONVERGENCE,94
EMG-EVT-00532,25,Karur,2025-01-24 23:25:48,DISMISSED,CLUSTER_FORMATION_48H,72
EMG-EVT-00533,1,Chennai,2026-01-20 07:30:01,DISMISSED,ANOMALY_CLEARED,94
EMG-EVT-00534,11,Dindigul,2026-01-24 04:02:01,PERSISTENT,FIRST_TIME_REPORT,72
EMG-EVT-00535,10,Krishnagiri,2025-04-24 17:24:59,PERSISTENT,ANOMALY_CLEARED,77
EMG-EVT-00536,7,Tiruppur,2026-05-31 18:04:25,NEW_SIGNAL,CLUSTER_FORMATION_48H,89
EMG-EVT-00537,20,Viluppuram,2024-11-22 20:07:38,PERSISTENT,MULTI_SOURCE_CONVERGENCE,69
EMG-EVT-00538,21,Kallakurichi,2026-08-19 13:48:40,PERSISTENT,ANOMALY_CLEARED,87
EMG-EVT-00539,4,Salem,2025-04-13 07:38:06,PERSISTENT,FIRST_TIME_REPORT,63
EMG-EVT-00540,4,Salem,2025-07-10 16:40:01,NEW_SIGNAL,MULTI_SOURCE_CONVERGENCE,77
EMG-EVT-00541,20,Viluppuram,2024-12-05 10:57:47,CORROBORATED,MULTI_SOURCE_CONVERGENCE,89
EMG-EVT-00542,6,Tirunelveli,2025-06-06 12:50:15,EMERGING,ANOMALY_CLEARED,85
EMG-EVT-00543,37,Tirupathur,2026-08-01 06:39:13,NEW_SIGNAL,FIRST_TIME_REPORT,67
EMG-EVT-00544,14,Kanniyakumari,2024-10-23 03:55:01,NEW_SIGNAL,CLUSTER_FORMATION_48H,89
EMG-EVT-00545,28,Pudukkottai,2025-12-12 14:16:09,DISMISSED,FIRST_TIME_REPORT,80
EMG-EVT-00546,17,Chengalpattu,2024-11-24 08:08:19,PERSISTENT,FIRST_TIME_REPORT,62
EMG-EVT-00547,25,Karur,2025-09-25 16:37:44,CORROBORATED,CLUSTER_FORMATION_48H,67
EMG-EVT-00548,26,Ariyalur,2025-02-16 11:17:15,UNVERIFIED,CLUSTER_FORMATION_48H,73
EMG-EVT-00549,2,Coimbatore,2025-02-24 13:15:32,UNVERIFIED,MULTI_SOURCE_CONVERGENCE,83
EMG-EVT-00550,35,Mayiladuthurai,2024-09-24 21:41:07,CORROBORATED,FIRST_TIME_REPORT,80
EMG-EVT-00551,30,Ramanathapuram,2026-07-30 12:31:46,PERSISTENT,MULTI_SOURCE_CONVERGENCE,83
EMG-EVT-00552,4,Salem,2024-11-28 18:13:39,CORROBORATED,CLUSTER_FORMATION_48H,81
EMG-EVT-00553,26,Ariyalur,2025-07-04 12:51:13,UNVERIFIED,ANOMALY_CLEARED,73
EMG-EVT-00554,35,Mayiladuthurai,2026-04-16 09:24:45,UNVERIFIED,MULTI_SOURCE_CONVERGENCE,67
EMG-EVT-00555,26,Ariyalur,2026-05-25 06:33:26,EMERGING,MULTI_SOURCE_CONVERGENCE,67
EMG-EVT-00556,37,Tirupathur,2025-11-28 00:05:01,CORROBORATED,CLUSTER_FORMATION_48H,91
EMG-EVT-00557,26,Ariyalur,2024-09-29 09:37:36,PERSISTENT,MULTI_SOURCE_CONVERGENCE,65
EMG-EVT-00558,4,Salem,2025-04-15 01:55:53,DISMISSED,MULTI_SOURCE_CONVERGENCE,71
EMG-EVT-00559,13,Thoothukudi,2025-01-02 11:11:03,PERSISTENT,ANOMALY_CLEARED,68
EMG-EVT-00560,17,Chengalpattu,2026-02-20 23:25:55,DISMISSED,MULTI_SOURCE_CONVERGENCE,64
EMG-EVT-00561,13,Thoothukudi,2026-08-06 11:20:49,UNVERIFIED,ANOMALY_CLEARED,79
EMG-EVT-00562,27,Perambalur,2026-07-21 15:47:11,NEW_SIGNAL,ANOMALY_CLEARED,89
EMG-EVT-00563,32,Theni,2025-10-06 08:09:23,DISMISSED,FIRST_TIME_REPORT,80
EMG-EVT-00564,1,Chennai,2025-08-02 05:28:25,NEW_SIGNAL,MULTI_SOURCE_CONVERGENCE,94
EMG-EVT-00565,14,Kanniyakumari,2024-12-08 13:35:54,PERSISTENT,ANOMALY_CLEARED,63
EMG-EVT-00566,25,Karur,2025-06-04 03:08:43,PERSISTENT,MULTI_SOURCE_CONVERGENCE,80
EMG-EVT-00567,17,Chengalpattu,2026-01-16 12:03:07,PERSISTENT,FIRST_TIME_REPORT,78
EMG-EVT-00568,7,Tiruppur,2025-12-01 07:42:18,UNVERIFIED,MULTI_SOURCE_CONVERGENCE,91
EMG-EVT-00569,34,Nagapattinam,2025-08-15 14:56:23,NEW_SIGNAL,ANOMALY_CLEARED,89
EMG-EVT-00570,26,Ariyalur,2025-07-16 09:01:54,EMERGING,MULTI_SOURCE_CONVERGENCE,93
EMG-EVT-00571,12,Thanjavur,2026-05-11 09:12:27,NEW_SIGNAL,FIRST_TIME_REPORT,89
EMG-EVT-00572,10,Krishnagiri,2025-05-14 20:03:17,NEW_SIGNAL,ANOMALY_CLEARED,67
EMG-EVT-00573,16,Kancheepuram,2025-11-08 13:46:11,DISMISSED,MULTI_SOURCE_CONVERGENCE,88
EMG-EVT-00574,32,Theni,2024-10-30 23:08:41,CORROBORATED,FIRST_TIME_REPORT,68
EMG-EVT-00575,32,Theni,2024-10-06 19:52:27,EMERGING,MULTI_SOURCE_CONVERGENCE,86
EMG-EVT-00576,30,Ramanathapuram,2025-12-17 22:11:02,DISMISSED,MULTI_SOURCE_CONVERGENCE,82
EMG-EVT-00577,8,Erode,2025-12-03 09:38:00,UNVERIFIED,FIRST_TIME_REPORT,66
EMG-EVT-00578,15,Tenkasi,2026-05-05 01:39:43,CORROBORATED,MULTI_SOURCE_CONVERGENCE,83
EMG-EVT-00579,28,Pudukkottai,2026-03-26 19:27:10,CORROBORATED,CLUSTER_FORMATION_48H,71
EMG-EVT-00580,3,Madurai,2025-01-21 20:55:54,CORROBORATED,ANOMALY_CLEARED,71
EMG-EVT-00581,34,Nagapattinam,2025-08-30 11:00:56,EMERGING,FIRST_TIME_REPORT,69
EMG-EVT-00582,1,Chennai,2024-11-22 14:36:59,UNVERIFIED,ANOMALY_CLEARED,84
EMG-EVT-00583,3,Madurai,2026-04-29 05:38:37,EMERGING,MULTI_SOURCE_CONVERGENCE,68
EMG-EVT-00584,11,Dindigul,2025-11-14 13:20:10,NEW_SIGNAL,CLUSTER_FORMATION_48H,70
EMG-EVT-00585,26,Ariyalur,2025-01-22 04:32:39,EMERGING,FIRST_TIME_REPORT,73
EMG-EVT-00586,38,Tiruvannamalai,2024-11-12 03:06:36,NEW_SIGNAL,FIRST_TIME_REPORT,79
EMG-EVT-00587,31,Virudhunagar,2025-02-15 19:50:01,PERSISTENT,CLUSTER_FORMATION_48H,65
EMG-EVT-00588,10,Krishnagiri,2026-02-25 16:46:16,EMERGING,ANOMALY_CLEARED,88
EMG-EVT-00589,8,Erode,2025-08-05 05:05:01,PERSISTENT,MULTI_SOURCE_CONVERGENCE,82
EMG-EVT-00590,18,Tiruvallur,2025-08-14 03:15:54,EMERGING,ANOMALY_CLEARED,72
EMG-EVT-00591,9,Vellore,2025-07-29 14:22:49,DISMISSED,MULTI_SOURCE_CONVERGENCE,84
EMG-EVT-00592,30,Ramanathapuram,2025-09-24 07:19:40,UNVERIFIED,MULTI_SOURCE_CONVERGENCE,80
EMG-EVT-00593,4,Salem,2024-12-21 17:42:55,PERSISTENT,CLUSTER_FORMATION_48H,89
EMG-EVT-00594,7,Tiruppur,2024-10-24 11:23:59,CORROBORATED,CLUSTER_FORMATION_48H,74
EMG-EVT-00595,4,Salem,2026-04-25 18:14:55,DISMISSED,ANOMALY_CLEARED,94
EMG-EVT-00596,26,Ariyalur,2025-07-04 17:55:07,PERSISTENT,MULTI_SOURCE_CONVERGENCE,83
EMG-EVT-00597,34,Nagapattinam,2025-12-28 13:04:39,UNVERIFIED,CLUSTER_FORMATION_48H,65
EMG-EVT-00598,32,Theni,2025-10-02 19:30:30,UNVERIFIED,MULTI_SOURCE_CONVERGENCE,66
EMG-EVT-00599,38,Tiruvannamalai,2025-10-06 18:06:51,UNVERIFIED,FIRST_TIME_REPORT,70
EMG-EVT-00600,21,Kallakurichi,2025-11-28 14:26:49,PERSISTENT,ANOMALY_CLEARED,71
EMG-EVT-00601,18,Tiruvallur,2026-06-30 23:56:09,DISMISSED,ANOMALY_CLEARED,89
EMG-EVT-00602,20,Viluppuram,2025-05-09 13:24:39,CORROBORATED,CLUSTER_FORMATION_48H,90
EMG-EVT-00603,19,Cuddalore,2024-12-10 20:19:10,UNVERIFIED,ANOMALY_CLEARED,75
EMG-EVT-00604,30,Ramanathapuram,2025-06-03 08:25:21,EMERGING,FIRST_TIME_REPORT,94
EMG-EVT-00605,18,Tiruvallur,2024-10-12 09:52:28,UNVERIFIED,ANOMALY_CLEARED,93
EMG-EVT-00606,31,Virudhunagar,2025-08-17 11:32:43,NEW_SIGNAL,ANOMALY_CLEARED,85
EMG-EVT-00607,5,Tiruchirappalli,2025-03-18 04:22:45,PERSISTENT,MULTI_SOURCE_CONVERGENCE,94
EMG-EVT-00608,23,Namakkal,2025-02-08 03:31:34,EMERGING,CLUSTER_FORMATION_48H,78
EMG-EVT-00609,9,Vellore,2024-10-07 09:55:15,CORROBORATED,FIRST_TIME_REPORT,70
EMG-EVT-00610,26,Ariyalur,2025-07-13 09:33:28,UNVERIFIED,ANOMALY_CLEARED,70
EMG-EVT-00611,1,Chennai,2025-06-22 10:57:34,PERSISTENT,FIRST_TIME_REPORT,84
EMG-EVT-00612,31,Virudhunagar,2024-11-04 05:22:46,UNVERIFIED,CLUSTER_FORMATION_48H,93
EMG-EVT-00613,35,Mayiladuthurai,2026-06-19 23:27:47,PERSISTENT,CLUSTER_FORMATION_48H,62
EMG-EVT-00614,30,Ramanathapuram,2024-09-27 17:26:16,NEW_SIGNAL,ANOMALY_CLEARED,91
EMG-EVT-00615,16,Kancheepuram,2025-12-24 03:35:26,PERSISTENT,CLUSTER_FORMATION_48H,77
EMG-EVT-00616,16,Kancheepuram,2025-02-10 18:34:37,PERSISTENT,MULTI_SOURCE_CONVERGENCE,80
EMG-EVT-00617,34,Nagapattinam,2024-12-06 22:00:48,NEW_SIGNAL,FIRST_TIME_REPORT,86
EMG-EVT-00618,15,Tenkasi,2026-02-17 20:13:05,PERSISTENT,ANOMALY_CLEARED,81
EMG-EVT-00619,2,Coimbatore,2026-02-12 17:31:50,DISMISSED,FIRST_TIME_REPORT,86
EMG-EVT-00620,30,Ramanathapuram,2025-08-16 23:08:30,CORROBORATED,MULTI_SOURCE_CONVERGENCE,83
EMG-EVT-00621,10,Krishnagiri,2026-05-25 13:07:51,NEW_SIGNAL,FIRST_TIME_REPORT,79
EMG-EVT-00622,20,Viluppuram,2025-03-22 18:14:30,UNVERIFIED,CLUSTER_FORMATION_48H,65
EMG-EVT-00623,35,Mayiladuthurai,2024-12-31 11:42:02,PERSISTENT,ANOMALY_CLEARED,68
EMG-EVT-00624,1,Chennai,2025-08-31 12:47:56,DISMISSED,MULTI_SOURCE_CONVERGENCE,88
EMG-EVT-00625,36,Ranipet,2026-05-27 00:29:06,CORROBORATED,FIRST_TIME_REPORT,66
EMG-EVT-00626,21,Kallakurichi,2024-10-21 16:23:19,UNVERIFIED,CLUSTER_FORMATION_48H,90
EMG-EVT-00627,13,Thoothukudi,2025-12-08 10:04:57,EMERGING,MULTI_SOURCE_CONVERGENCE,89
EMG-EVT-00628,11,Dindigul,2025-02-12 11:57:00,EMERGING,MULTI_SOURCE_CONVERGENCE,85
EMG-EVT-00629,24,Nilgiris,2025-10-25 00:07:12,UNVERIFIED,MULTI_SOURCE_CONVERGENCE,90
EMG-EVT-00630,22,Dharmapuri,2025-10-10 13:16:49,NEW_SIGNAL,CLUSTER_FORMATION_48H,65
EMG-EVT-00631,31,Virudhunagar,2025-02-19 10:36:40,DISMISSED,CLUSTER_FORMATION_48H,92
EMG-EVT-00632,36,Ranipet,2025-04-13 22:10:26,PERSISTENT,ANOMALY_CLEARED,68
EMG-EVT-00633,9,Vellore,2025-03-04 03:19:58,UNVERIFIED,FIRST_TIME_REPORT,94
EMG-EVT-00634,34,Nagapattinam,2025-04-09 08:49:48,UNVERIFIED,ANOMALY_CLEARED,83
EMG-EVT-00635,35,Mayiladuthurai,2025-03-19 01:31:39,PERSISTENT,FIRST_TIME_REPORT,71
EMG-EVT-00636,34,Nagapattinam,2026-06-01 18:54:44,NEW_SIGNAL,ANOMALY_CLEARED,91
EMG-EVT-00637,23,Namakkal,2026-06-25 20:12:43,UNVERIFIED,CLUSTER_FORMATION_48H,66
EMG-EVT-00638,17,Chengalpattu,2025-08-14 18:59:27,CORROBORATED,ANOMALY_CLEARED,74
EMG-EVT-00639,21,Kallakurichi,2025-01-21 01:02:49,PERSISTENT,MULTI_SOURCE_CONVERGENCE,72
EMG-EVT-00640,3,Madurai,2025-03-15 11:55:05,CORROBORATED,CLUSTER_FORMATION_48H,76
EMG-EVT-00641,24,Nilgiris,2025-11-21 21:31:16,EMERGING,CLUSTER_FORMATION_48H,93
EMG-EVT-00642,35,Mayiladuthurai,2025-07-25 14:25:26,NEW_SIGNAL,FIRST_TIME_REPORT,90
EMG-EVT-00643,23,Namakkal,2026-03-24 22:47:48,NEW_SIGNAL,FIRST_TIME_REPORT,86
EMG-EVT-00644,12,Thanjavur,2025-01-23 21:00:45,NEW_SIGNAL,MULTI_SOURCE_CONVERGENCE,77
EMG-EVT-00645,7,Tiruppur,2026-01-11 08:44:28,UNVERIFIED,MULTI_SOURCE_CONVERGENCE,63
EMG-EVT-00646,18,Tiruvallur,2024-10-27 20:30:21,EMERGING,CLUSTER_FORMATION_48H,66
EMG-EVT-00647,15,Tenkasi,2025-12-19 09:37:16,UNVERIFIED,FIRST_TIME_REPORT,64
EMG-EVT-00648,24,Nilgiris,2025-08-08 07:15:32,NEW_SIGNAL,ANOMALY_CLEARED,89
EMG-EVT-00649,14,Kanniyakumari,2026-06-13 05:49:30,EMERGING,MULTI_SOURCE_CONVERGENCE,82
EMG-EVT-00650,13,Thoothukudi,2026-08-03 21:03:14,NEW_SIGNAL,MULTI_SOURCE_CONVERGENCE,92
EMG-EVT-00651,9,Vellore,2026-07-09 05:29:14,UNVERIFIED,ANOMALY_CLEARED,79
EMG-EVT-00652,10,Krishnagiri,2026-04-06 11:52:27,PERSISTENT,MULTI_SOURCE_CONVERGENCE,78
EMG-EVT-00653,29,Sivaganga,2026-07-22 21:33:49,NEW_SIGNAL,FIRST_TIME_REPORT,72
EMG-EVT-00654,26,Ariyalur,2026-06-05 00:27:33,EMERGING,MULTI_SOURCE_CONVERGENCE,64
EMG-EVT-00655,31,Virudhunagar,2025-02-01 08:28:36,CORROBORATED,MULTI_SOURCE_CONVERGENCE,91
EMG-EVT-00656,24,Nilgiris,2026-08-02 20:58:09,EMERGING,CLUSTER_FORMATION_48H,76
EMG-EVT-00657,5,Tiruchirappalli,2025-02-16 18:21:16,NEW_SIGNAL,FIRST_TIME_REPORT,68
EMG-EVT-00658,36,Ranipet,2026-03-31 20:21:53,EMERGING,FIRST_TIME_REPORT,92
EMG-EVT-00659,20,Viluppuram,2026-07-26 19:47:39,EMERGING,FIRST_TIME_REPORT,78
EMG-EVT-00660,35,Mayiladuthurai,2025-06-04 10:36:14,DISMISSED,CLUSTER_FORMATION_48H,78
EMG-EVT-00661,32,Theni,2026-02-02 23:51:27,EMERGING,ANOMALY_CLEARED,77
EMG-EVT-00662,32,Theni,2026-04-24 15:17:09,EMERGING,FIRST_TIME_REPORT,63
EMG-EVT-00663,37,Tirupathur,2025-07-26 09:22:18,DISMISSED,MULTI_SOURCE_CONVERGENCE,79
EMG-EVT-00664,27,Perambalur,2025-10-23 13:41:29,UNVERIFIED,ANOMALY_CLEARED,77
EMG-EVT-00665,38,Tiruvannamalai,2026-04-09 01:32:57,NEW_SIGNAL,MULTI_SOURCE_CONVERGENCE,86
EMG-EVT-00666,8,Erode,2025-06-14 03:15:30,NEW_SIGNAL,ANOMALY_CLEARED,87
EMG-EVT-00667,14,Kanniyakumari,2026-05-07 09:13:54,EMERGING,FIRST_TIME_REPORT,65
EMG-EVT-00668,32,Theni,2025-03-25 12:25:17,DISMISSED,CLUSTER_FORMATION_48H,94
EMG-EVT-00669,38,Tiruvannamalai,2025-01-07 22:09:51,CORROBORATED,MULTI_SOURCE_CONVERGENCE,67
EMG-EVT-00670,8,Erode,2025-05-22 09:23:47,CORROBORATED,FIRST_TIME_REPORT,88
EMG-EVT-00671,29,Sivaganga,2025-11-27 09:27:00,UNVERIFIED,ANOMALY_CLEARED,77
EMG-EVT-00672,20,Viluppuram,2025-04-25 19:05:33,EMERGING,CLUSTER_FORMATION_48H,93
EMG-EVT-00673,8,Erode,2025-10-17 16:51:13,CORROBORATED,CLUSTER_FORMATION_48H,71
EMG-EVT-00674,14,Kanniyakumari,2025-10-31 00:33:08,EMERGING,FIRST_TIME_REPORT,91
EMG-EVT-00675,17,Chengalpattu,2025-10-21 16:08:15,EMERGING,FIRST_TIME_REPORT,63
EMG-EVT-00676,31,Virudhunagar,2025-02-27 16:46:31,PERSISTENT,ANOMALY_CLEARED,87
EMG-EVT-00677,5,Tiruchirappalli,2026-02-19 00:13:56,UNVERIFIED,CLUSTER_FORMATION_48H,65
EMG-EVT-00678,22,Dharmapuri,2025-11-13 13:56:04,EMERGING,MULTI_SOURCE_CONVERGENCE,68
EMG-EVT-00679,12,Thanjavur,2025-09-05 13:25:18,EMERGING,ANOMALY_CLEARED,87
EMG-EVT-00680,1,Chennai,2026-07-15 06:49:37,NEW_SIGNAL,FIRST_TIME_REPORT,85
EMG-EVT-00681,22,Dharmapuri,2026-05-11 13:49:33,PERSISTENT,CLUSTER_FORMATION_48H,77
EMG-EVT-00682,34,Nagapattinam,2026-03-26 02:10:00,CORROBORATED,ANOMALY_CLEARED,67
EMG-EVT-00683,35,Mayiladuthurai,2026-03-03 19:02:03,PERSISTENT,FIRST_TIME_REPORT,70
EMG-EVT-00684,1,Chennai,2026-04-04 04:49:04,NEW_SIGNAL,ANOMALY_CLEARED,69
EMG-EVT-00685,18,Tiruvallur,2024-09-20 22:57:01,CORROBORATED,ANOMALY_CLEARED,63
EMG-EVT-00686,31,Virudhunagar,2025-12-07 05:29:52,EMERGING,MULTI_SOURCE_CONVERGENCE,69
EMG-EVT-00687,17,Chengalpattu,2026-07-12 13:20:28,CORROBORATED,MULTI_SOURCE_CONVERGENCE,73
EMG-EVT-00688,32,Theni,2026-01-08 12:34:39,DISMISSED,ANOMALY_CLEARED,78
EMG-EVT-00689,23,Namakkal,2026-08-15 07:29:52,DISMISSED,CLUSTER_FORMATION_48H,84
EMG-EVT-00690,10,Krishnagiri,2025-05-03 18:07:59,DISMISSED,FIRST_TIME_REPORT,67
EMG-EVT-00691,16,Kancheepuram,2026-04-20 05:04:25,CORROBORATED,FIRST_TIME_REPORT,63
EMG-EVT-00692,22,Dharmapuri,2025-03-05 16:49:32,UNVERIFIED,ANOMALY_CLEARED,75
EMG-EVT-00693,8,Erode,2025-09-05 15:42:55,PERSISTENT,CLUSTER_FORMATION_48H,67
EMG-EVT-00694,5,Tiruchirappalli,2025-11-15 22:55:01,NEW_SIGNAL,CLUSTER_FORMATION_48H,62
EMG-EVT-00695,11,Dindigul,2025-11-12 02:02:07,DISMISSED,CLUSTER_FORMATION_48H,64
EMG-EVT-00696,9,Vellore,2025-07-12 06:15:12,CORROBORATED,FIRST_TIME_REPORT,81
EMG-EVT-00697,10,Krishnagiri,2024-10-11 01:26:41,DISMISSED,CLUSTER_FORMATION_48H,65
EMG-EVT-00698,16,Kancheepuram,2024-12-02 20:27:46,CORROBORATED,MULTI_SOURCE_CONVERGENCE,76
EMG-EVT-00699,30,Ramanathapuram,2025-10-21 07:00:10,UNVERIFIED,FIRST_TIME_REPORT,78
EMG-EVT-00700,27,Perambalur,2025-10-14 14:19:23,CORROBORATED,CLUSTER_FORMATION_48H,93
EMG-EVT-00701,22,Dharmapuri,2026-02-23 02:54:40,NEW_SIGNAL,ANOMALY_CLEARED,82
EMG-EVT-00702,37,Tirupathur,2026-04-15 20:07:45,EMERGING,CLUSTER_FORMATION_48H,64
EMG-EVT-00703,32,Theni,2025-07-16 08:59:55,NEW_SIGNAL,FIRST_TIME_REPORT,65
EMG-EVT-00704,33,Thiruvarur,2025-10-21 18:03:50,CORROBORATED,MULTI_SOURCE_CONVERGENCE,67
EMG-EVT-00705,16,Kancheepuram,2026-05-25 14:41:15,PERSISTENT,ANOMALY_CLEARED,67
EMG-EVT-00706,7,Tiruppur,2024-10-10 08:08:51,CORROBORATED,FIRST_TIME_REPORT,76
EMG-EVT-00707,33,Thiruvarur,2024-12-06 13:21:41,UNVERIFIED,FIRST_TIME_REPORT,66
EMG-EVT-00708,7,Tiruppur,2026-03-25 21:06:19,CORROBORATED,ANOMALY_CLEARED,67
EMG-EVT-00709,27,Perambalur,2025-06-02 14:28:10,NEW_SIGNAL,ANOMALY_CLEARED,86
EMG-EVT-00710,30,Ramanathapuram,2024-10-03 06:43:03,NEW_SIGNAL,CLUSTER_FORMATION_48H,76
EMG-EVT-00711,37,Tirupathur,2024-10-04 01:55:07,CORROBORATED,ANOMALY_CLEARED,72
EMG-EVT-00712,5,Tiruchirappalli,2025-05-19 12:42:33,PERSISTENT,CLUSTER_FORMATION_48H,66
EMG-EVT-00713,35,Mayiladuthurai,2025-03-20 02:35:57,PERSISTENT,ANOMALY_CLEARED,76
EMG-EVT-00714,22,Dharmapuri,2024-11-16 22:50:45,CORROBORATED,FIRST_TIME_REPORT,73
EMG-EVT-00715,38,Tiruvannamalai,2024-10-20 08:44:09,PERSISTENT,CLUSTER_FORMATION_48H,71
EMG-EVT-00716,32,Theni,2025-10-24 00:05:08,NEW_SIGNAL,FIRST_TIME_REPORT,86
EMG-EVT-00717,10,Krishnagiri,2026-05-17 03:53:35,PERSISTENT,CLUSTER_FORMATION_48H,94
EMG-EVT-00718,18,Tiruvallur,2024-10-21 23:12:30,CORROBORATED,ANOMALY_CLEARED,69
EMG-EVT-00719,23,Namakkal,2025-07-29 16:20:05,PERSISTENT,ANOMALY_CLEARED,69
EMG-EVT-00720,36,Ranipet,2025-05-20 03:14:05,CORROBORATED,CLUSTER_FORMATION_48H,65
EMG-EVT-00721,25,Karur,2025-03-17 03:10:06,UNVERIFIED,FIRST_TIME_REPORT,90
EMG-EVT-00722,18,Tiruvallur,2026-07-10 08:51:59,DISMISSED,FIRST_TIME_REPORT,82
EMG-EVT-00723,24,Nilgiris,2026-06-07 05:51:02,NEW_SIGNAL,MULTI_SOURCE_CONVERGENCE,88
EMG-EVT-00724,18,Tiruvallur,2026-08-12 06:44:15,CORROBORATED,FIRST_TIME_REPORT,85
EMG-EVT-00725,23,Namakkal,2025-06-11 10:00:08,CORROBORATED,FIRST_TIME_REPORT,82
EMG-EVT-00726,5,Tiruchirappalli,2024-09-27 10:27:15,PERSISTENT,FIRST_TIME_REPORT,92
EMG-EVT-00727,4,Salem,2026-05-21 18:16:51,CORROBORATED,CLUSTER_FORMATION_48H,86
EMG-EVT-00728,31,Virudhunagar,2025-08-30 00:46:32,CORROBORATED,MULTI_SOURCE_CONVERGENCE,64
EMG-EVT-00729,12,Thanjavur,2025-01-30 03:54:59,UNVERIFIED,FIRST_TIME_REPORT,63
EMG-EVT-00730,28,Pudukkottai,2025-05-01 08:13:23,CORROBORATED,MULTI_SOURCE_CONVERGENCE,68
EMG-EVT-00731,37,Tirupathur,2026-04-05 14:27:55,EMERGING,ANOMALY_CLEARED,73
EMG-EVT-00732,34,Nagapattinam,2024-11-25 13:46:17,CORROBORATED,FIRST_TIME_REPORT,87
EMG-EVT-00733,4,Salem,2026-06-02 19:37:24,EMERGING,MULTI_SOURCE_CONVERGENCE,68
EMG-EVT-00734,12,Thanjavur,2025-11-02 14:24:30,PERSISTENT,ANOMALY_CLEARED,75
EMG-EVT-00735,19,Cuddalore,2026-02-08 19:30:16,DISMISSED,ANOMALY_CLEARED,69
EMG-EVT-00736,33,Thiruvarur,2025-05-08 02:16:09,UNVERIFIED,FIRST_TIME_REPORT,67
EMG-EVT-00737,20,Viluppuram,2025-06-26 15:58:23,DISMISSED,FIRST_TIME_REPORT,77
EMG-EVT-00738,24,Nilgiris,2026-06-02 04:10:31,UNVERIFIED,MULTI_SOURCE_CONVERGENCE,66
EMG-EVT-00739,18,Tiruvallur,2026-04-02 02:33:46,DISMISSED,MULTI_SOURCE_CONVERGENCE,91
EMG-EVT-00740,7,Tiruppur,2024-12-28 00:47:10,CORROBORATED,FIRST_TIME_REPORT,79
EMG-EVT-00741,24,Nilgiris,2026-02-28 03:52:06,PERSISTENT,ANOMALY_CLEARED,66
EMG-EVT-00742,37,Tirupathur,2024-12-24 07:22:33,PERSISTENT,FIRST_TIME_REPORT,88
EMG-EVT-00743,20,Viluppuram,2025-07-29 02:25:08,EMERGING,ANOMALY_CLEARED,70
EMG-EVT-00744,5,Tiruchirappalli,2025-10-04 17:22:16,UNVERIFIED,MULTI_SOURCE_CONVERGENCE,80
EMG-EVT-00745,30,Ramanathapuram,2026-02-04 19:13:08,PERSISTENT,MULTI_SOURCE_CONVERGENCE,88
EMG-EVT-00746,14,Kanniyakumari,2025-09-02 00:05:00,DISMISSED,ANOMALY_CLEARED,93
EMG-EVT-00747,36,Ranipet,2025-09-07 21:16:49,UNVERIFIED,FIRST_TIME_REPORT,79
EMG-EVT-00748,36,Ranipet,2024-10-21 04:30:53,EMERGING,ANOMALY_CLEARED,64
EMG-EVT-00749,28,Pudukkottai,2025-10-03 08:14:57,EMERGING,ANOMALY_CLEARED,82
EMG-EVT-00750,31,Virudhunagar,2026-03-28 10:17:36,PERSISTENT,CLUSTER_FORMATION_48H,92
EMG-EVT-00751,29,Sivaganga,2024-11-11 17:12:33,NEW_SIGNAL,ANOMALY_CLEARED,71
EMG-EVT-00752,8,Erode,2026-05-16 03:28:40,NEW_SIGNAL,CLUSTER_FORMATION_48H,89
EMG-EVT-00753,9,Vellore,2024-10-07 01:13:06,NEW_SIGNAL,CLUSTER_FORMATION_48H,94
EMG-EVT-00754,16,Kancheepuram,2025-07-08 21:03:38,NEW_SIGNAL,FIRST_TIME_REPORT,79
EMG-EVT-00755,3,Madurai,2025-08-22 07:35:01,UNVERIFIED,CLUSTER_FORMATION_48H,78
EMG-EVT-00756,11,Dindigul,2026-08-08 01:26:45,CORROBORATED,FIRST_TIME_REPORT,94
EMG-EVT-00757,38,Tiruvannamalai,2024-11-09 02:04:54,CORROBORATED,FIRST_TIME_REPORT,64
EMG-EVT-00758,27,Perambalur,2026-06-13 19:14:27,UNVERIFIED,CLUSTER_FORMATION_48H,87
EMG-EVT-00759,18,Tiruvallur,2025-09-22 17:21:09,NEW_SIGNAL,ANOMALY_CLEARED,71
EMG-EVT-00760,18,Tiruvallur,2025-03-31 05:29:15,UNVERIFIED,ANOMALY_CLEARED,64
EMG-EVT-00761,19,Cuddalore,2025-11-28 10:59:07,EMERGING,ANOMALY_CLEARED,93
EMG-EVT-00762,15,Tenkasi,2026-05-24 07:21:34,UNVERIFIED,ANOMALY_CLEARED,70
EMG-EVT-00763,23,Namakkal,2025-12-14 17:42:31,EMERGING,ANOMALY_CLEARED,83
EMG-EVT-00764,4,Salem,2026-02-13 14:51:49,UNVERIFIED,MULTI_SOURCE_CONVERGENCE,81
EMG-EVT-00765,34,Nagapattinam,2025-12-14 07:11:02,UNVERIFIED,ANOMALY_CLEARED,86
EMG-EVT-00766,17,Chengalpattu,2025-04-22 23:54:27,EMERGING,CLUSTER_FORMATION_48H,63
EMG-EVT-00767,24,Nilgiris,2025-03-31 03:38:10,UNVERIFIED,MULTI_SOURCE_CONVERGENCE,85
EMG-EVT-00768,36,Ranipet,2026-06-04 21:12:23,PERSISTENT,ANOMALY_CLEARED,93
EMG-EVT-00769,33,Thiruvarur,2025-01-02 13:32:39,EMERGING,CLUSTER_FORMATION_48H,71
EMG-EVT-00770,7,Tiruppur,2025-12-22 14:46:43,NEW_SIGNAL,MULTI_SOURCE_CONVERGENCE,72
EMG-EVT-00771,1,Chennai,2025-04-25 12:00:13,CORROBORATED,CLUSTER_FORMATION_48H,69
EMG-EVT-00772,13,Thoothukudi,2026-07-20 21:30:18,PERSISTENT,FIRST_TIME_REPORT,84
EMG-EVT-00773,11,Dindigul,2024-12-27 13:36:40,UNVERIFIED,MULTI_SOURCE_CONVERGENCE,92
EMG-EVT-00774,17,Chengalpattu,2026-05-05 00:23:56,DISMISSED,FIRST_TIME_REPORT,81
EMG-EVT-00775,2,Coimbatore,2025-12-02 01:17:17,PERSISTENT,MULTI_SOURCE_CONVERGENCE,84
EMG-EVT-00776,11,Dindigul,2026-07-22 02:33:16,EMERGING,FIRST_TIME_REPORT,63
EMG-EVT-00777,28,Pudukkottai,2026-01-08 22:45:56,UNVERIFIED,MULTI_SOURCE_CONVERGENCE,89
EMG-EVT-00778,16,Kancheepuram,2026-06-03 18:50:38,CORROBORATED,FIRST_TIME_REPORT,89
EMG-EVT-00779,2,Coimbatore,2025-09-04 02:10:00,EMERGING,ANOMALY_CLEARED,79
EMG-EVT-00780,7,Tiruppur,2026-03-30 16:49:50,UNVERIFIED,CLUSTER_FORMATION_48H,66
EMG-EVT-00781,36,Ranipet,2026-03-21 02:15:56,DISMISSED,CLUSTER_FORMATION_48H,87
EMG-EVT-00782,38,Tiruvannamalai,2026-01-25 00:48:48,NEW_SIGNAL,CLUSTER_FORMATION_48H,92
EMG-EVT-00783,7,Tiruppur,2026-01-18 17:32:28,DISMISSED,MULTI_SOURCE_CONVERGENCE,87
EMG-EVT-00784,12,Thanjavur,2024-10-15 20:59:11,UNVERIFIED,CLUSTER_FORMATION_48H,70
EMG-EVT-00785,11,Dindigul,2024-10-19 20:16:55,PERSISTENT,ANOMALY_CLEARED,80
EMG-EVT-00786,28,Pudukkottai,2026-02-12 02:14:56,UNVERIFIED,CLUSTER_FORMATION_48H,93
EMG-EVT-00787,6,Tirunelveli,2025-01-18 07:38:19,PERSISTENT,MULTI_SOURCE_CONVERGENCE,78
EMG-EVT-00788,2,Coimbatore,2025-02-17 12:11:35,DISMISSED,MULTI_SOURCE_CONVERGENCE,91
EMG-EVT-00789,28,Pudukkottai,2025-03-16 08:35:29,CORROBORATED,CLUSTER_FORMATION_48H,77
EMG-EVT-00790,9,Vellore,2025-12-13 00:50:56,CORROBORATED,CLUSTER_FORMATION_48H,85
EMG-EVT-00791,31,Virudhunagar,2025-06-28 04:25:22,EMERGING,CLUSTER_FORMATION_48H,67
EMG-EVT-00792,16,Kancheepuram,2025-09-12 13:08:38,CORROBORATED,MULTI_SOURCE_CONVERGENCE,72
EMG-EVT-00793,32,Theni,2025-01-20 17:16:18,DISMISSED,FIRST_TIME_REPORT,69
EMG-EVT-00794,20,Viluppuram,2025-06-29 17:04:27,NEW_SIGNAL,FIRST_TIME_REPORT,91
EMG-EVT-00795,13,Thoothukudi,2024-11-02 05:44:36,CORROBORATED,ANOMALY_CLEARED,71
EMG-EVT-00796,6,Tirunelveli,2025-05-22 20:14:09,EMERGING,ANOMALY_CLEARED,83
EMG-EVT-00797,37,Tirupathur,2026-03-21 11:08:04,DISMISSED,FIRST_TIME_REPORT,70
EMG-EVT-00798,9,Vellore,2025-04-05 06:58:11,UNVERIFIED,MULTI_SOURCE_CONVERGENCE,64
EMG-EVT-00799,12,Thanjavur,2026-04-01 20:45:51,CORROBORATED,FIRST_TIME_REPORT,82
EMG-EVT-00800,17,Chengalpattu,2026-04-17 12:35:13,DISMISSED,ANOMALY_CLEARED,94
EMG-EVT-00801,2,Coimbatore,2025-06-22 04:26:26,UNVERIFIED,MULTI_SOURCE_CONVERGENCE,65
EMG-EVT-00802,6,Tirunelveli,2024-10-04 00:58:22,EMERGING,ANOMALY_CLEARED,87
EMG-EVT-00803,17,Chengalpattu,2024-11-21 13:06:42,UNVERIFIED,FIRST_TIME_REPORT,62
EMG-EVT-00804,37,Tirupathur,2025-06-20 10:09:22,DISMISSED,FIRST_TIME_REPORT,79
EMG-EVT-00805,16,Kancheepuram,2025-06-17 02:35:43,EMERGING,FIRST_TIME_REPORT,83
EMG-EVT-00806,12,Thanjavur,2026-08-05 11:57:39,DISMISSED,FIRST_TIME_REPORT,64
EMG-EVT-00807,11,Dindigul,2025-09-25 10:24:32,EMERGING,FIRST_TIME_REPORT,92
EMG-EVT-00808,30,Ramanathapuram,2026-04-13 05:19:17,DISMISSED,FIRST_TIME_REPORT,71
EMG-EVT-00809,15,Tenkasi,2025-06-08 23:07:30,NEW_SIGNAL,FIRST_TIME_REPORT,82
EMG-EVT-00810,11,Dindigul,2024-12-20 23:14:00,UNVERIFIED,ANOMALY_CLEARED,68
EMG-EVT-00811,25,Karur,2025-10-13 16:54:19,UNVERIFIED,ANOMALY_CLEARED,87
EMG-EVT-00812,22,Dharmapuri,2024-12-28 23:21:19,DISMISSED,ANOMALY_CLEARED,92
EMG-EVT-00813,12,Thanjavur,2024-12-01 16:20:22,NEW_SIGNAL,FIRST_TIME_REPORT,92
EMG-EVT-00814,19,Cuddalore,2026-03-28 16:47:35,DISMISSED,FIRST_TIME_REPORT,79
EMG-EVT-00815,23,Namakkal,2025-05-22 13:10:45,DISMISSED,ANOMALY_CLEARED,80
EMG-EVT-00816,3,Madurai,2026-08-06 01:37:51,NEW_SIGNAL,MULTI_SOURCE_CONVERGENCE,78
EMG-EVT-00817,33,Thiruvarur,2025-07-23 00:10:43,PERSISTENT,ANOMALY_CLEARED,64
EMG-EVT-00818,13,Thoothukudi,2026-03-04 05:13:20,PERSISTENT,FIRST_TIME_REPORT,68
EMG-EVT-00819,1,Chennai,2025-01-15 07:28:39,DISMISSED,FIRST_TIME_REPORT,86
EMG-EVT-00820,37,Tirupathur,2025-04-28 10:20:00,PERSISTENT,FIRST_TIME_REPORT,80
EMG-EVT-00821,4,Salem,2026-06-19 06:35:33,DISMISSED,ANOMALY_CLEARED,73
EMG-EVT-00822,19,Cuddalore,2026-06-09 23:14:04,CORROBORATED,ANOMALY_CLEARED,84
EMG-EVT-00823,3,Madurai,2025-07-08 19:47:42,DISMISSED,MULTI_SOURCE_CONVERGENCE,90
EMG-EVT-00824,26,Ariyalur,2025-01-08 12:08:57,UNVERIFIED,CLUSTER_FORMATION_48H,90
EMG-EVT-00825,12,Thanjavur,2025-06-30 03:36:02,NEW_SIGNAL,ANOMALY_CLEARED,84
EMG-EVT-00826,34,Nagapattinam,2025-03-01 20:35:47,CORROBORATED,ANOMALY_CLEARED,87
EMG-EVT-00827,38,Tiruvannamalai,2024-10-11 14:38:14,NEW_SIGNAL,CLUSTER_FORMATION_48H,93
EMG-EVT-00828,10,Krishnagiri,2025-02-20 06:56:04,CORROBORATED,FIRST_TIME_REPORT,82
EMG-EVT-00829,7,Tiruppur,2025-03-11 12:56:28,NEW_SIGNAL,CLUSTER_FORMATION_48H,65
EMG-EVT-00830,10,Krishnagiri,2025-03-24 17:27:37,NEW_SIGNAL,FIRST_TIME_REPORT,93
EMG-EVT-00831,20,Viluppuram,2025-08-03 22:05:25,EMERGING,CLUSTER_FORMATION_48H,67
EMG-EVT-00832,31,Virudhunagar,2025-07-19 00:22:41,EMERGING,ANOMALY_CLEARED,93
EMG-EVT-00833,31,Virudhunagar,2025-07-13 20:49:25,DISMISSED,ANOMALY_CLEARED,76
EMG-EVT-00834,9,Vellore,2025-08-14 12:31:48,PERSISTENT,CLUSTER_FORMATION_48H,70
EMG-EVT-00835,24,Nilgiris,2024-10-12 19:17:07,DISMISSED,MULTI_SOURCE_CONVERGENCE,84
EMG-EVT-00836,5,Tiruchirappalli,2024-12-03 03:15:38,EMERGING,ANOMALY_CLEARED,77
EMG-EVT-00837,33,Thiruvarur,2026-03-22 14:38:11,EMERGING,MULTI_SOURCE_CONVERGENCE,88
EMG-EVT-00838,20,Viluppuram,2024-10-07 03:06:38,DISMISSED,CLUSTER_FORMATION_48H,94
EMG-EVT-00839,33,Thiruvarur,2025-01-27 20:55:19,CORROBORATED,FIRST_TIME_REPORT,62
EMG-EVT-00840,33,Thiruvarur,2025-11-07 17:09:37,CORROBORATED,CLUSTER_FORMATION_48H,94
EMG-EVT-00841,34,Nagapattinam,2024-12-12 03:58:09,CORROBORATED,CLUSTER_FORMATION_48H,90
EMG-EVT-00842,11,Dindigul,2026-04-15 02:09:50,UNVERIFIED,FIRST_TIME_REPORT,82
EMG-EVT-00843,31,Virudhunagar,2025-05-15 18:44:06,EMERGING,MULTI_SOURCE_CONVERGENCE,63
EMG-EVT-00844,20,Viluppuram,2026-06-08 17:25:55,DISMISSED,MULTI_SOURCE_CONVERGENCE,64
EMG-EVT-00845,13,Thoothukudi,2026-05-26 06:53:49,NEW_SIGNAL,ANOMALY_CLEARED,84
EMG-EVT-00846,2,Coimbatore,2025-01-21 19:52:32,DISMISSED,FIRST_TIME_REPORT,77
EMG-EVT-00847,1,Chennai,2025-02-10 20:42:28,EMERGING,CLUSTER_FORMATION_48H,86
EMG-EVT-00848,14,Kanniyakumari,2025-11-18 10:59:51,NEW_SIGNAL,FIRST_TIME_REPORT,91
EMG-EVT-00849,14,Kanniyakumari,2024-12-04 13:44:07,PERSISTENT,ANOMALY_CLEARED,69
EMG-EVT-00850,28,Pudukkottai,2025-02-13 15:14:09,EMERGING,FIRST_TIME_REPORT,87
EMG-EVT-00851,37,Tirupathur,2024-10-17 16:22:23,EMERGING,MULTI_SOURCE_CONVERGENCE,62
EMG-EVT-00852,14,Kanniyakumari,2025-07-06 05:16:05,DISMISSED,MULTI_SOURCE_CONVERGENCE,94
EMG-EVT-00853,3,Madurai,2025-10-23 13:08:58,NEW_SIGNAL,ANOMALY_CLEARED,88
EMG-EVT-00854,22,Dharmapuri,2025-03-22 16:59:29,UNVERIFIED,MULTI_SOURCE_CONVERGENCE,71
EMG-EVT-00855,19,Cuddalore,2025-12-27 20:04:57,CORROBORATED,CLUSTER_FORMATION_48H,63
EMG-EVT-00856,34,Nagapattinam,2026-04-22 01:05:02,DISMISSED,CLUSTER_FORMATION_48H,79
EMG-EVT-00857,22,Dharmapuri,2025-09-01 03:17:49,PERSISTENT,MULTI_SOURCE_CONVERGENCE,88
EMG-EVT-00858,33,Thiruvarur,2024-11-16 01:20:59,CORROBORATED,FIRST_TIME_REPORT,70
EMG-EVT-00859,26,Ariyalur,2026-01-24 12:30:00,UNVERIFIED,ANOMALY_CLEARED,69
EMG-EVT-00860,5,Tiruchirappalli,2025-07-27 00:14:37,UNVERIFIED,CLUSTER_FORMATION_48H,89
EMG-EVT-00861,37,Tirupathur,2025-03-24 22:27:13,NEW_SIGNAL,MULTI_SOURCE_CONVERGENCE,72
EMG-EVT-00862,19,Cuddalore,2026-05-05 04:27:58,CORROBORATED,MULTI_SOURCE_CONVERGENCE,80
EMG-EVT-00863,22,Dharmapuri,2026-02-05 11:16:22,PERSISTENT,MULTI_SOURCE_CONVERGENCE,77
EMG-EVT-00864,34,Nagapattinam,2026-01-25 21:21:46,UNVERIFIED,CLUSTER_FORMATION_48H,92
EMG-EVT-00865,14,Kanniyakumari,2025-04-14 00:36:55,CORROBORATED,MULTI_SOURCE_CONVERGENCE,74
EMG-EVT-00866,35,Mayiladuthurai,2026-05-31 22:15:26,NEW_SIGNAL,ANOMALY_CLEARED,85
EMG-EVT-00867,4,Salem,2026-06-24 14:05:24,CORROBORATED,ANOMALY_CLEARED,63
EMG-EVT-00868,37,Tirupathur,2025-07-11 08:01:14,UNVERIFIED,MULTI_SOURCE_CONVERGENCE,81
EMG-EVT-00869,19,Cuddalore,2025-10-18 08:32:34,DISMISSED,MULTI_SOURCE_CONVERGENCE,65
EMG-EVT-00870,23,Namakkal,2026-06-16 22:17:27,UNVERIFIED,MULTI_SOURCE_CONVERGENCE,83
EMG-EVT-00871,31,Virudhunagar,2025-01-13 11:23:20,PERSISTENT,ANOMALY_CLEARED,94
EMG-EVT-00872,8,Erode,2026-06-04 23:28:43,PERSISTENT,CLUSTER_FORMATION_48H,81
EMG-EVT-00873,29,Sivaganga,2025-01-04 00:20:44,DISMISSED,FIRST_TIME_REPORT,64
EMG-EVT-00874,11,Dindigul,2026-02-07 00:45:25,DISMISSED,ANOMALY_CLEARED,68
EMG-EVT-00875,38,Tiruvannamalai,2025-05-07 00:38:23,DISMISSED,MULTI_SOURCE_CONVERGENCE,86
EMG-EVT-00876,33,Thiruvarur,2025-12-11 20:52:52,EMERGING,FIRST_TIME_REPORT,70
EMG-EVT-00877,35,Mayiladuthurai,2025-04-28 21:10:34,NEW_SIGNAL,FIRST_TIME_REPORT,82
EMG-EVT-00878,22,Dharmapuri,2025-11-19 17:40:48,DISMISSED,ANOMALY_CLEARED,93
EMG-EVT-00879,36,Ranipet,2026-07-28 14:07:21,NEW_SIGNAL,ANOMALY_CLEARED,93
EMG-EVT-00880,23,Namakkal,2025-05-30 14:07:55,PERSISTENT,MULTI_SOURCE_CONVERGENCE,81
EMG-EVT-00881,1,Chennai,2026-07-05 15:27:12,EMERGING,ANOMALY_CLEARED,84
EMG-EVT-00882,21,Kallakurichi,2026-02-22 06:01:34,DISMISSED,CLUSTER_FORMATION_48H,93
EMG-EVT-00883,10,Krishnagiri,2026-07-22 14:11:46,EMERGING,FIRST_TIME_REPORT,62
EMG-EVT-00884,16,Kancheepuram,2025-12-20 00:40:05,DISMISSED,ANOMALY_CLEARED,73
EMG-EVT-00885,21,Kallakurichi,2026-07-27 04:32:04,PERSISTENT,MULTI_SOURCE_CONVERGENCE,84
EMG-EVT-00886,27,Perambalur,2026-03-01 20:45:34,PERSISTENT,ANOMALY_CLEARED,71
EMG-EVT-00887,3,Madurai,2025-05-01 18:09:43,NEW_SIGNAL,FIRST_TIME_REPORT,69
EMG-EVT-00888,36,Ranipet,2025-12-01 16:20:26,EMERGING,FIRST_TIME_REPORT,91
EMG-EVT-00889,16,Kancheepuram,2026-08-04 08:58:52,UNVERIFIED,ANOMALY_CLEARED,64
EMG-EVT-00890,3,Madurai,2025-11-24 21:03:18,DISMISSED,MULTI_SOURCE_CONVERGENCE,76
EMG-EVT-00891,13,Thoothukudi,2026-04-20 11:34:52,UNVERIFIED,FIRST_TIME_REPORT,71
EMG-EVT-00892,1,Chennai,2025-06-14 17:11:04,UNVERIFIED,ANOMALY_CLEARED,74
EMG-EVT-00893,11,Dindigul,2024-12-17 01:06:22,CORROBORATED,FIRST_TIME_REPORT,72
EMG-EVT-00894,27,Perambalur,2025-04-17 21:37:10,NEW_SIGNAL,MULTI_SOURCE_CONVERGENCE,75
EMG-EVT-00895,17,Chengalpattu,2025-12-22 14:59:40,EMERGING,ANOMALY_CLEARED,70
EMG-EVT-00896,1,Chennai,2026-03-12 12:14:46,DISMISSED,ANOMALY_CLEARED,66
EMG-EVT-00897,8,Erode,2024-10-24 15:54:21,PERSISTENT,CLUSTER_FORMATION_48H,93
EMG-EVT-00898,29,Sivaganga,2026-07-18 10:03:51,NEW_SIGNAL,CLUSTER_FORMATION_48H,65
EMG-EVT-00899,21,Kallakurichi,2025-08-26 00:43:02,EMERGING,ANOMALY_CLEARED,84
EMG-EVT-00900,37,Tirupathur,2025-11-13 19:22:37,CORROBORATED,ANOMALY_CLEARED,62
EMG-EVT-00901,3,Madurai,2026-07-09 12:14:51,DISMISSED,FIRST_TIME_REPORT,88
EMG-EVT-00902,20,Viluppuram,2026-04-11 15:01:59,PERSISTENT,ANOMALY_CLEARED,81
EMG-EVT-00903,36,Ranipet,2025-09-13 05:02:26,PERSISTENT,FIRST_TIME_REPORT,66
EMG-EVT-00904,1,Chennai,2025-03-30 15:38:30,NEW_SIGNAL,CLUSTER_FORMATION_48H,90
EMG-EVT-00905,36,Ranipet,2025-07-05 21:43:20,DISMISSED,MULTI_SOURCE_CONVERGENCE,88
EMG-EVT-00906,26,Ariyalur,2025-02-06 11:06:05,NEW_SIGNAL,CLUSTER_FORMATION_48H,64
EMG-EVT-00907,33,Thiruvarur,2024-12-27 03:00:47,PERSISTENT,CLUSTER_FORMATION_48H,72
EMG-EVT-00908,33,Thiruvarur,2024-12-13 11:35:49,PERSISTENT,MULTI_SOURCE_CONVERGENCE,72
EMG-EVT-00909,13,Thoothukudi,2026-01-03 06:46:14,DISMISSED,ANOMALY_CLEARED,72
EMG-EVT-00910,14,Kanniyakumari,2026-02-16 01:26:03,NEW_SIGNAL,FIRST_TIME_REPORT,62
EMG-EVT-00911,16,Kancheepuram,2025-12-28 16:41:16,CORROBORATED,MULTI_SOURCE_CONVERGENCE,86
EMG-EVT-00912,3,Madurai,2024-11-30 18:01:01,CORROBORATED,ANOMALY_CLEARED,92
EMG-EVT-00913,16,Kancheepuram,2024-10-25 00:26:17,PERSISTENT,ANOMALY_CLEARED,80
EMG-EVT-00914,4,Salem,2025-05-30 05:37:57,UNVERIFIED,FIRST_TIME_REPORT,70
EMG-EVT-00915,28,Pudukkottai,2024-11-03 16:00:19,PERSISTENT,CLUSTER_FORMATION_48H,92
EMG-EVT-00916,36,Ranipet,2025-06-25 02:22:38,DISMISSED,ANOMALY_CLEARED,62
EMG-EVT-00917,34,Nagapattinam,2024-09-30 23:42:33,EMERGING,ANOMALY_CLEARED,73
EMG-EVT-00918,26,Ariyalur,2025-12-02 20:47:22,CORROBORATED,CLUSTER_FORMATION_48H,76
EMG-EVT-00919,22,Dharmapuri,2024-11-30 19:49:39,PERSISTENT,MULTI_SOURCE_CONVERGENCE,74
EMG-EVT-00920,35,Mayiladuthurai,2026-06-05 18:09:54,NEW_SIGNAL,ANOMALY_CLEARED,86
EMG-EVT-00921,20,Viluppuram,2024-11-13 07:57:03,CORROBORATED,FIRST_TIME_REPORT,93
EMG-EVT-00922,36,Ranipet,2024-12-13 15:11:02,DISMISSED,MULTI_SOURCE_CONVERGENCE,90
EMG-EVT-00923,13,Thoothukudi,2025-06-18 03:56:45,NEW_SIGNAL,ANOMALY_CLEARED,69
EMG-EVT-00924,35,Mayiladuthurai,2025-01-05 13:27:24,CORROBORATED,CLUSTER_FORMATION_48H,76
EMG-EVT-00925,27,Perambalur,2026-03-17 12:57:23,CORROBORATED,CLUSTER_FORMATION_48H,82
EMG-EVT-00926,27,Perambalur,2025-12-07 03:27:27,CORROBORATED,MULTI_SOURCE_CONVERGENCE,83
EMG-EVT-00927,37,Tirupathur,2025-04-16 18:19:13,EMERGING,CLUSTER_FORMATION_48H,74
EMG-EVT-00928,6,Tirunelveli,2025-04-02 07:53:25,EMERGING,MULTI_SOURCE_CONVERGENCE,77
EMG-EVT-00929,6,Tirunelveli,2025-12-26 06:12:46,NEW_SIGNAL,FIRST_TIME_REPORT,93
EMG-EVT-00930,24,Nilgiris,2025-06-10 03:17:30,CORROBORATED,ANOMALY_CLEARED,83
EMG-EVT-00931,2,Coimbatore,2026-05-12 07:33:03,DISMISSED,ANOMALY_CLEARED,90
EMG-EVT-00932,32,Theni,2026-04-18 19:01:17,NEW_SIGNAL,MULTI_SOURCE_CONVERGENCE,82
EMG-EVT-00933,10,Krishnagiri,2026-06-13 03:21:43,EMERGING,MULTI_SOURCE_CONVERGENCE,85
EMG-EVT-00934,18,Tiruvallur,2024-10-22 04:50:42,DISMISSED,FIRST_TIME_REPORT,86
EMG-EVT-00935,17,Chengalpattu,2025-07-05 04:29:40,CORROBORATED,MULTI_SOURCE_CONVERGENCE,92
EMG-EVT-00936,30,Ramanathapuram,2024-09-21 22:20:41,CORROBORATED,CLUSTER_FORMATION_48H,72
EMG-EVT-00937,34,Nagapattinam,2025-01-13 14:31:29,UNVERIFIED,FIRST_TIME_REPORT,70
EMG-EVT-00938,25,Karur,2026-04-09 16:17:02,EMERGING,FIRST_TIME_REPORT,69
EMG-EVT-00939,4,Salem,2025-06-07 13:20:40,EMERGING,CLUSTER_FORMATION_48H,81
EMG-EVT-00940,32,Theni,2025-11-06 16:26:43,DISMISSED,CLUSTER_FORMATION_48H,84
EMG-EVT-00941,19,Cuddalore,2025-06-14 23:19:25,NEW_SIGNAL,FIRST_TIME_REPORT,64
EMG-EVT-00942,37,Tirupathur,2026-05-04 05:25:10,EMERGING,FIRST_TIME_REPORT,63
EMG-EVT-00943,22,Dharmapuri,2026-04-18 13:16:59,UNVERIFIED,CLUSTER_FORMATION_48H,84
EMG-EVT-00944,15,Tenkasi,2026-01-03 14:50:35,PERSISTENT,MULTI_SOURCE_CONVERGENCE,63
EMG-EVT-00945,2,Coimbatore,2025-08-10 01:53:11,NEW_SIGNAL,MULTI_SOURCE_CONVERGENCE,81
EMG-EVT-00946,3,Madurai,2026-07-17 05:15:12,EMERGING,FIRST_TIME_REPORT,62
EMG-EVT-00947,34,Nagapattinam,2025-05-08 20:25:36,DISMISSED,ANOMALY_CLEARED,88
EMG-EVT-00948,34,Nagapattinam,2025-06-17 10:20:54,PERSISTENT,MULTI_SOURCE_CONVERGENCE,84
EMG-EVT-00949,23,Namakkal,2025-03-13 18:43:40,DISMISSED,ANOMALY_CLEARED,66
EMG-EVT-00950,15,Tenkasi,2025-03-12 06:57:34,PERSISTENT,MULTI_SOURCE_CONVERGENCE,88
EMG-EVT-00951,17,Chengalpattu,2026-06-11 13:19:06,CORROBORATED,MULTI_SOURCE_CONVERGENCE,67
EMG-EVT-00952,27,Perambalur,2026-08-18 10:38:26,PERSISTENT,FIRST_TIME_REPORT,76
EMG-EVT-00953,11,Dindigul,2026-07-19 11:41:02,DISMISSED,CLUSTER_FORMATION_48H,73
EMG-EVT-00954,36,Ranipet,2026-07-07 12:44:26,EMERGING,FIRST_TIME_REPORT,63
EMG-EVT-00955,34,Nagapattinam,2025-11-05 22:51:56,NEW_SIGNAL,ANOMALY_CLEARED,75
EMG-EVT-00956,17,Chengalpattu,2025-03-30 14:51:42,EMERGING,FIRST_TIME_REPORT,65
EMG-EVT-00957,1,Chennai,2024-12-25 10:04:36,EMERGING,FIRST_TIME_REPORT,90
EMG-EVT-00958,31,Virudhunagar,2025-06-11 02:39:58,PERSISTENT,MULTI_SOURCE_CONVERGENCE,64
EMG-EVT-00959,11,Dindigul,2025-04-23 07:37:23,UNVERIFIED,FIRST_TIME_REPORT,66
EMG-EVT-00960,33,Thiruvarur,2025-04-07 17:22:26,DISMISSED,ANOMALY_CLEARED,83
EMG-EVT-00961,34,Nagapattinam,2025-11-11 15:09:05,EMERGING,MULTI_SOURCE_CONVERGENCE,74
EMG-EVT-00962,15,Tenkasi,2024-10-11 07:16:15,DISMISSED,ANOMALY_CLEARED,91
EMG-EVT-00963,34,Nagapattinam,2025-05-01 23:38:23,CORROBORATED,CLUSTER_FORMATION_48H,92
EMG-EVT-00964,37,Tirupathur,2026-05-05 15:02:00,NEW_SIGNAL,FIRST_TIME_REPORT,83
EMG-EVT-00965,21,Kallakurichi,2026-08-06 01:32:34,NEW_SIGNAL,CLUSTER_FORMATION_48H,71
EMG-EVT-00966,19,Cuddalore,2025-09-23 22:36:52,PERSISTENT,FIRST_TIME_REPORT,81
EMG-EVT-00967,27,Perambalur,2024-10-26 12:39:46,UNVERIFIED,FIRST_TIME_REPORT,64
EMG-EVT-00968,28,Pudukkottai,2025-12-28 12:10:24,NEW_SIGNAL,ANOMALY_CLEARED,72
EMG-EVT-00969,20,Viluppuram,2024-11-01 05:42:51,CORROBORATED,MULTI_SOURCE_CONVERGENCE,89
EMG-EVT-00970,26,Ariyalur,2026-04-06 08:13:36,PERSISTENT,ANOMALY_CLEARED,63
EMG-EVT-00971,34,Nagapattinam,2025-10-09 13:04:08,PERSISTENT,FIRST_TIME_REPORT,91
EMG-EVT-00972,25,Karur,2026-05-08 22:47:14,UNVERIFIED,CLUSTER_FORMATION_48H,76
EMG-EVT-00973,18,Tiruvallur,2026-06-23 12:24:24,DISMISSED,CLUSTER_FORMATION_48H,83
EMG-EVT-00974,14,Kanniyakumari,2025-10-03 06:01:21,DISMISSED,FIRST_TIME_REPORT,87
EMG-EVT-00975,7,Tiruppur,2024-10-06 12:30:32,NEW_SIGNAL,MULTI_SOURCE_CONVERGENCE,89
EMG-EVT-00976,34,Nagapattinam,2026-01-23 08:47:53,EMERGING,MULTI_SOURCE_CONVERGENCE,65
EMG-EVT-00977,3,Madurai,2025-10-19 23:14:24,DISMISSED,CLUSTER_FORMATION_48H,68
EMG-EVT-00978,6,Tirunelveli,2025-11-20 07:15:30,DISMISSED,ANOMALY_CLEARED,92
EMG-EVT-00979,17,Chengalpattu,2026-07-31 02:39:24,NEW_SIGNAL,CLUSTER_FORMATION_48H,79
EMG-EVT-00980,32,Theni,2025-12-02 23:59:03,UNVERIFIED,ANOMALY_CLEARED,74
EMG-EVT-00981,17,Chengalpattu,2025-05-16 16:59:21,NEW_SIGNAL,ANOMALY_CLEARED,93
EMG-EVT-00982,13,Thoothukudi,2024-11-12 14:10:33,EMERGING,MULTI_SOURCE_CONVERGENCE,79
EMG-EVT-00983,37,Tirupathur,2026-01-03 00:31:35,NEW_SIGNAL,CLUSTER_FORMATION_48H,70
EMG-EVT-00984,34,Nagapattinam,2024-11-13 13:27:15,NEW_SIGNAL,ANOMALY_CLEARED,71
EMG-EVT-00985,2,Coimbatore,2026-07-06 10:39:22,DISMISSED,FIRST_TIME_REPORT,77
EMG-EVT-00986,2,Coimbatore,2026-08-01 15:20:26,EMERGING,CLUSTER_FORMATION_48H,65
EMG-EVT-00987,32,Theni,2025-05-05 05:02:31,DISMISSED,FIRST_TIME_REPORT,70
EMG-EVT-00988,9,Vellore,2026-03-24 21:13:18,UNVERIFIED,CLUSTER_FORMATION_48H,88
EMG-EVT-00989,24,Nilgiris,2025-09-30 02:13:02,UNVERIFIED,MULTI_SOURCE_CONVERGENCE,73
EMG-EVT-00990,20,Viluppuram,2025-01-26 14:01:24,EMERGING,FIRST_TIME_REPORT,73
EMG-EVT-00991,32,Theni,2024-12-02 14:43:10,UNVERIFIED,FIRST_TIME_REPORT,72
EMG-EVT-00992,11,Dindigul,2025-12-05 09:32:12,UNVERIFIED,ANOMALY_CLEARED,73
EMG-EVT-00993,8,Erode,2026-02-01 17:45:45,DISMISSED,FIRST_TIME_REPORT,70
EMG-EVT-00994,37,Tirupathur,2026-04-08 03:21:23,PERSISTENT,ANOMALY_CLEARED,79
EMG-EVT-00995,6,Tirunelveli,2024-12-12 00:37:56,CORROBORATED,ANOMALY_CLEARED,71
EMG-EVT-00996,1,Chennai,2025-01-23 21:52:44,PERSISTENT,FIRST_TIME_REPORT,77
EMG-EVT-00997,4,Salem,2024-11-05 13:39:25,UNVERIFIED,FIRST_TIME_REPORT,83
EMG-EVT-00998,9,Vellore,2025-10-25 02:46:09,EMERGING,MULTI_SOURCE_CONVERGENCE,85
EMG-EVT-00999,6,Tirunelveli,2026-07-13 21:27:10,CORROBORATED,CLUSTER_FORMATION_48H,71
EMG-EVT-01000,33,Thiruvarur,2025-11-09 02:56:14,NEW_SIGNAL,MULTI_SOURCE_CONVERGENCE,88
EMG-EVT-01001,4,Salem,2025-10-03 21:41:45,CORROBORATED,FIRST_TIME_REPORT,77
EMG-EVT-01002,30,Ramanathapuram,2026-05-01 01:17:22,DISMISSED,FIRST_TIME_REPORT,75
EMG-EVT-01003,14,Kanniyakumari,2024-11-18 03:59:24,CORROBORATED,CLUSTER_FORMATION_48H,75
EMG-EVT-01004,2,Coimbatore,2025-05-20 05:21:24,CORROBORATED,CLUSTER_FORMATION_48H,62
EMG-EVT-01005,19,Cuddalore,2025-01-26 19:45:59,EMERGING,MULTI_SOURCE_CONVERGENCE,63
EMG-EVT-01006,11,Dindigul,2025-08-13 10:25:15,PERSISTENT,MULTI_SOURCE_CONVERGENCE,69
EMG-EVT-01007,4,Salem,2026-01-19 19:18:35,UNVERIFIED,ANOMALY_CLEARED,93
EMG-EVT-01008,14,Kanniyakumari,2026-03-20 13:10:30,CORROBORATED,FIRST_TIME_REPORT,86
EMG-EVT-01009,24,Nilgiris,2025-08-06 17:54:24,PERSISTENT,FIRST_TIME_REPORT,77
EMG-EVT-01010,32,Theni,2026-04-24 06:02:04,DISMISSED,ANOMALY_CLEARED,69
EMG-EVT-01011,34,Nagapattinam,2025-03-16 23:19:47,UNVERIFIED,FIRST_TIME_REPORT,78
EMG-EVT-01012,16,Kancheepuram,2025-05-03 19:39:23,PERSISTENT,ANOMALY_CLEARED,68
EMG-EVT-01013,12,Thanjavur,2024-12-27 18:15:05,UNVERIFIED,FIRST_TIME_REPORT,92
EMG-EVT-01014,26,Ariyalur,2025-08-08 14:32:17,DISMISSED,MULTI_SOURCE_CONVERGENCE,62
EMG-EVT-01015,20,Viluppuram,2025-09-04 10:43:30,CORROBORATED,MULTI_SOURCE_CONVERGENCE,88
EMG-EVT-01016,26,Ariyalur,2025-05-21 12:13:19,NEW_SIGNAL,MULTI_SOURCE_CONVERGENCE,82
EMG-EVT-01017,34,Nagapattinam,2026-03-11 05:25:44,EMERGING,ANOMALY_CLEARED,70
EMG-EVT-01018,15,Tenkasi,2026-01-20 02:44:44,DISMISSED,ANOMALY_CLEARED,66
EMG-EVT-01019,13,Thoothukudi,2026-06-16 22:43:46,EMERGING,CLUSTER_FORMATION_48H,62
EMG-EVT-01020,11,Dindigul,2026-06-03 09:37:53,EMERGING,CLUSTER_FORMATION_48H,87
EMG-EVT-01021,13,Thoothukudi,2025-09-28 12:41:49,UNVERIFIED,MULTI_SOURCE_CONVERGENCE,76
EMG-EVT-01022,22,Dharmapuri,2026-04-27 23:47:19,UNVERIFIED,FIRST_TIME_REPORT,64
EMG-EVT-01023,23,Namakkal,2024-11-07 03:44:55,NEW_SIGNAL,FIRST_TIME_REPORT,77
EMG-EVT-01024,34,Nagapattinam,2025-05-19 11:13:43,UNVERIFIED,MULTI_SOURCE_CONVERGENCE,73
EMG-EVT-01025,34,Nagapattinam,2025-01-13 01:05:52,DISMISSED,ANOMALY_CLEARED,91
EMG-EVT-01026,32,Theni,2025-01-14 18:19:24,DISMISSED,FIRST_TIME_REPORT,90
EMG-EVT-01027,23,Namakkal,2025-08-24 06:16:56,UNVERIFIED,FIRST_TIME_REPORT,65
EMG-EVT-01028,11,Dindigul,2026-07-27 23:34:35,EMERGING,FIRST_TIME_REPORT,94
EMG-EVT-01029,14,Kanniyakumari,2026-06-26 17:08:54,EMERGING,CLUSTER_FORMATION_48H,82
EMG-EVT-01030,20,Viluppuram,2026-03-02 09:11:40,NEW_SIGNAL,ANOMALY_CLEARED,90
EMG-EVT-01031,34,Nagapattinam,2025-07-30 20:58:37,NEW_SIGNAL,FIRST_TIME_REPORT,83
EMG-EVT-01032,7,Tiruppur,2025-01-28 13:09:59,UNVERIFIED,FIRST_TIME_REPORT,88
EMG-EVT-01033,36,Ranipet,2024-12-05 14:22:28,DISMISSED,ANOMALY_CLEARED,92
EMG-EVT-01034,9,Vellore,2026-08-02 00:11:56,PERSISTENT,ANOMALY_CLEARED,88
EMG-EVT-01035,31,Virudhunagar,2025-01-21 09:36:41,UNVERIFIED,ANOMALY_CLEARED,74
EMG-EVT-01036,9,Vellore,2026-02-18 15:58:57,DISMISSED,CLUSTER_FORMATION_48H,62
EMG-EVT-01037,24,Nilgiris,2025-04-08 04:17:16,DISMISSED,FIRST_TIME_REPORT,80
EMG-EVT-01038,24,Nilgiris,2024-12-14 02:56:11,CORROBORATED,FIRST_TIME_REPORT,85
EMG-EVT-01039,13,Thoothukudi,2025-11-27 00:25:47,UNVERIFIED,CLUSTER_FORMATION_48H,75
EMG-EVT-01040,9,Vellore,2026-06-27 19:17:32,CORROBORATED,MULTI_SOURCE_CONVERGENCE,69
EMG-EVT-01041,5,Tiruchirappalli,2026-06-11 23:29:50,NEW_SIGNAL,CLUSTER_FORMATION_48H,70
EMG-EVT-01042,10,Krishnagiri,2025-04-15 18:59:06,DISMISSED,FIRST_TIME_REPORT,69
EMG-EVT-01043,25,Karur,2025-05-25 06:41:56,PERSISTENT,MULTI_SOURCE_CONVERGENCE,73
EMG-EVT-01044,22,Dharmapuri,2025-05-23 00:51:17,UNVERIFIED,CLUSTER_FORMATION_48H,65
EMG-EVT-01045,14,Kanniyakumari,2025-06-28 23:41:48,UNVERIFIED,CLUSTER_FORMATION_48H,72
EMG-EVT-01046,25,Karur,2026-01-04 23:59:19,PERSISTENT,MULTI_SOURCE_CONVERGENCE,77
EMG-EVT-01047,12,Thanjavur,2025-01-25 01:10:20,UNVERIFIED,CLUSTER_FORMATION_48H,93
EMG-EVT-01048,9,Vellore,2025-12-31 06:57:16,NEW_SIGNAL,MULTI_SOURCE_CONVERGENCE,80
EMG-EVT-01049,33,Thiruvarur,2025-12-09 23:11:18,EMERGING,CLUSTER_FORMATION_48H,90
EMG-EVT-01050,11,Dindigul,2026-07-05 23:52:01,NEW_SIGNAL,FIRST_TIME_REPORT,81