outcome_id,ticket_id,resolved_at,operational_outcome,feedback_to_intelligence_model,outcome_confidence
OUT-2026-00001,TCK-2026-00001,2025-05-10 06:16:50,UNSUBSTANTIATED_TIP,MODEL_PREDICTION_VERIFIED,82
OUT-2026-00002,TCK-2026-00002,2025-08-06 13:59:39,SEIZURE_EXECUTED,MODEL_PREDICTION_VERIFIED,91
OUT-2026-00003,TCK-2026-00003,2025-06-17 13:55:09,CIVIL_SUPPORT_REFERRED,MODEL_PREDICTION_VERIFIED,95
OUT-2026-00004,TCK-2026-00004,2026-08-08 01:23:07,SEIZURE_EXECUTED,NEW_CORRIDOR_DISCOVERED,88
OUT-2026-00005,TCK-2026-00005,2025-10-17 15:08:52,UNSUBSTANTIATED_TIP,NEW_CORRIDOR_DISCOVERED,79
OUT-2026-00006,TCK-2026-00006,2026-04-30 03:28:25,PREVENTIVE_DETERRENCE_ACHIEVED,NEW_CORRIDOR_DISCOVERED,81
OUT-2026-00007,TCK-2026-00007,2025-04-22 07:59:49,SEIZURE_EXECUTED,MODEL_PREDICTION_VERIFIED,95
OUT-2026-00008,TCK-2026-00008,2025-10-13 05:06:05,CIVIL_SUPPORT_REFERRED,NEW_CORRIDOR_DISCOVERED,83
OUT-2026-00009,TCK-2026-00009,2025-12-08 00:25:53,SEIZURE_EXECUTED,MODEL_PREDICTION_VERIFIED,91
OUT-2026-00010,TCK-2026-00010,2026-07-30 05:47:44,PREVENTIVE_DETERRENCE_ACHIEVED,NEW_CORRIDOR_DISCOVERED,79
OUT-2026-00011,TCK-2026-00011,2026-03-19 11:36:34,CIVIL_SUPPORT_REFERRED,FALSE_ALARM_REPORTED,75
OUT-2026-00012,TCK-2026-00012,2026-02-17 21:17:16,UNSUBSTANTIATED_TIP,FALSE_ALARM_REPORTED,83
OUT-2026-00013,TCK-2026-00013,2026-08-09 06:34:25,UNSUBSTANTIATED_TIP,MODEL_PREDICTION_VERIFIED,99
OUT-2026-00014,TCK-2026-00014,2025-06-03 11:44:56,UNSUBSTANTIATED_TIP,FALSE_ALARM_REPORTED,83
OUT-2026-00015,TCK-2026-00015,2025-07-26 05:59:35,CIVIL_SUPPORT_REFERRED,MODEL_PREDICTION_VERIFIED,80
OUT-2026-00016,TCK-2026-00016,2026-01-16 14:30:30,SEIZURE_EXECUTED,MODEL_PREDICTION_VERIFIED,82
OUT-2026-00017,TCK-2026-00017,2026-05-22 09:38:08,PREVENTIVE_DETERRENCE_ACHIEVED,NEW_CORRIDOR_DISCOVERED,92
OUT-2026-00018,TCK-2026-00018,2025-06-23 10:40:43,SEIZURE_EXECUTED,FALSE_ALARM_REPORTED,93
OUT-2026-00019,TCK-2026-00019,2026-03-08 13:05:35,PREVENTIVE_DETERRENCE_ACHIEVED,MODEL_PREDICTION_VERIFIED,82
OUT-2026-00020,TCK-2026-00020,2025-07-19 23:21:37,SEIZURE_EXECUTED,FALSE_ALARM_REPORTED,76
OUT-2026-00021,TCK-2026-00021,2026-07-02 21:30:07,CIVIL_SUPPORT_REFERRED,MODEL_PREDICTION_VERIFIED,81
OUT-2026-00022,TCK-2026-00022,2025-09-30 22:05:30,PREVENTIVE_DETERRENCE_ACHIEVED,MODEL_PREDICTION_VERIFIED,97
OUT-2026-00023,TCK-2026-00023,2026-02-25 00:16:43,UNSUBSTANTIATED_TIP,NEW_CORRIDOR_DISCOVERED,83
OUT-2026-00024,TCK-2026-00024,2025-05-14 03:45:55,PREVENTIVE_DETERRENCE_ACHIEVED,FALSE_ALARM_REPORTED,91
OUT-2026-00025,TCK-2026-00025,2025-05-22 06:25:35,SEIZURE_EXECUTED,FALSE_ALARM_REPORTED,94
OUT-2026-00026,TCK-2026-00026,2025-07-04 21:01:11,PREVENTIVE_DETERRENCE_ACHIEVED,NEW_CORRIDOR_DISCOVERED,89
OUT-2026-00027,TCK-2026-00027,2025-11-08 00:49:56,UNSUBSTANTIATED_TIP,FALSE_ALARM_REPORTED,82
OUT-2026-00028,TCK-2026-00028,2026-06-20 17:51:03,UNSUBSTANTIATED_TIP,FALSE_ALARM_REPORTED,81
OUT-2026-00029,TCK-2026-00029,2026-03-02 21:44:50,SEIZURE_EXECUTED,NEW_CORRIDOR_DISCOVERED,86
OUT-2026-00030,TCK-2026-00030,2025-10-10 21:10:40,UNSUBSTANTIATED_TIP,NEW_CORRIDOR_DISCOVERED,85
OUT-2026-00031,TCK-2026-00031,2025-04-11 13:55:38,SEIZURE_EXECUTED,MODEL_PREDICTION_VERIFIED,92
OUT-2026-00032,TCK-2026-00032,2026-03-30 19:24:26,UNSUBSTANTIATED_TIP,MODEL_PREDICTION_VERIFIED,85
OUT-2026-00033,TCK-2026-00033,2025-04-20 21:17:26,CIVIL_SUPPORT_REFERRED,FALSE_ALARM_REPORTED,86
OUT-2026-00034,TCK-2026-00034,2025-06-28 01:18:10,UNSUBSTANTIATED_TIP,FALSE_ALARM_REPORTED,82
OUT-2026-00035,TCK-2026-00035,2025-12-13 11:42:45,SEIZURE_EXECUTED,FALSE_ALARM_REPORTED,93
OUT-2026-00036,TCK-2026-00036,2025-05-03 18:29:33,PREVENTIVE_DETERRENCE_ACHIEVED,NEW_CORRIDOR_DISCOVERED,77
OUT-2026-00037,TCK-2026-00037,2026-06-30 07:50:32,UNSUBSTANTIATED_TIP,FALSE_ALARM_REPORTED,89
OUT-2026-00038,TCK-2026-00038,2026-07-10 20:56:54,CIVIL_SUPPORT_REFERRED,NEW_CORRIDOR_DISCOVERED,81
OUT-2026-00039,TCK-2026-00039,2026-08-03 12:38:48,SEIZURE_EXECUTED,NEW_CORRIDOR_DISCOVERED,98
OUT-2026-00040,TCK-2026-00040,2026-01-20 03:36:10,PREVENTIVE_DETERRENCE_ACHIEVED,NEW_CORRIDOR_DISCOVERED,76
OUT-2026-00041,TCK-2026-00041,2025-11-08 16:36:34,PREVENTIVE_DETERRENCE_ACHIEVED,FALSE_ALARM_REPORTED,93
OUT-2026-00042,TCK-2026-00042,2026-07-18 09:31:02,PREVENTIVE_DETERRENCE_ACHIEVED,MODEL_PREDICTION_VERIFIED,89
OUT-2026-00043,TCK-2026-00043,2025-10-21 15:15:43,CIVIL_SUPPORT_REFERRED,FALSE_ALARM_REPORTED,93
OUT-2026-00044,TCK-2026-00044,2026-03-08 23:13:51,PREVENTIVE_DETERRENCE_ACHIEVED,NEW_CORRIDOR_DISCOVERED,93
OUT-2026-00045,TCK-2026-00045,2025-08-03 08:31:24,PREVENTIVE_DETERRENCE_ACHIEVED,NEW_CORRIDOR_DISCOVERED,78
OUT-2026-00046,TCK-2026-00046,2025-07-30 22:35:50,SEIZURE_EXECUTED,FALSE_ALARM_REPORTED,82
OUT-2026-00047,TCK-2026-00047,2026-08-13 09:15:13,PREVENTIVE_DETERRENCE_ACHIEVED,NEW_CORRIDOR_DISCOVERED,83
OUT-2026-00048,TCK-2026-00048,2025-11-10 04:29:10,UNSUBSTANTIATED_TIP,FALSE_ALARM_REPORTED,78
OUT-2026-00049,TCK-2026-00049,2026-08-14 06:50:29,CIVIL_SUPPORT_REFERRED,MODEL_PREDICTION_VERIFIED,81
OUT-2026-00050,TCK-2026-00050,2025-05-25 15:09:36,CIVIL_SUPPORT_REFERRED,FALSE_ALARM_REPORTED,92
OUT-2026-00051,TCK-2026-00051,2026-07-19 00:22:45,UNSUBSTANTIATED_TIP,FALSE_ALARM_REPORTED,84
OUT-2026-00052,TCK-2026-00052,2026-05-06 09:18:26,UNSUBSTANTIATED_TIP,NEW_CORRIDOR_DISCOVERED,82
OUT-2026-00053,TCK-2026-00053,2025-04-19 15:31:35,UNSUBSTANTIATED_TIP,MODEL_PREDICTION_VERIFIED,90
OUT-2026-00054,TCK-2026-00054,2026-07-23 12:35:40,PREVENTIVE_DETERRENCE_ACHIEVED,MODEL_PREDICTION_VERIFIED,78
OUT-2026-00055,TCK-2026-00055,2025-08-06 10:31:44,CIVIL_SUPPORT_REFERRED,MODEL_PREDICTION_VERIFIED,94
OUT-2026-00056,TCK-2026-00056,2026-07-11 04:00:37,SEIZURE_EXECUTED,NEW_CORRIDOR_DISCOVERED,95
OUT-2026-00057,TCK-2026-00057,2025-08-01 14:44:46,PREVENTIVE_DETERRENCE_ACHIEVED,NEW_CORRIDOR_DISCOVERED,82
OUT-2026-00058,TCK-2026-00058,2026-06-17 00:50:49,SEIZURE_EXECUTED,FALSE_ALARM_REPORTED,88
OUT-2026-00059,TCK-2026-00059,2026-05-30 05:26:06,UNSUBSTANTIATED_TIP,FALSE_ALARM_REPORTED,81
OUT-2026-00060,TCK-2026-00060,2026-01-25 15:50:21,CIVIL_SUPPORT_REFERRED,NEW_CORRIDOR_DISCOVERED,82
OUT-2026-00061,TCK-2026-00061,2025-08-26 11:05:07,SEIZURE_EXECUTED,FALSE_ALARM_REPORTED,88
OUT-2026-00062,TCK-2026-00062,2026-04-27 17:49:30,CIVIL_SUPPORT_REFERRED,NEW_CORRIDOR_DISCOVERED,87
OUT-2026-00063,TCK-2026-00063,2025-10-19 08:03:46,SEIZURE_EXECUTED,FALSE_ALARM_REPORTED,79
OUT-2026-00064,TCK-2026-00064,2025-09-14 05:12:35,SEIZURE_EXECUTED,FALSE_ALARM_REPORTED,95
OUT-2026-00065,TCK-2026-00065,2025-10-08 02:42:15,UNSUBSTANTIATED_TIP,MODEL_PREDICTION_VERIFIED,91
OUT-2026-00066,TCK-2026-00066,2026-03-21 06:33:15,PREVENTIVE_DETERRENCE_ACHIEVED,FALSE_ALARM_REPORTED,89
OUT-2026-00067,TCK-2026-00067,2025-08-19 15:32:09,UNSUBSTANTIATED_TIP,MODEL_PREDICTION_VERIFIED,81
OUT-2026-00068,TCK-2026-00068,2025-12-05 00:44:09,CIVIL_SUPPORT_REFERRED,MODEL_PREDICTION_VERIFIED,96
OUT-2026-00069,TCK-2026-00069,2026-03-18 04:18:27,UNSUBSTANTIATED_TIP,MODEL_PREDICTION_VERIFIED,91
OUT-2026-00070,TCK-2026-00070,2025-06-24 09:26:07,PREVENTIVE_DETERRENCE_ACHIEVED,FALSE_ALARM_REPORTED,96
OUT-2026-00071,TCK-2026-00071,2026-03-06 14:47:56,CIVIL_SUPPORT_REFERRED,FALSE_ALARM_REPORTED,86
OUT-2026-00072,TCK-2026-00072,2025-12-30 22:37:36,PREVENTIVE_DETERRENCE_ACHIEVED,NEW_CORRIDOR_DISCOVERED,85
OUT-2026-00073,TCK-2026-00073,2025-06-03 23:10:56,UNSUBSTANTIATED_TIP,NEW_CORRIDOR_DISCOVERED,83
OUT-2026-00074,TCK-2026-00074,2025-07-06 20:44:54,PREVENTIVE_DETERRENCE_ACHIEVED,MODEL_PREDICTION_VERIFIED,86
OUT-2026-00075,TCK-2026-00075,2026-06-10 15:31:53,PREVENTIVE_DETERRENCE_ACHIEVED,FALSE_ALARM_REPORTED,77
OUT-2026-00076,TCK-2026-00076,2026-03-07 12:38:52,PREVENTIVE_DETERRENCE_ACHIEVED,NEW_CORRIDOR_DISCOVERED,83
OUT-2026-00077,TCK-2026-00077,2026-08-14 03:35:48,UNSUBSTANTIATED_TIP,NEW_CORRIDOR_DISCOVERED,80
OUT-2026-00078,TCK-2026-00078,2025-09-22 20:22:13,SEIZURE_EXECUTED,MODEL_PREDICTION_VERIFIED,85
OUT-2026-00079,TCK-2026-00079,2026-07-29 03:29:38,UNSUBSTANTIATED_TIP,FALSE_ALARM_REPORTED,98
OUT-2026-00080,TCK-2026-00080,2025-11-03 19:38:26,UNSUBSTANTIATED_TIP,FALSE_ALARM_REPORTED,93
OUT-2026-00081,TCK-2026-00081,2025-11-16 19:18:03,CIVIL_SUPPORT_REFERRED,NEW_CORRIDOR_DISCOVERED,96
OUT-2026-00082,TCK-2026-00082,2025-07-06 00:17:18,UNSUBSTANTIATED_TIP,MODEL_PREDICTION_VERIFIED,94
OUT-2026-00083,TCK-2026-00083,2026-06-14 12:27:14,CIVIL_SUPPORT_REFERRED,FALSE_ALARM_REPORTED,84
OUT-2026-00084,TCK-2026-00084,2025-04-08 17:03:36,UNSUBSTANTIATED_TIP,NEW_CORRIDOR_DISCOVERED,97
OUT-2026-00085,TCK-2026-00085,2025-05-30 06:31:29,SEIZURE_EXECUTED,MODEL_PREDICTION_VERIFIED,78
OUT-2026-00086,TCK-2026-00086,2026-03-13 03:01:04,CIVIL_SUPPORT_REFERRED,NEW_CORRIDOR_DISCOVERED,85
OUT-2026-00087,TCK-2026-00087,2026-06-07 09:13:26,UNSUBSTANTIATED_TIP,MODEL_PREDICTION_VERIFIED,77
OUT-2026-00088,TCK-2026-00088,2025-05-13 11:02:02,UNSUBSTANTIATED_TIP,NEW_CORRIDOR_DISCOVERED,92
OUT-2026-00089,TCK-2026-00089,2025-07-05 17:04:42,CIVIL_SUPPORT_REFERRED,FALSE_ALARM_REPORTED,80
OUT-2026-00090,TCK-2026-00090,2026-02-13 08:23:48,CIVIL_SUPPORT_REFERRED,FALSE_ALARM_REPORTED,89
OUT-2026-00091,TCK-2026-00091,2025-04-29 11:53:50,SEIZURE_EXECUTED,FALSE_ALARM_REPORTED,94
OUT-2026-00092,TCK-2026-00092,2026-04-22 17:43:04,UNSUBSTANTIATED_TIP,MODEL_PREDICTION_VERIFIED,82
OUT-2026-00093,TCK-2026-00093,2025-05-15 22:46:09,PREVENTIVE_DETERRENCE_ACHIEVED,MODEL_PREDICTION_VERIFIED,83
OUT-2026-00094,TCK-2026-00094,2025-08-28 03:39:38,PREVENTIVE_DETERRENCE_ACHIEVED,MODEL_PREDICTION_VERIFIED,82
OUT-2026-00095,TCK-2026-00095,2025-11-27 09:18:25,CIVIL_SUPPORT_REFERRED,FALSE_ALARM_REPORTED,78
OUT-2026-00096,TCK-2026-00096,2025-05-31 20:02:59,SEIZURE_EXECUTED,MODEL_PREDICTION_VERIFIED,83
OUT-2026-00097,TCK-2026-00097,2026-05-22 11:36:48,PREVENTIVE_DETERRENCE_ACHIEVED,NEW_CORRIDOR_DISCOVERED,93
OUT-2026-00098,TCK-2026-00098,2026-07-13 18:57:14,PREVENTIVE_DETERRENCE_ACHIEVED,MODEL_PREDICTION_VERIFIED,76
OUT-2026-00099,TCK-2026-00099,2026-07-03 07:30:05,PREVENTIVE_DETERRENCE_ACHIEVED,NEW_CORRIDOR_DISCOVERED,76
OUT-2026-00100,TCK-2026-00100,2026-06-05 01:18:59,PREVENTIVE_DETERRENCE_ACHIEVED,MODEL_PREDICTION_VERIFIED,91
OUT-2026-00101,TCK-2026-00101,2025-11-25 11:21:55,PREVENTIVE_DETERRENCE_ACHIEVED,FALSE_ALARM_REPORTED,96
OUT-2026-00102,TCK-2026-00102,2026-01-01 07:15:08,PREVENTIVE_DETERRENCE_ACHIEVED,MODEL_PREDICTION_VERIFIED,94
OUT-2026-00103,TCK-2026-00103,2025-06-21 15:02:45,PREVENTIVE_DETERRENCE_ACHIEVED,NEW_CORRIDOR_DISCOVERED,76
OUT-2026-00104,TCK-2026-00104,2025-09-10 18:46:33,CIVIL_SUPPORT_REFERRED,FALSE_ALARM_REPORTED,78
OUT-2026-00105,TCK-2026-00105,2026-05-13 07:43:38,CIVIL_SUPPORT_REFERRED,NEW_CORRIDOR_DISCOVERED,81
OUT-2026-00106,TCK-2026-00106,2026-01-05 18:52:52,CIVIL_SUPPORT_REFERRED,MODEL_PREDICTION_VERIFIED,75
OUT-2026-00107,TCK-2026-00107,2025-06-13 19:41:13,UNSUBSTANTIATED_TIP,MODEL_PREDICTION_VERIFIED,75
OUT-2026-00108,TCK-2026-00108,2025-09-13 04:32:18,CIVIL_SUPPORT_REFERRED,NEW_CORRIDOR_DISCOVERED,75
OUT-2026-00109,TCK-2026-00109,2026-06-28 08:03:27,SEIZURE_EXECUTED,NEW_CORRIDOR_DISCOVERED,77
OUT-2026-00110,TCK-2026-00110,2025-11-11 13:03:50,CIVIL_SUPPORT_REFERRED,NEW_CORRIDOR_DISCOVERED,85
OUT-2026-00111,TCK-2026-00111,2025-10-22 13:37:52,CIVIL_SUPPORT_REFERRED,MODEL_PREDICTION_VERIFIED,91
OUT-2026-00112,TCK-2026-00112,2025-11-19 18:57:22,SEIZURE_EXECUTED,FALSE_ALARM_REPORTED,94
OUT-2026-00113,TCK-2026-00113,2026-06-20 21:05:12,CIVIL_SUPPORT_REFERRED,FALSE_ALARM_REPORTED,95
OUT-2026-00114,TCK-2026-00114,2026-03-08 01:07:12,SEIZURE_EXECUTED,MODEL_PREDICTION_VERIFIED,77
OUT-2026-00115,TCK-2026-00115,2026-06-01 03:05:39,SEIZURE_EXECUTED,MODEL_PREDICTION_VERIFIED,82
OUT-2026-00116,TCK-2026-00116,2025-11-05 00:29:14,UNSUBSTANTIATED_TIP,NEW_CORRIDOR_DISCOVERED,79
OUT-2026-00117,TCK-2026-00117,2025-08-23 01:42:51,SEIZURE_EXECUTED,FALSE_ALARM_REPORTED,87
OUT-2026-00118,TCK-2026-00118,2025-06-10 11:42:50,PREVENTIVE_DETERRENCE_ACHIEVED,FALSE_ALARM_REPORTED,83
OUT-2026-00119,TCK-2026-00119,2025-07-20 08:09:06,PREVENTIVE_DETERRENCE_ACHIEVED,NEW_CORRIDOR_DISCOVERED,80
OUT-2026-00120,TCK-2026-00120,2026-04-26 02:25:33,PREVENTIVE_DETERRENCE_ACHIEVED,MODEL_PREDICTION_VERIFIED,82
OUT-2026-00121,TCK-2026-00121,2026-02-12 17:23:27,SEIZURE_EXECUTED,FALSE_ALARM_REPORTED,93
OUT-2026-00122,TCK-2026-00122,2026-06-20 19:15:32,PREVENTIVE_DETERRENCE_ACHIEVED,NEW_CORRIDOR_DISCOVERED,78
OUT-2026-00123,TCK-2026-00123,2026-01-16 00:26:56,PREVENTIVE_DETERRENCE_ACHIEVED,FALSE_ALARM_REPORTED,83
OUT-2026-00124,TCK-2026-00124,2025-04-29 10:04:24,UNSUBSTANTIATED_TIP,FALSE_ALARM_REPORTED,96
OUT-2026-00125,TCK-2026-00125,2025-10-09 17:03:02,CIVIL_SUPPORT_REFERRED,NEW_CORRIDOR_DISCOVERED,84
OUT-2026-00126,TCK-2026-00126,2026-02-06 20:56:10,PREVENTIVE_DETERRENCE_ACHIEVED,MODEL_PREDICTION_VERIFIED,95
OUT-2026-00127,TCK-2026-00127,2025-06-24 18:05:51,PREVENTIVE_DETERRENCE_ACHIEVED,MODEL_PREDICTION_VERIFIED,77
OUT-2026-00128,TCK-2026-00128,2026-03-18 18:34:39,CIVIL_SUPPORT_REFERRED,NEW_CORRIDOR_DISCOVERED,89
OUT-2026-00129,TCK-2026-00129,2025-04-24 02:31:50,PREVENTIVE_DETERRENCE_ACHIEVED,NEW_CORRIDOR_DISCOVERED,81
OUT-2026-00130,TCK-2026-00130,2025-12-26 15:48:45,UNSUBSTANTIATED_TIP,FALSE_ALARM_REPORTED,82
OUT-2026-00131,TCK-2026-00131,2026-01-09 15:35:33,UNSUBSTANTIATED_TIP,MODEL_PREDICTION_VERIFIED,90
OUT-2026-00132,TCK-2026-00132,2025-11-01 03:55:56,CIVIL_SUPPORT_REFERRED,MODEL_PREDICTION_VERIFIED,77
OUT-2026-00133,TCK-2026-00133,2025-09-28 03:55:30,SEIZURE_EXECUTED,FALSE_ALARM_REPORTED,76
OUT-2026-00134,TCK-2026-00134,2026-05-05 07:55:58,CIVIL_SUPPORT_REFERRED,FALSE_ALARM_REPORTED,90
OUT-2026-00135,TCK-2026-00135,2025-04-11 16:15:54,CIVIL_SUPPORT_REFERRED,NEW_CORRIDOR_DISCOVERED,97
OUT-2026-00136,TCK-2026-00136,2025-09-08 11:01:18,CIVIL_SUPPORT_REFERRED,NEW_CORRIDOR_DISCOVERED,96
OUT-2026-00137,TCK-2026-00137,2026-01-23 04:06:52,UNSUBSTANTIATED_TIP,FALSE_ALARM_REPORTED,93
OUT-2026-00138,TCK-2026-00138,2025-04-11 13:00:42,CIVIL_SUPPORT_REFERRED,MODEL_PREDICTION_VERIFIED,99
OUT-2026-00139,TCK-2026-00139,2026-05-27 18:56:24,SEIZURE_EXECUTED,MODEL_PREDICTION_VERIFIED,81
OUT-2026-00140,TCK-2026-00140,2026-05-09 22:52:06,UNSUBSTANTIATED_TIP,FALSE_ALARM_REPORTED,97
OUT-2026-00141,TCK-2026-00141,2025-09-08 11:44:53,SEIZURE_EXECUTED,NEW_CORRIDOR_DISCOVERED,79
OUT-2026-00142,TCK-2026-00142,2025-08-18 00:41:47,PREVENTIVE_DETERRENCE_ACHIEVED,MODEL_PREDICTION_VERIFIED,76
OUT-2026-00143,TCK-2026-00143,2026-04-25 22:05:46,SEIZURE_EXECUTED,NEW_CORRIDOR_DISCOVERED,87
OUT-2026-00144,TCK-2026-00144,2026-06-08 21:38:47,UNSUBSTANTIATED_TIP,FALSE_ALARM_REPORTED,84
OUT-2026-00145,TCK-2026-00145,2025-05-21 08:23:10,CIVIL_SUPPORT_REFERRED,NEW_CORRIDOR_DISCOVERED,90
OUT-2026-00146,TCK-2026-00146,2026-04-15 23:11:14,PREVENTIVE_DETERRENCE_ACHIEVED,NEW_CORRIDOR_DISCOVERED,75
OUT-2026-00147,TCK-2026-00147,2025-12-31 06:05:25,SEIZURE_EXECUTED,FALSE_ALARM_REPORTED,86
OUT-2026-00148,TCK-2026-00148,2026-03-26 11:12:53,UNSUBSTANTIATED_TIP,FALSE_ALARM_REPORTED,78
OUT-2026-00149,TCK-2026-00149,2026-08-11 21:57:27,PREVENTIVE_DETERRENCE_ACHIEVED,NEW_CORRIDOR_DISCOVERED,94
OUT-2026-00150,TCK-2026-00150,2026-04-09 08:49:42,SEIZURE_EXECUTED,FALSE_ALARM_REPORTED,85
OUT-2026-00151,TCK-2026-00151,2025-10-03 07:59:56,PREVENTIVE_DETERRENCE_ACHIEVED,FALSE_ALARM_REPORTED,82
OUT-2026-00152,TCK-2026-00152,2026-01-25 18:55:26,UNSUBSTANTIATED_TIP,MODEL_PREDICTION_VERIFIED,97
OUT-2026-00153,TCK-2026-00153,2026-07-06 18:26:47,PREVENTIVE_DETERRENCE_ACHIEVED,NEW_CORRIDOR_DISCOVERED,91
OUT-2026-00154,TCK-2026-00154,2026-02-15 19:25:46,SEIZURE_EXECUTED,FALSE_ALARM_REPORTED,76
OUT-2026-00155,TCK-2026-00155,2025-11-20 02:32:01,PREVENTIVE_DETERRENCE_ACHIEVED,FALSE_ALARM_REPORTED,75
OUT-2026-00156,TCK-2026-00156,2025-11-20 03:45:21,UNSUBSTANTIATED_TIP,FALSE_ALARM_REPORTED,84
OUT-2026-00157,TCK-2026-00157,2025-08-02 03:55:59,SEIZURE_EXECUTED,MODEL_PREDICTION_VERIFIED,79
OUT-2026-00158,TCK-2026-00158,2025-05-31 03:59:01,UNSUBSTANTIATED_TIP,FALSE_ALARM_REPORTED,78
OUT-2026-00159,TCK-2026-00159,2026-07-21 11:45:51,PREVENTIVE_DETERRENCE_ACHIEVED,NEW_CORRIDOR_DISCOVERED,76
OUT-2026-00160,TCK-2026-00160,2025-05-19 21:55:04,CIVIL_SUPPORT_REFERRED,NEW_CORRIDOR_DISCOVERED,88
OUT-2026-00161,TCK-2026-00161,2025-11-13 02:40:50,CIVIL_SUPPORT_REFERRED,FALSE_ALARM_REPORTED,76
OUT-2026-00162,TCK-2026-00162,2026-03-06 13:56:29,SEIZURE_EXECUTED,FALSE_ALARM_REPORTED,87
OUT-2026-00163,TCK-2026-00163,2025-10-22 02:54:53,CIVIL_SUPPORT_REFERRED,NEW_CORRIDOR_DISCOVERED,83
OUT-2026-00164,TCK-2026-00164,2025-12-14 21:04:40,SEIZURE_EXECUTED,FALSE_ALARM_REPORTED,84
OUT-2026-00165,TCK-2026-00165,2026-07-27 09:47:59,PREVENTIVE_DETERRENCE_ACHIEVED,NEW_CORRIDOR_DISCOVERED,94
OUT-2026-00166,TCK-2026-00166,2025-07-13 16:35:42,PREVENTIVE_DETERRENCE_ACHIEVED,MODEL_PREDICTION_VERIFIED,98
OUT-2026-00167,TCK-2026-00167,2026-06-13 07:01:54,UNSUBSTANTIATED_TIP,MODEL_PREDICTION_VERIFIED,97
OUT-2026-00168,TCK-2026-00168,2025-11-13 17:15:47,CIVIL_SUPPORT_REFERRED,MODEL_PREDICTION_VERIFIED,86
OUT-2026-00169,TCK-2026-00169,2025-05-16 08:53:37,PREVENTIVE_DETERRENCE_ACHIEVED,FALSE_ALARM_REPORTED,95
OUT-2026-00170,TCK-2026-00170,2025-08-05 06:23:58,SEIZURE_EXECUTED,NEW_CORRIDOR_DISCOVERED,89
OUT-2026-00171,TCK-2026-00171,2025-09-13 02:06:51,SEIZURE_EXECUTED,FALSE_ALARM_REPORTED,79
OUT-2026-00172,TCK-2026-00172,2026-08-13 23:11:59,PREVENTIVE_DETERRENCE_ACHIEVED,FALSE_ALARM_REPORTED,79
OUT-2026-00173,TCK-2026-00173,2026-03-06 01:40:18,PREVENTIVE_DETERRENCE_ACHIEVED,NEW_CORRIDOR_DISCOVERED,89
OUT-2026-00174,TCK-2026-00174,2026-04-25 15:46:53,CIVIL_SUPPORT_REFERRED,MODEL_PREDICTION_VERIFIED,88
OUT-2026-00175,TCK-2026-00175,2025-05-04 20:18:32,CIVIL_SUPPORT_REFERRED,FALSE_ALARM_REPORTED,79
OUT-2026-00176,TCK-2026-00176,2026-03-17 01:34:41,SEIZURE_EXECUTED,NEW_CORRIDOR_DISCOVERED,91
OUT-2026-00177,TCK-2026-00177,2025-06-11 09:32:26,SEIZURE_EXECUTED,FALSE_ALARM_REPORTED,77
OUT-2026-00178,TCK-2026-00178,2025-09-04 18:19:00,PREVENTIVE_DETERRENCE_ACHIEVED,FALSE_ALARM_REPORTED,81
OUT-2026-00179,TCK-2026-00179,2025-09-24 15:42:18,CIVIL_SUPPORT_REFERRED,FALSE_ALARM_REPORTED,95
OUT-2026-00180,TCK-2026-00180,2025-12-14 03:16:30,PREVENTIVE_DETERRENCE_ACHIEVED,MODEL_PREDICTION_VERIFIED,88
OUT-2026-00181,TCK-2026-00181,2026-01-13 03:01:58,UNSUBSTANTIATED_TIP,FALSE_ALARM_REPORTED,91
OUT-2026-00182,TCK-2026-00182,2026-03-14 11:59:52,SEIZURE_EXECUTED,NEW_CORRIDOR_DISCOVERED,94
OUT-2026-00183,TCK-2026-00183,2025-11-02 05:12:10,UNSUBSTANTIATED_TIP,FALSE_ALARM_REPORTED,93
OUT-2026-00184,TCK-2026-00184,2025-09-04 05:19:44,UNSUBSTANTIATED_TIP,NEW_CORRIDOR_DISCOVERED,89
OUT-2026-00185,TCK-2026-00185,2026-04-08 03:56:53,SEIZURE_EXECUTED,NEW_CORRIDOR_DISCOVERED,84
OUT-2026-00186,TCK-2026-00186,2026-01-22 15:17:26,CIVIL_SUPPORT_REFERRED,MODEL_PREDICTION_VERIFIED,77
OUT-2026-00187,TCK-2026-00187,2026-05-04 21:49:34,SEIZURE_EXECUTED,NEW_CORRIDOR_DISCOVERED,96
OUT-2026-00188,TCK-2026-00188,2025-09-09 18:35:24,SEIZURE_EXECUTED,MODEL_PREDICTION_VERIFIED,86
OUT-2026-00189,TCK-2026-00189,2026-04-16 00:53:45,UNSUBSTANTIATED_TIP,MODEL_PREDICTION_VERIFIED,85
OUT-2026-00190,TCK-2026-00190,2026-07-03 13:39:41,CIVIL_SUPPORT_REFERRED,MODEL_PREDICTION_VERIFIED,83
OUT-2026-00191,TCK-2026-00191,2025-11-09 19:38:19,UNSUBSTANTIATED_TIP,MODEL_PREDICTION_VERIFIED,78
OUT-2026-00192,TCK-2026-00192,2026-06-12 17:00:47,PREVENTIVE_DETERRENCE_ACHIEVED,NEW_CORRIDOR_DISCOVERED,85
OUT-2026-00193,TCK-2026-00193,2025-07-06 17:14:20,UNSUBSTANTIATED_TIP,MODEL_PREDICTION_VERIFIED,80
OUT-2026-00194,TCK-2026-00194,2026-04-28 11:28:09,UNSUBSTANTIATED_TIP,FALSE_ALARM_REPORTED,91
OUT-2026-00195,TCK-2026-00195,2025-12-20 12:25:28,CIVIL_SUPPORT_REFERRED,NEW_CORRIDOR_DISCOVERED,89
OUT-2026-00196,TCK-2026-00196,2025-09-15 00:05:04,CIVIL_SUPPORT_REFERRED,MODEL_PREDICTION_VERIFIED,96
OUT-2026-00197,TCK-2026-00197,2025-05-24 16:33:17,UNSUBSTANTIATED_TIP,NEW_CORRIDOR_DISCOVERED,78
OUT-2026-00198,TCK-2026-00198,2025-07-13 20:28:53,UNSUBSTANTIATED_TIP,NEW_CORRIDOR_DISCOVERED,82
OUT-2026-00199,TCK-2026-00199,2026-05-06 04:16:47,SEIZURE_EXECUTED,NEW_CORRIDOR_DISCOVERED,97
OUT-2026-00200,TCK-2026-00200,2025-07-10 01:17:59,UNSUBSTANTIATED_TIP,MODEL_PREDICTION_VERIFIED,85
OUT-2026-00201,TCK-2026-00201,2025-05-28 15:30:57,CIVIL_SUPPORT_REFERRED,FALSE_ALARM_REPORTED,99
OUT-2026-00202,TCK-2026-00202,2026-07-14 20:20:48,PREVENTIVE_DETERRENCE_ACHIEVED,MODEL_PREDICTION_VERIFIED,90
OUT-2026-00203,TCK-2026-00203,2025-05-27 23:17:21,UNSUBSTANTIATED_TIP,FALSE_ALARM_REPORTED,97
OUT-2026-00204,TCK-2026-00204,2026-05-18 19:43:24,SEIZURE_EXECUTED,NEW_CORRIDOR_DISCOVERED,90
OUT-2026-00205,TCK-2026-00205,2025-05-23 16:35:06,UNSUBSTANTIATED_TIP,NEW_CORRIDOR_DISCOVERED,98
OUT-2026-00206,TCK-2026-00206,2025-08-12 12:02:51,PREVENTIVE_DETERRENCE_ACHIEVED,MODEL_PREDICTION_VERIFIED,89
OUT-2026-00207,TCK-2026-00207,2026-01-15 02:59:24,UNSUBSTANTIATED_TIP,NEW_CORRIDOR_DISCOVERED,99
OUT-2026-00208,TCK-2026-00208,2026-02-07 21:57:29,CIVIL_SUPPORT_REFERRED,FALSE_ALARM_REPORTED,82
OUT-2026-00209,TCK-2026-00209,2026-06-14 14:32:50,SEIZURE_EXECUTED,NEW_CORRIDOR_DISCOVERED,77
OUT-2026-00210,TCK-2026-00210,2026-02-06 18:16:18,PREVENTIVE_DETERRENCE_ACHIEVED,FALSE_ALARM_REPORTED,85
OUT-2026-00211,TCK-2026-00211,2026-02-04 05:21:55,SEIZURE_EXECUTED,FALSE_ALARM_REPORTED,82
OUT-2026-00212,TCK-2026-00212,2026-07-03 15:44:46,CIVIL_SUPPORT_REFERRED,NEW_CORRIDOR_DISCOVERED,95
OUT-2026-00213,TCK-2026-00213,2025-04-26 17:24:17,PREVENTIVE_DETERRENCE_ACHIEVED,MODEL_PREDICTION_VERIFIED,98
OUT-2026-00214,TCK-2026-00214,2025-08-03 04:33:54,CIVIL_SUPPORT_REFERRED,FALSE_ALARM_REPORTED,78
OUT-2026-00215,TCK-2026-00215,2026-01-21 09:33:10,SEIZURE_EXECUTED,FALSE_ALARM_REPORTED,96
OUT-2026-00216,TCK-2026-00216,2025-11-04 02:47:10,UNSUBSTANTIATED_TIP,NEW_CORRIDOR_DISCOVERED,87
OUT-2026-00217,TCK-2026-00217,2025-11-25 19:04:20,SEIZURE_EXECUTED,MODEL_PREDICTION_VERIFIED,91
OUT-2026-00218,TCK-2026-00218,2025-12-10 01:28:52,PREVENTIVE_DETERRENCE_ACHIEVED,MODEL_PREDICTION_VERIFIED,91
OUT-2026-00219,TCK-2026-00219,2025-06-22 16:37:23,SEIZURE_EXECUTED,FALSE_ALARM_REPORTED,87
OUT-2026-00220,TCK-2026-00220,2026-04-16 16:16:57,SEIZURE_EXECUTED,FALSE_ALARM_REPORTED,83
OUT-2026-00221,TCK-2026-00221,2026-05-27 11:09:55,UNSUBSTANTIATED_TIP,MODEL_PREDICTION_VERIFIED,98
OUT-2026-00222,TCK-2026-00222,2026-08-14 10:17:32,PREVENTIVE_DETERRENCE_ACHIEVED,FALSE_ALARM_REPORTED,77
OUT-2026-00223,TCK-2026-00223,2025-08-24 23:02:13,UNSUBSTANTIATED_TIP,FALSE_ALARM_REPORTED,96
OUT-2026-00224,TCK-2026-00224,2026-05-24 00:15:27,CIVIL_SUPPORT_REFERRED,MODEL_PREDICTION_VERIFIED,99
OUT-2026-00225,TCK-2026-00225,2025-07-28 23:27:32,SEIZURE_EXECUTED,NEW_CORRIDOR_DISCOVERED,79
OUT-2026-00226,TCK-2026-00226,2025-11-30 13:02:48,UNSUBSTANTIATED_TIP,FALSE_ALARM_REPORTED,75
OUT-2026-00227,TCK-2026-00227,2026-05-13 07:47:50,UNSUBSTANTIATED_TIP,NEW_CORRIDOR_DISCOVERED,84
OUT-2026-00228,TCK-2026-00228,2025-05-23 02:21:49,CIVIL_SUPPORT_REFERRED,FALSE_ALARM_REPORTED,97
OUT-2026-00229,TCK-2026-00229,2025-06-12 22:16:57,UNSUBSTANTIATED_TIP,FALSE_ALARM_REPORTED,96
OUT-2026-00230,TCK-2026-00230,2026-04-07 20:52:28,UNSUBSTANTIATED_TIP,FALSE_ALARM_REPORTED,94
OUT-2026-00231,TCK-2026-00231,2026-05-07 09:23:35,SEIZURE_EXECUTED,NEW_CORRIDOR_DISCOVERED,99
OUT-2026-00232,TCK-2026-00232,2025-12-11 00:18:32,SEIZURE_EXECUTED,NEW_CORRIDOR_DISCOVERED,85
OUT-2026-00233,TCK-2026-00233,2025-09-15 00:41:52,PREVENTIVE_DETERRENCE_ACHIEVED,MODEL_PREDICTION_VERIFIED,95
OUT-2026-00234,TCK-2026-00234,2025-07-13 12:23:58,PREVENTIVE_DETERRENCE_ACHIEVED,FALSE_ALARM_REPORTED,77
OUT-2026-00235,TCK-2026-00235,2025-09-22 07:34:45,CIVIL_SUPPORT_REFERRED,MODEL_PREDICTION_VERIFIED,93
OUT-2026-00236,TCK-2026-00236,2025-04-22 06:39:13,PREVENTIVE_DETERRENCE_ACHIEVED,MODEL_PREDICTION_VERIFIED,76
OUT-2026-00237,TCK-2026-00237,2025-12-12 20:44:59,CIVIL_SUPPORT_REFERRED,MODEL_PREDICTION_VERIFIED,75
OUT-2026-00238,TCK-2026-00238,2025-08-24 04:40:15,UNSUBSTANTIATED_TIP,MODEL_PREDICTION_VERIFIED,87
OUT-2026-00239,TCK-2026-00239,2025-05-17 04:58:58,UNSUBSTANTIATED_TIP,FALSE_ALARM_REPORTED,83
OUT-2026-00240,TCK-2026-00240,2025-12-19 09:55:14,CIVIL_SUPPORT_REFERRED,NEW_CORRIDOR_DISCOVERED,89
OUT-2026-00241,TCK-2026-00241,2025-10-07 18:10:22,UNSUBSTANTIATED_TIP,NEW_CORRIDOR_DISCOVERED,78
OUT-2026-00242,TCK-2026-00242,2026-07-20 21:13:31,PREVENTIVE_DETERRENCE_ACHIEVED,MODEL_PREDICTION_VERIFIED,77
OUT-2026-00243,TCK-2026-00243,2026-02-28 21:36:52,UNSUBSTANTIATED_TIP,MODEL_PREDICTION_VERIFIED,95
OUT-2026-00244,TCK-2026-00244,2026-01-28 20:39:57,SEIZURE_EXECUTED,NEW_CORRIDOR_DISCOVERED,86
OUT-2026-00245,TCK-2026-00245,2026-02-09 21:17:27,CIVIL_SUPPORT_REFERRED,NEW_CORRIDOR_DISCOVERED,90
OUT-2026-00246,TCK-2026-00246,2026-02-17 07:04:00,PREVENTIVE_DETERRENCE_ACHIEVED,NEW_CORRIDOR_DISCOVERED,79
OUT-2026-00247,TCK-2026-00247,2026-02-06 09:02:58,UNSUBSTANTIATED_TIP,FALSE_ALARM_REPORTED,95
OUT-2026-00248,TCK-2026-00248,2026-02-25 11:26:32,PREVENTIVE_DETERRENCE_ACHIEVED,MODEL_PREDICTION_VERIFIED,98
OUT-2026-00249,TCK-2026-00249,2026-06-27 21:37:19,CIVIL_SUPPORT_REFERRED,FALSE_ALARM_REPORTED,94
OUT-2026-00250,TCK-2026-00250,2025-10-12 00:23:29,UNSUBSTANTIATED_TIP,NEW_CORRIDOR_DISCOVERED,75
OUT-2026-00251,TCK-2026-00251,2026-03-01 18:37:13,UNSUBSTANTIATED_TIP,NEW_CORRIDOR_DISCOVERED,94
OUT-2026-00252,TCK-2026-00252,2025-05-17 03:02:41,CIVIL_SUPPORT_REFERRED,FALSE_ALARM_REPORTED,89
OUT-2026-00253,TCK-2026-00253,2025-06-18 02:57:39,UNSUBSTANTIATED_TIP,FALSE_ALARM_REPORTED,94
OUT-2026-00254,TCK-2026-00254,2025-10-03 09:22:23,PREVENTIVE_DETERRENCE_ACHIEVED,FALSE_ALARM_REPORTED,77
OUT-2026-00255,TCK-2026-00255,2026-05-08 05:47:36,CIVIL_SUPPORT_REFERRED,NEW_CORRIDOR_DISCOVERED,76
OUT-2026-00256,TCK-2026-00256,2025-12-20 05:44:16,SEIZURE_EXECUTED,MODEL_PREDICTION_VERIFIED,85
OUT-2026-00257,TCK-2026-00257,2026-04-25 15:13:55,UNSUBSTANTIATED_TIP,FALSE_ALARM_REPORTED,80
OUT-2026-00258,TCK-2026-00258,2026-07-14 21:54:42,UNSUBSTANTIATED_TIP,NEW_CORRIDOR_DISCOVERED,88
OUT-2026-00259,TCK-2026-00259,2026-07-10 00:09:14,PREVENTIVE_DETERRENCE_ACHIEVED,NEW_CORRIDOR_DISCOVERED,92
OUT-2026-00260,TCK-2026-00260,2026-03-19 21:51:43,SEIZURE_EXECUTED,NEW_CORRIDOR_DISCOVERED,80
OUT-2026-00261,TCK-2026-00261,2026-07-13 12:39:22,UNSUBSTANTIATED_TIP,FALSE_ALARM_REPORTED,75
OUT-2026-00262,TCK-2026-00262,2026-01-28 20:12:21,SEIZURE_EXECUTED,NEW_CORRIDOR_DISCOVERED,85
OUT-2026-00263,TCK-2026-00263,2026-06-26 05:00:31,UNSUBSTANTIATED_TIP,MODEL_PREDICTION_VERIFIED,75
OUT-2026-00264,TCK-2026-00264,2025-09-29 21:48:42,CIVIL_SUPPORT_REFERRED,NEW_CORRIDOR_DISCOVERED,76
OUT-2026-00265,TCK-2026-00265,2026-02-27 12:04:20,SEIZURE_EXECUTED,FALSE_ALARM_REPORTED,78
OUT-2026-00266,TCK-2026-00266,2026-07-04 23:14:00,SEIZURE_EXECUTED,FALSE_ALARM_REPORTED,90
OUT-2026-00267,TCK-2026-00267,2026-06-06 08:27:48,CIVIL_SUPPORT_REFERRED,NEW_CORRIDOR_DISCOVERED,87
OUT-2026-00268,TCK-2026-00268,2026-05-10 01:11:37,PREVENTIVE_DETERRENCE_ACHIEVED,MODEL_PREDICTION_VERIFIED,94
OUT-2026-00269,TCK-2026-00269,2026-07-22 21:00:58,UNSUBSTANTIATED_TIP,MODEL_PREDICTION_VERIFIED,80
OUT-2026-00270,TCK-2026-00270,2025-09-04 14:10:58,CIVIL_SUPPORT_REFERRED,FALSE_ALARM_REPORTED,83
OUT-2026-00271,TCK-2026-00271,2026-04-03 23:25:41,CIVIL_SUPPORT_REFERRED,MODEL_PREDICTION_VERIFIED,95
OUT-2026-00272,TCK-2026-00272,2026-03-09 20:39:03,PREVENTIVE_DETERRENCE_ACHIEVED,MODEL_PREDICTION_VERIFIED,85
OUT-2026-00273,TCK-2026-00273,2025-09-27 00:00:18,PREVENTIVE_DETERRENCE_ACHIEVED,NEW_CORRIDOR_DISCOVERED,85
OUT-2026-00274,TCK-2026-00274,2026-05-21 16:29:56,UNSUBSTANTIATED_TIP,FALSE_ALARM_REPORTED,87
OUT-2026-00275,TCK-2026-00275,2025-12-17 21:13:04,SEIZURE_EXECUTED,NEW_CORRIDOR_DISCOVERED,98
OUT-2026-00276,TCK-2026-00276,2026-01-25 00:12:56,SEIZURE_EXECUTED,FALSE_ALARM_REPORTED,99
OUT-2026-00277,TCK-2026-00277,2026-07-16 07:44:03,UNSUBSTANTIATED_TIP,MODEL_PREDICTION_VERIFIED,79
OUT-2026-00278,TCK-2026-00278,2026-01-27 15:01:02,PREVENTIVE_DETERRENCE_ACHIEVED,NEW_CORRIDOR_DISCOVERED,98
OUT-2026-00279,TCK-2026-00279,2026-04-29 06:28:04,UNSUBSTANTIATED_TIP,NEW_CORRIDOR_DISCOVERED,96
OUT-2026-00280,TCK-2026-00280,2026-02-11 14:47:33,UNSUBSTANTIATED_TIP,FALSE_ALARM_REPORTED,97
OUT-2026-00281,TCK-2026-00281,2026-05-07 21:06:53,UNSUBSTANTIATED_TIP,NEW_CORRIDOR_DISCOVERED,95
OUT-2026-00282,TCK-2026-00282,2025-04-22 03:00:53,UNSUBSTANTIATED_TIP,NEW_CORRIDOR_DISCOVERED,86
OUT-2026-00283,TCK-2026-00283,2026-01-16 06:15:34,PREVENTIVE_DETERRENCE_ACHIEVED,MODEL_PREDICTION_VERIFIED,79
OUT-2026-00284,TCK-2026-00284,2026-07-20 04:45:12,PREVENTIVE_DETERRENCE_ACHIEVED,NEW_CORRIDOR_DISCOVERED,95
OUT-2026-00285,TCK-2026-00285,2026-06-25 16:47:06,PREVENTIVE_DETERRENCE_ACHIEVED,NEW_CORRIDOR_DISCOVERED,99
OUT-2026-00286,TCK-2026-00286,2026-01-14 13:02:42,PREVENTIVE_DETERRENCE_ACHIEVED,NEW_CORRIDOR_DISCOVERED,88
OUT-2026-00287,TCK-2026-00287,2025-07-18 10:08:37,SEIZURE_EXECUTED,NEW_CORRIDOR_DISCOVERED,87
OUT-2026-00288,TCK-2026-00288,2026-06-07 01:40:26,CIVIL_SUPPORT_REFERRED,NEW_CORRIDOR_DISCOVERED,93
OUT-2026-00289,TCK-2026-00289,2026-03-23 01:54:23,SEIZURE_EXECUTED,NEW_CORRIDOR_DISCOVERED,93
OUT-2026-00290,TCK-2026-00290,2026-04-21 00:45:39,PREVENTIVE_DETERRENCE_ACHIEVED,MODEL_PREDICTION_VERIFIED,84
OUT-2026-00291,TCK-2026-00291,2026-07-12 20:27:52,UNSUBSTANTIATED_TIP,MODEL_PREDICTION_VERIFIED,91
OUT-2026-00292,TCK-2026-00292,2025-10-15 00:51:05,UNSUBSTANTIATED_TIP,FALSE_ALARM_REPORTED,79
OUT-2026-00293,TCK-2026-00293,2026-03-02 15:47:54,CIVIL_SUPPORT_REFERRED,FALSE_ALARM_REPORTED,78
OUT-2026-00294,TCK-2026-00294,2026-01-10 02:34:36,PREVENTIVE_DETERRENCE_ACHIEVED,NEW_CORRIDOR_DISCOVERED,86
OUT-2026-00295,TCK-2026-00295,2025-10-20 22:30:27,CIVIL_SUPPORT_REFERRED,NEW_CORRIDOR_DISCOVERED,89
OUT-2026-00296,TCK-2026-00296,2025-06-07 19:53:13,UNSUBSTANTIATED_TIP,NEW_CORRIDOR_DISCOVERED,87
OUT-2026-00297,TCK-2026-00297,2025-11-25 05:47:04,UNSUBSTANTIATED_TIP,FALSE_ALARM_REPORTED,96
OUT-2026-00298,TCK-2026-00298,2026-01-09 23:51:29,PREVENTIVE_DETERRENCE_ACHIEVED,MODEL_PREDICTION_VERIFIED,91
OUT-2026-00299,TCK-2026-00299,2026-03-05 11:05:38,PREVENTIVE_DETERRENCE_ACHIEVED,MODEL_PREDICTION_VERIFIED,82
OUT-2026-00300,TCK-2026-00300,2025-06-16 08:43:57,UNSUBSTANTIATED_TIP,NEW_CORRIDOR_DISCOVERED,98
OUT-2026-00301,TCK-2026-00301,2026-05-13 01:45:33,SEIZURE_EXECUTED,MODEL_PREDICTION_VERIFIED,81
OUT-2026-00302,TCK-2026-00302,2026-05-19 16:11:13,UNSUBSTANTIATED_TIP,NEW_CORRIDOR_DISCOVERED,88
OUT-2026-00303,TCK-2026-00303,2025-05-08 17:38:11,CIVIL_SUPPORT_REFERRED,MODEL_PREDICTION_VERIFIED,85
OUT-2026-00304,TCK-2026-00304,2026-03-02 03:15:43,PREVENTIVE_DETERRENCE_ACHIEVED,MODEL_PREDICTION_VERIFIED,95
OUT-2026-00305,TCK-2026-00305,2026-01-23 22:06:32,SEIZURE_EXECUTED,MODEL_PREDICTION_VERIFIED,80
OUT-2026-00306,TCK-2026-00306,2026-04-09 06:33:23,CIVIL_SUPPORT_REFERRED,FALSE_ALARM_REPORTED,91
OUT-2026-00307,TCK-2026-00307,2026-01-05 02:29:23,UNSUBSTANTIATED_TIP,MODEL_PREDICTION_VERIFIED,98
OUT-2026-00308,TCK-2026-00308,2025-06-23 04:45:11,UNSUBSTANTIATED_TIP,FALSE_ALARM_REPORTED,99
OUT-2026-00309,TCK-2026-00309,2026-03-15 16:50:42,UNSUBSTANTIATED_TIP,NEW_CORRIDOR_DISCOVERED,85
OUT-2026-00310,TCK-2026-00310,2025-10-05 05:43:33,UNSUBSTANTIATED_TIP,NEW_CORRIDOR_DISCOVERED,98
OUT-2026-00311,TCK-2026-00311,2026-06-18 18:19:41,UNSUBSTANTIATED_TIP,MODEL_PREDICTION_VERIFIED,88
OUT-2026-00312,TCK-2026-00312,2026-08-01 02:55:20,PREVENTIVE_DETERRENCE_ACHIEVED,MODEL_PREDICTION_VERIFIED,86
OUT-2026-00313,TCK-2026-00313,2025-08-15 13:10:51,UNSUBSTANTIATED_TIP,NEW_CORRIDOR_DISCOVERED,88
OUT-2026-00314,TCK-2026-00314,2026-05-25 04:05:22,PREVENTIVE_DETERRENCE_ACHIEVED,MODEL_PREDICTION_VERIFIED,87
OUT-2026-00315,TCK-2026-00315,2025-05-14 09:01:14,SEIZURE_EXECUTED,NEW_CORRIDOR_DISCOVERED,85
OUT-2026-00316,TCK-2026-00316,2026-01-31 08:58:22,SEIZURE_EXECUTED,FALSE_ALARM_REPORTED,90
OUT-2026-00317,TCK-2026-00317,2026-08-10 19:20:22,UNSUBSTANTIATED_TIP,FALSE_ALARM_REPORTED,75
OUT-2026-00318,TCK-2026-00318,2025-07-06 23:51:06,PREVENTIVE_DETERRENCE_ACHIEVED,NEW_CORRIDOR_DISCOVERED,84
OUT-2026-00319,TCK-2026-00319,2026-01-22 12:17:43,UNSUBSTANTIATED_TIP,MODEL_PREDICTION_VERIFIED,98
OUT-2026-00320,TCK-2026-00320,2026-02-20 05:54:14,SEIZURE_EXECUTED,MODEL_PREDICTION_VERIFIED,94
OUT-2026-00321,TCK-2026-00321,2026-07-20 15:00:58,SEIZURE_EXECUTED,MODEL_PREDICTION_VERIFIED,90
OUT-2026-00322,TCK-2026-00322,2026-06-14 04:53:53,CIVIL_SUPPORT_REFERRED,MODEL_PREDICTION_VERIFIED,90
OUT-2026-00323,TCK-2026-00323,2025-08-31 21:16:22,PREVENTIVE_DETERRENCE_ACHIEVED,MODEL_PREDICTION_VERIFIED,99
OUT-2026-00324,TCK-2026-00324,2025-07-29 07:51:56,CIVIL_SUPPORT_REFERRED,NEW_CORRIDOR_DISCOVERED,93
OUT-2026-00325,TCK-2026-00325,2026-03-03 01:14:33,SEIZURE_EXECUTED,MODEL_PREDICTION_VERIFIED,86
OUT-2026-00326,TCK-2026-00326,2026-07-29 10:38:18,UNSUBSTANTIATED_TIP,NEW_CORRIDOR_DISCOVERED,99
OUT-2026-00327,TCK-2026-00327,2026-01-06 07:05:34,CIVIL_SUPPORT_REFERRED,MODEL_PREDICTION_VERIFIED,90
OUT-2026-00328,TCK-2026-00328,2025-06-23 16:21:57,CIVIL_SUPPORT_REFERRED,NEW_CORRIDOR_DISCOVERED,90
OUT-2026-00329,TCK-2026-00329,2025-05-05 09:42:39,UNSUBSTANTIATED_TIP,MODEL_PREDICTION_VERIFIED,93
OUT-2026-00330,TCK-2026-00330,2026-03-18 03:59:06,PREVENTIVE_DETERRENCE_ACHIEVED,NEW_CORRIDOR_DISCOVERED,94
OUT-2026-00331,TCK-2026-00331,2025-11-23 00:58:32,UNSUBSTANTIATED_TIP,MODEL_PREDICTION_VERIFIED,90
OUT-2026-00332,TCK-2026-00332,2025-10-19 08:08:52,UNSUBSTANTIATED_TIP,NEW_CORRIDOR_DISCOVERED,83
OUT-2026-00333,TCK-2026-00333,2025-05-14 06:09:49,UNSUBSTANTIATED_TIP,FALSE_ALARM_REPORTED,79
OUT-2026-00334,TCK-2026-00334,2026-06-07 01:11:19,SEIZURE_EXECUTED,FALSE_ALARM_REPORTED,91
OUT-2026-00335,TCK-2026-00335,2026-03-12 05:59:14,CIVIL_SUPPORT_REFERRED,FALSE_ALARM_REPORTED,79
OUT-2026-00336,TCK-2026-00336,2026-01-08 14:34:43,UNSUBSTANTIATED_TIP,FALSE_ALARM_REPORTED,83
OUT-2026-00337,TCK-2026-00337,2025-09-30 15:27:03,UNSUBSTANTIATED_TIP,MODEL_PREDICTION_VERIFIED,83
OUT-2026-00338,TCK-2026-00338,2025-10-14 16:23:59,UNSUBSTANTIATED_TIP,MODEL_PREDICTION_VERIFIED,83
OUT-2026-00339,TCK-2026-00339,2025-08-22 14:08:20,PREVENTIVE_DETERRENCE_ACHIEVED,MODEL_PREDICTION_VERIFIED,86
OUT-2026-00340,TCK-2026-00340,2025-07-14 16:11:20,CIVIL_SUPPORT_REFERRED,MODEL_PREDICTION_VERIFIED,75
OUT-2026-00341,TCK-2026-00341,2025-11-07 00:49:42,CIVIL_SUPPORT_REFERRED,FALSE_ALARM_REPORTED,89
OUT-2026-00342,TCK-2026-00342,2025-07-13 04:58:30,PREVENTIVE_DETERRENCE_ACHIEVED,FALSE_ALARM_REPORTED,97
OUT-2026-00343,TCK-2026-00343,2026-03-29 14:03:22,PREVENTIVE_DETERRENCE_ACHIEVED,FALSE_ALARM_REPORTED,78
OUT-2026-00344,TCK-2026-00344,2025-11-23 03:30:25,UNSUBSTANTIATED_TIP,MODEL_PREDICTION_VERIFIED,82
OUT-2026-00345,TCK-2026-00345,2026-03-19 06:11:42,UNSUBSTANTIATED_TIP,NEW_CORRIDOR_DISCOVERED,88
OUT-2026-00346,TCK-2026-00346,2026-01-23 22:44:41,SEIZURE_EXECUTED,FALSE_ALARM_REPORTED,96
OUT-2026-00347,TCK-2026-00347,2025-12-09 14:04:34,PREVENTIVE_DETERRENCE_ACHIEVED,NEW_CORRIDOR_DISCOVERED,76
OUT-2026-00348,TCK-2026-00348,2025-09-10 12:22:49,SEIZURE_EXECUTED,MODEL_PREDICTION_VERIFIED,88
OUT-2026-00349,TCK-2026-00349,2025-04-29 17:01:29,PREVENTIVE_DETERRENCE_ACHIEVED,FALSE_ALARM_REPORTED,94
OUT-2026-00350,TCK-2026-00350,2025-10-03 18:04:59,UNSUBSTANTIATED_TIP,MODEL_PREDICTION_VERIFIED,88
OUT-2026-00351,TCK-2026-00351,2026-02-16 13:41:19,CIVIL_SUPPORT_REFERRED,FALSE_ALARM_REPORTED,80
OUT-2026-00352,TCK-2026-00352,2026-04-11 21:28:06,CIVIL_SUPPORT_REFERRED,NEW_CORRIDOR_DISCOVERED,84
OUT-2026-00353,TCK-2026-00353,2026-06-23 13:37:23,PREVENTIVE_DETERRENCE_ACHIEVED,MODEL_PREDICTION_VERIFIED,90
OUT-2026-00354,TCK-2026-00354,2026-07-03 01:26:40,SEIZURE_EXECUTED,FALSE_ALARM_REPORTED,76
OUT-2026-00355,TCK-2026-00355,2026-08-11 18:07:18,UNSUBSTANTIATED_TIP,FALSE_ALARM_REPORTED,98
OUT-2026-00356,TCK-2026-00356,2026-06-16 02:45:24,CIVIL_SUPPORT_REFERRED,FALSE_ALARM_REPORTED,87
OUT-2026-00357,TCK-2026-00357,2026-07-06 10:54:49,UNSUBSTANTIATED_TIP,NEW_CORRIDOR_DISCOVERED,96
OUT-2026-00358,TCK-2026-00358,2025-11-26 06:15:19,SEIZURE_EXECUTED,MODEL_PREDICTION_VERIFIED,91
OUT-2026-00359,TCK-2026-00359,2026-06-23 19:45:06,SEIZURE_EXECUTED,NEW_CORRIDOR_DISCOVERED,88
OUT-2026-00360,TCK-2026-00360,2025-12-07 17:29:37,CIVIL_SUPPORT_REFERRED,NEW_CORRIDOR_DISCOVERED,75
OUT-2026-00361,TCK-2026-00361,2025-11-05 22:28:27,SEIZURE_EXECUTED,NEW_CORRIDOR_DISCOVERED,94
OUT-2026-00362,TCK-2026-00362,2025-10-17 06:47:36,CIVIL_SUPPORT_REFERRED,FALSE_ALARM_REPORTED,82
OUT-2026-00363,TCK-2026-00363,2026-01-17 10:23:25,CIVIL_SUPPORT_REFERRED,FALSE_ALARM_REPORTED,80
OUT-2026-00364,TCK-2026-00364,2026-01-19 15:17:04,SEIZURE_EXECUTED,MODEL_PREDICTION_VERIFIED,91
OUT-2026-00365,TCK-2026-00365,2026-07-31 22:47:27,PREVENTIVE_DETERRENCE_ACHIEVED,NEW_CORRIDOR_DISCOVERED,75
OUT-2026-00366,TCK-2026-00366,2026-02-02 15:09:49,SEIZURE_EXECUTED,NEW_CORRIDOR_DISCOVERED,80
OUT-2026-00367,TCK-2026-00367,2025-11-13 04:04:10,SEIZURE_EXECUTED,MODEL_PREDICTION_VERIFIED,88
OUT-2026-00368,TCK-2026-00368,2026-02-15 04:57:56,SEIZURE_EXECUTED,NEW_CORRIDOR_DISCOVERED,79
OUT-2026-00369,TCK-2026-00369,2025-11-22 10:13:45,UNSUBSTANTIATED_TIP,MODEL_PREDICTION_VERIFIED,79
OUT-2026-00370,TCK-2026-00370,2025-06-06 13:06:23,CIVIL_SUPPORT_REFERRED,MODEL_PREDICTION_VERIFIED,80
OUT-2026-00371,TCK-2026-00371,2026-03-04 06:55:15,PREVENTIVE_DETERRENCE_ACHIEVED,MODEL_PREDICTION_VERIFIED,78
OUT-2026-00372,TCK-2026-00372,2025-12-08 10:22:28,SEIZURE_EXECUTED,MODEL_PREDICTION_VERIFIED,79
OUT-2026-00373,TCK-2026-00373,2025-12-09 10:09:27,CIVIL_SUPPORT_REFERRED,MODEL_PREDICTION_VERIFIED,80
OUT-2026-00374,TCK-2026-00374,2026-06-14 06:07:30,PREVENTIVE_DETERRENCE_ACHIEVED,NEW_CORRIDOR_DISCOVERED,78
OUT-2026-00375,TCK-2026-00375,2025-09-07 14:48:14,SEIZURE_EXECUTED,NEW_CORRIDOR_DISCOVERED,76
OUT-2026-00376,TCK-2026-00376,2026-06-23 22:21:27,CIVIL_SUPPORT_REFERRED,MODEL_PREDICTION_VERIFIED,77
OUT-2026-00377,TCK-2026-00377,2025-08-23 23:54:12,PREVENTIVE_DETERRENCE_ACHIEVED,FALSE_ALARM_REPORTED,77
OUT-2026-00378,TCK-2026-00378,2025-11-21 21:51:13,SEIZURE_EXECUTED,FALSE_ALARM_REPORTED,88
OUT-2026-00379,TCK-2026-00379,2026-03-26 01:11:08,UNSUBSTANTIATED_TIP,MODEL_PREDICTION_VERIFIED,97
OUT-2026-00380,TCK-2026-00380,2025-11-20 09:45:26,SEIZURE_EXECUTED,FALSE_ALARM_REPORTED,89
OUT-2026-00381,TCK-2026-00381,2025-05-11 21:00:52,PREVENTIVE_DETERRENCE_ACHIEVED,NEW_CORRIDOR_DISCOVERED,89
OUT-2026-00382,TCK-2026-00382,2025-12-20 03:11:59,UNSUBSTANTIATED_TIP,FALSE_ALARM_REPORTED,78
OUT-2026-00383,TCK-2026-00383,2026-01-17 01:34:08,PREVENTIVE_DETERRENCE_ACHIEVED,NEW_CORRIDOR_DISCOVERED,93
OUT-2026-00384,TCK-2026-00384,2026-08-10 00:23:54,CIVIL_SUPPORT_REFERRED,MODEL_PREDICTION_VERIFIED,75
OUT-2026-00385,TCK-2026-00385,2026-01-17 21:27:27,PREVENTIVE_DETERRENCE_ACHIEVED,FALSE_ALARM_REPORTED,81
OUT-2026-00386,TCK-2026-00386,2025-06-07 09:20:56,PREVENTIVE_DETERRENCE_ACHIEVED,FALSE_ALARM_REPORTED,92
OUT-2026-00387,TCK-2026-00387,2026-03-11 04:11:27,UNSUBSTANTIATED_TIP,MODEL_PREDICTION_VERIFIED,82
OUT-2026-00388,TCK-2026-00388,2026-08-02 17:53:03,CIVIL_SUPPORT_REFERRED,NEW_CORRIDOR_DISCOVERED,91
OUT-2026-00389,TCK-2026-00389,2026-08-08 18:08:50,SEIZURE_EXECUTED,MODEL_PREDICTION_VERIFIED,87
OUT-2026-00390,TCK-2026-00390,2025-06-03 05:47:07,UNSUBSTANTIATED_TIP,FALSE_ALARM_REPORTED,99
OUT-2026-00391,TCK-2026-00391,2025-11-12 01:18:15,UNSUBSTANTIATED_TIP,NEW_CORRIDOR_DISCOVERED,97
OUT-2026-00392,TCK-2026-00392,2026-05-03 04:53:05,UNSUBSTANTIATED_TIP,FALSE_ALARM_REPORTED,90
OUT-2026-00393,TCK-2026-00393,2026-08-17 05:11:36,CIVIL_SUPPORT_REFERRED,NEW_CORRIDOR_DISCOVERED,78
OUT-2026-00394,TCK-2026-00394,2026-03-12 04:30:27,CIVIL_SUPPORT_REFERRED,MODEL_PREDICTION_VERIFIED,84
OUT-2026-00395,TCK-2026-00395,2026-06-20 11:58:58,SEIZURE_EXECUTED,MODEL_PREDICTION_VERIFIED,89
OUT-2026-00396,TCK-2026-00396,2026-02-16 19:37:54,SEIZURE_EXECUTED,NEW_CORRIDOR_DISCOVERED,88
OUT-2026-00397,TCK-2026-00397,2025-05-08 12:15:00,UNSUBSTANTIATED_TIP,MODEL_PREDICTION_VERIFIED,89
OUT-2026-00398,TCK-2026-00398,2025-09-21 08:07:15,CIVIL_SUPPORT_REFERRED,MODEL_PREDICTION_VERIFIED,90
OUT-2026-00399,TCK-2026-00399,2026-02-12 11:04:49,UNSUBSTANTIATED_TIP,MODEL_PREDICTION_VERIFIED,97
OUT-2026-00400,TCK-2026-00400,2025-05-04 01:05:57,CIVIL_SUPPORT_REFERRED,FALSE_ALARM_REPORTED,83
OUT-2026-00401,TCK-2026-00401,2026-05-24 11:00:55,UNSUBSTANTIATED_TIP,MODEL_PREDICTION_VERIFIED,88
OUT-2026-00402,TCK-2026-00402,2025-10-19 18:06:01,UNSUBSTANTIATED_TIP,FALSE_ALARM_REPORTED,77
OUT-2026-00403,TCK-2026-00403,2025-09-09 02:46:29,UNSUBSTANTIATED_TIP,FALSE_ALARM_REPORTED,79
OUT-2026-00404,TCK-2026-00404,2025-05-03 16:55:22,SEIZURE_EXECUTED,MODEL_PREDICTION_VERIFIED,77
OUT-2026-00405,TCK-2026-00405,2026-05-26 16:14:56,CIVIL_SUPPORT_REFERRED,NEW_CORRIDOR_DISCOVERED,78
OUT-2026-00406,TCK-2026-00406,2025-07-26 17:06:36,PREVENTIVE_DETERRENCE_ACHIEVED,NEW_CORRIDOR_DISCOVERED,99
OUT-2026-00407,TCK-2026-00407,2026-08-15 10:33:30,SEIZURE_EXECUTED,FALSE_ALARM_REPORTED,78
OUT-2026-00408,TCK-2026-00408,2025-06-30 04:50:56,CIVIL_SUPPORT_REFERRED,FALSE_ALARM_REPORTED,90
OUT-2026-00409,TCK-2026-00409,2026-06-12 13:45:24,PREVENTIVE_DETERRENCE_ACHIEVED,NEW_CORRIDOR_DISCOVERED,75
OUT-2026-00410,TCK-2026-00410,2025-07-19 10:03:28,CIVIL_SUPPORT_REFERRED,FALSE_ALARM_REPORTED,98
OUT-2026-00411,TCK-2026-00411,2026-04-13 00:45:54,UNSUBSTANTIATED_TIP,FALSE_ALARM_REPORTED,75
OUT-2026-00412,TCK-2026-00412,2026-05-16 19:16:20,CIVIL_SUPPORT_REFERRED,NEW_CORRIDOR_DISCOVERED,89
OUT-2026-00413,TCK-2026-00413,2025-09-02 10:12:22,PREVENTIVE_DETERRENCE_ACHIEVED,FALSE_ALARM_REPORTED,81
OUT-2026-00414,TCK-2026-00414,2026-03-25 09:11:48,UNSUBSTANTIATED_TIP,FALSE_ALARM_REPORTED,82
OUT-2026-00415,TCK-2026-00415,2026-02-21 23:45:09,SEIZURE_EXECUTED,NEW_CORRIDOR_DISCOVERED,79
OUT-2026-00416,TCK-2026-00416,2025-04-24 22:24:35,CIVIL_SUPPORT_REFERRED,NEW_CORRIDOR_DISCOVERED,98
OUT-2026-00417,TCK-2026-00417,2025-04-26 21:35:40,UNSUBSTANTIATED_TIP,MODEL_PREDICTION_VERIFIED,77
OUT-2026-00418,TCK-2026-00418,2026-01-29 03:01:19,CIVIL_SUPPORT_REFERRED,MODEL_PREDICTION_VERIFIED,75
OUT-2026-00419,TCK-2026-00419,2025-12-02 08:20:40,PREVENTIVE_DETERRENCE_ACHIEVED,FALSE_ALARM_REPORTED,94
OUT-2026-00420,TCK-2026-00420,2025-08-17 12:28:40,UNSUBSTANTIATED_TIP,MODEL_PREDICTION_VERIFIED,89
OUT-2026-00421,TCK-2026-00421,2026-03-09 14:08:15,PREVENTIVE_DETERRENCE_ACHIEVED,NEW_CORRIDOR_DISCOVERED,92
OUT-2026-00422,TCK-2026-00422,2025-05-24 20:54:02,SEIZURE_EXECUTED,NEW_CORRIDOR_DISCOVERED,86
OUT-2026-00423,TCK-2026-00423,2025-04-27 19:12:07,PREVENTIVE_DETERRENCE_ACHIEVED,MODEL_PREDICTION_VERIFIED,78
OUT-2026-00424,TCK-2026-00424,2025-06-13 12:34:55,CIVIL_SUPPORT_REFERRED,MODEL_PREDICTION_VERIFIED,84
OUT-2026-00425,TCK-2026-00425,2025-04-15 22:55:33,PREVENTIVE_DETERRENCE_ACHIEVED,NEW_CORRIDOR_DISCOVERED,97
OUT-2026-00426,TCK-2026-00426,2026-03-28 16:34:40,CIVIL_SUPPORT_REFERRED,FALSE_ALARM_REPORTED,83
OUT-2026-00427,TCK-2026-00427,2025-09-08 21:06:57,SEIZURE_EXECUTED,NEW_CORRIDOR_DISCOVERED,95
OUT-2026-00428,TCK-2026-00428,2025-10-07 16:44:29,PREVENTIVE_DETERRENCE_ACHIEVED,FALSE_ALARM_REPORTED,98
OUT-2026-00429,TCK-2026-00429,2025-10-17 04:53:22,SEIZURE_EXECUTED,NEW_CORRIDOR_DISCOVERED,81
OUT-2026-00430,TCK-2026-00430,2025-04-23 11:38:36,UNSUBSTANTIATED_TIP,NEW_CORRIDOR_DISCOVERED,76
OUT-2026-00431,TCK-2026-00431,2026-01-04 07:25:14,SEIZURE_EXECUTED,NEW_CORRIDOR_DISCOVERED,81
OUT-2026-00432,TCK-2026-00432,2026-08-08 15:33:42,UNSUBSTANTIATED_TIP,NEW_CORRIDOR_DISCOVERED,82
OUT-2026-00433,TCK-2026-00433,2025-06-30 14:45:30,CIVIL_SUPPORT_REFERRED,NEW_CORRIDOR_DISCOVERED,90
OUT-2026-00434,TCK-2026-00434,2025-12-10 09:48:12,SEIZURE_EXECUTED,MODEL_PREDICTION_VERIFIED,81
OUT-2026-00435,TCK-2026-00435,2026-06-24 01:09:28,CIVIL_SUPPORT_REFERRED,FALSE_ALARM_REPORTED,85
OUT-2026-00436,TCK-2026-00436,2025-09-04 22:48:12,SEIZURE_EXECUTED,NEW_CORRIDOR_DISCOVERED,98
OUT-2026-00437,TCK-2026-00437,2025-07-22 16:00:23,UNSUBSTANTIATED_TIP,MODEL_PREDICTION_VERIFIED,91
OUT-2026-00438,TCK-2026-00438,2026-03-03 22:57:29,UNSUBSTANTIATED_TIP,FALSE_ALARM_REPORTED,93
OUT-2026-00439,TCK-2026-00439,2025-08-04 03:13:26,PREVENTIVE_DETERRENCE_ACHIEVED,MODEL_PREDICTION_VERIFIED,88
OUT-2026-00440,TCK-2026-00440,2025-09-09 23:19:03,UNSUBSTANTIATED_TIP,FALSE_ALARM_REPORTED,99
OUT-2026-00441,TCK-2026-00441,2026-06-15 19:12:53,SEIZURE_EXECUTED,NEW_CORRIDOR_DISCOVERED,83
OUT-2026-00442,TCK-2026-00442,2026-03-26 13:27:51,PREVENTIVE_DETERRENCE_ACHIEVED,MODEL_PREDICTION_VERIFIED,77
OUT-2026-00443,TCK-2026-00443,2025-05-13 23:39:41,UNSUBSTANTIATED_TIP,MODEL_PREDICTION_VERIFIED,94
OUT-2026-00444,TCK-2026-00444,2025-04-15 04:53:01,PREVENTIVE_DETERRENCE_ACHIEVED,MODEL_PREDICTION_VERIFIED,85
OUT-2026-00445,TCK-2026-00445,2025-06-18 00:31:28,SEIZURE_EXECUTED,MODEL_PREDICTION_VERIFIED,98
OUT-2026-00446,TCK-2026-00446,2025-12-27 12:54:39,PREVENTIVE_DETERRENCE_ACHIEVED,FALSE_ALARM_REPORTED,86
OUT-2026-00447,TCK-2026-00447,2026-02-05 15:32:27,UNSUBSTANTIATED_TIP,FALSE_ALARM_REPORTED,84
OUT-2026-00448,TCK-2026-00448,2025-05-27 00:32:25,PREVENTIVE_DETERRENCE_ACHIEVED,MODEL_PREDICTION_VERIFIED,80
OUT-2026-00449,TCK-2026-00449,2025-05-28 02:57:05,PREVENTIVE_DETERRENCE_ACHIEVED,MODEL_PREDICTION_VERIFIED,91
OUT-2026-00450,TCK-2026-00450,2026-03-16 14:57:12,CIVIL_SUPPORT_REFERRED,MODEL_PREDICTION_VERIFIED,94
OUT-2026-00451,TCK-2026-00451,2025-09-11 16:57:41,CIVIL_SUPPORT_REFERRED,FALSE_ALARM_REPORTED,78
OUT-2026-00452,TCK-2026-00452,2025-04-20 02:56:37,UNSUBSTANTIATED_TIP,MODEL_PREDICTION_VERIFIED,91
OUT-2026-00453,TCK-2026-00453,2026-04-21 09:12:33,PREVENTIVE_DETERRENCE_ACHIEVED,MODEL_PREDICTION_VERIFIED,75
OUT-2026-00454,TCK-2026-00454,2026-07-09 17:01:36,UNSUBSTANTIATED_TIP,MODEL_PREDICTION_VERIFIED,79
OUT-2026-00455,TCK-2026-00455,2026-03-18 10:54:46,CIVIL_SUPPORT_REFERRED,NEW_CORRIDOR_DISCOVERED,96
OUT-2026-00456,TCK-2026-00456,2026-08-02 11:21:30,UNSUBSTANTIATED_TIP,MODEL_PREDICTION_VERIFIED,80
OUT-2026-00457,TCK-2026-00457,2025-04-28 01:56:29,PREVENTIVE_DETERRENCE_ACHIEVED,MODEL_PREDICTION_VERIFIED,86
OUT-2026-00458,TCK-2026-00458,2026-08-16 11:31:20,PREVENTIVE_DETERRENCE_ACHIEVED,NEW_CORRIDOR_DISCOVERED,78
OUT-2026-00459,TCK-2026-00459,2025-09-16 02:45:24,CIVIL_SUPPORT_REFERRED,FALSE_ALARM_REPORTED,76
OUT-2026-00460,TCK-2026-00460,2026-02-20 20:29:47,CIVIL_SUPPORT_REFERRED,MODEL_PREDICTION_VERIFIED,89
OUT-2026-00461,TCK-2026-00461,2026-04-16 22:56:55,UNSUBSTANTIATED_TIP,NEW_CORRIDOR_DISCOVERED,91
OUT-2026-00462,TCK-2026-00462,2025-09-24 16:10:58,SEIZURE_EXECUTED,FALSE_ALARM_REPORTED,95
OUT-2026-00463,TCK-2026-00463,2026-01-01 21:59:27,SEIZURE_EXECUTED,MODEL_PREDICTION_VERIFIED,97
OUT-2026-00464,TCK-2026-00464,2026-03-26 08:57:17,CIVIL_SUPPORT_REFERRED,NEW_CORRIDOR_DISCOVERED,77
OUT-2026-00465,TCK-2026-00465,2025-11-23 15:40:42,SEIZURE_EXECUTED,NEW_CORRIDOR_DISCOVERED,87
OUT-2026-00466,TCK-2026-00466,2025-08-08 01:22:13,UNSUBSTANTIATED_TIP,MODEL_PREDICTION_VERIFIED,96
OUT-2026-00467,TCK-2026-00467,2026-07-18 00:56:03,PREVENTIVE_DETERRENCE_ACHIEVED,MODEL_PREDICTION_VERIFIED,78
OUT-2026-00468,TCK-2026-00468,2025-10-25 07:33:29,CIVIL_SUPPORT_REFERRED,MODEL_PREDICTION_VERIFIED,86
OUT-2026-00469,TCK-2026-00469,2025-12-16 00:36:20,SEIZURE_EXECUTED,FALSE_ALARM_REPORTED,80
OUT-2026-00470,TCK-2026-00470,2026-05-31 13:29:00,SEIZURE_EXECUTED,MODEL_PREDICTION_VERIFIED,80
OUT-2026-00471,TCK-2026-00471,2025-08-26 03:20:52,UNSUBSTANTIATED_TIP,MODEL_PREDICTION_VERIFIED,87
OUT-2026-00472,TCK-2026-00472,2025-11-24 07:12:10,CIVIL_SUPPORT_REFERRED,MODEL_PREDICTION_VERIFIED,79
OUT-2026-00473,TCK-2026-00473,2025-09-21 03:15:36,CIVIL_SUPPORT_REFERRED,NEW_CORRIDOR_DISCOVERED,78
OUT-2026-00474,TCK-2026-00474,2025-11-16 06:39:14,UNSUBSTANTIATED_TIP,MODEL_PREDICTION_VERIFIED,77
OUT-2026-00475,TCK-2026-00475,2026-01-11 14:40:21,PREVENTIVE_DETERRENCE_ACHIEVED,MODEL_PREDICTION_VERIFIED,83
OUT-2026-00476,TCK-2026-00476,2026-03-02 09:14:35,SEIZURE_EXECUTED,NEW_CORRIDOR_DISCOVERED,95
OUT-2026-00477,TCK-2026-00477,2026-04-09 13:28:09,SEIZURE_EXECUTED,FALSE_ALARM_REPORTED,82
OUT-2026-00478,TCK-2026-00478,2025-04-21 10:36:18,UNSUBSTANTIATED_TIP,MODEL_PREDICTION_VERIFIED,93
OUT-2026-00479,TCK-2026-00479,2026-01-25 10:21:38,CIVIL_SUPPORT_REFERRED,MODEL_PREDICTION_VERIFIED,86
OUT-2026-00480,TCK-2026-00480,2025-07-16 23:55:22,SEIZURE_EXECUTED,MODEL_PREDICTION_VERIFIED,87
OUT-2026-00481,TCK-2026-00481,2026-01-31 05:58:40,PREVENTIVE_DETERRENCE_ACHIEVED,MODEL_PREDICTION_VERIFIED,93
OUT-2026-00482,TCK-2026-00482,2025-04-25 11:34:57,PREVENTIVE_DETERRENCE_ACHIEVED,MODEL_PREDICTION_VERIFIED,84
OUT-2026-00483,TCK-2026-00483,2026-06-12 04:32:46,UNSUBSTANTIATED_TIP,FALSE_ALARM_REPORTED,82
OUT-2026-00484,TCK-2026-00484,2025-08-04 08:35:39,CIVIL_SUPPORT_REFERRED,MODEL_PREDICTION_VERIFIED,76
OUT-2026-00485,TCK-2026-00485,2026-05-02 22:13:50,SEIZURE_EXECUTED,NEW_CORRIDOR_DISCOVERED,78
OUT-2026-00486,TCK-2026-00486,2025-09-16 15:58:25,PREVENTIVE_DETERRENCE_ACHIEVED,MODEL_PREDICTION_VERIFIED,92
OUT-2026-00487,TCK-2026-00487,2025-11-24 05:07:42,CIVIL_SUPPORT_REFERRED,FALSE_ALARM_REPORTED,78
OUT-2026-00488,TCK-2026-00488,2025-07-21 08:54:37,CIVIL_SUPPORT_REFERRED,MODEL_PREDICTION_VERIFIED,81
OUT-2026-00489,TCK-2026-00489,2025-07-29 20:32:01,SEIZURE_EXECUTED,FALSE_ALARM_REPORTED,75
OUT-2026-00490,TCK-2026-00490,2026-01-17 04:19:47,SEIZURE_EXECUTED,FALSE_ALARM_REPORTED,87
OUT-2026-00491,TCK-2026-00491,2025-06-13 05:40:42,SEIZURE_EXECUTED,NEW_CORRIDOR_DISCOVERED,99
OUT-2026-00492,TCK-2026-00492,2026-01-10 08:05:52,PREVENTIVE_DETERRENCE_ACHIEVED,FALSE_ALARM_REPORTED,92
OUT-2026-00493,TCK-2026-00493,2026-07-05 21:34:29,CIVIL_SUPPORT_REFERRED,MODEL_PREDICTION_VERIFIED,80
OUT-2026-00494,TCK-2026-00494,2026-08-13 12:30:26,SEIZURE_EXECUTED,NEW_CORRIDOR_DISCOVERED,98
OUT-2026-00495,TCK-2026-00495,2026-08-19 14:55:12,PREVENTIVE_DETERRENCE_ACHIEVED,NEW_CORRIDOR_DISCOVERED,92
OUT-2026-00496,TCK-2026-00496,2026-01-22 04:53:08,UNSUBSTANTIATED_TIP,MODEL_PREDICTION_VERIFIED,76
OUT-2026-00497,TCK-2026-00497,2025-04-14 14:04:39,PREVENTIVE_DETERRENCE_ACHIEVED,MODEL_PREDICTION_VERIFIED,78
OUT-2026-00498,TCK-2026-00498,2026-05-24 04:42:09,PREVENTIVE_DETERRENCE_ACHIEVED,NEW_CORRIDOR_DISCOVERED,88
OUT-2026-00499,TCK-2026-00499,2026-04-04 17:41:06,PREVENTIVE_DETERRENCE_ACHIEVED,MODEL_PREDICTION_VERIFIED,88
OUT-2026-00500,TCK-2026-00500,2025-12-17 21:46:24,PREVENTIVE_DETERRENCE_ACHIEVED,NEW_CORRIDOR_DISCOVERED,76
OUT-2026-00501,TCK-2026-00501,2025-09-17 20:55:11,UNSUBSTANTIATED_TIP,FALSE_ALARM_REPORTED,89
OUT-2026-00502,TCK-2026-00502,2025-10-02 16:56:53,PREVENTIVE_DETERRENCE_ACHIEVED,NEW_CORRIDOR_DISCOVERED,89
OUT-2026-00503,TCK-2026-00503,2026-03-07 06:28:32,PREVENTIVE_DETERRENCE_ACHIEVED,FALSE_ALARM_REPORTED,77
OUT-2026-00504,TCK-2026-00504,2026-07-03 21:58:18,PREVENTIVE_DETERRENCE_ACHIEVED,MODEL_PREDICTION_VERIFIED,75
OUT-2026-00505,TCK-2026-00505,2026-06-18 13:10:12,SEIZURE_EXECUTED,NEW_CORRIDOR_DISCOVERED,78
OUT-2026-00506,TCK-2026-00506,2026-01-12 05:30:48,CIVIL_SUPPORT_REFERRED,NEW_CORRIDOR_DISCOVERED,77
OUT-2026-00507,TCK-2026-00507,2026-06-19 01:31:14,CIVIL_SUPPORT_REFERRED,MODEL_PREDICTION_VERIFIED,93
OUT-2026-00508,TCK-2026-00508,2026-02-20 21:46:14,SEIZURE_EXECUTED,NEW_CORRIDOR_DISCOVERED,94
OUT-2026-00509,TCK-2026-00509,2026-03-21 03:28:22,SEIZURE_EXECUTED,FALSE_ALARM_REPORTED,77
OUT-2026-00510,TCK-2026-00510,2025-09-19 17:52:34,SEIZURE_EXECUTED,FALSE_ALARM_REPORTED,79
OUT-2026-00511,TCK-2026-00511,2026-06-08 16:20:45,CIVIL_SUPPORT_REFERRED,MODEL_PREDICTION_VERIFIED,95
OUT-2026-00512,TCK-2026-00512,2026-05-28 09:09:11,PREVENTIVE_DETERRENCE_ACHIEVED,MODEL_PREDICTION_VERIFIED,93
OUT-2026-00513,TCK-2026-00513,2026-07-13 11:28:34,CIVIL_SUPPORT_REFERRED,NEW_CORRIDOR_DISCOVERED,81
OUT-2026-00514,TCK-2026-00514,2026-06-25 18:41:10,PREVENTIVE_DETERRENCE_ACHIEVED,NEW_CORRIDOR_DISCOVERED,75
OUT-2026-00515,TCK-2026-00515,2025-04-21 13:40:34,CIVIL_SUPPORT_REFERRED,NEW_CORRIDOR_DISCOVERED,93
OUT-2026-00516,TCK-2026-00516,2026-01-14 21:01:47,UNSUBSTANTIATED_TIP,MODEL_PREDICTION_VERIFIED,95
OUT-2026-00517,TCK-2026-00517,2026-06-14 12:23:56,CIVIL_SUPPORT_REFERRED,NEW_CORRIDOR_DISCOVERED,82
OUT-2026-00518,TCK-2026-00518,2026-03-24 01:38:46,PREVENTIVE_DETERRENCE_ACHIEVED,MODEL_PREDICTION_VERIFIED,79
OUT-2026-00519,TCK-2026-00519,2025-07-21 15:22:02,CIVIL_SUPPORT_REFERRED,NEW_CORRIDOR_DISCOVERED,87
OUT-2026-00520,TCK-2026-00520,2025-04-21 15:16:06,PREVENTIVE_DETERRENCE_ACHIEVED,NEW_CORRIDOR_DISCOVERED,94
OUT-2026-00521,TCK-2026-00521,2025-05-17 07:27:48,SEIZURE_EXECUTED,NEW_CORRIDOR_DISCOVERED,78
OUT-2026-00522,TCK-2026-00522,2025-08-07 17:18:58,CIVIL_SUPPORT_REFERRED,MODEL_PREDICTION_VERIFIED,84
OUT-2026-00523,TCK-2026-00523,2025-05-06 03:43:11,SEIZURE_EXECUTED,NEW_CORRIDOR_DISCOVERED,99
OUT-2026-00524,TCK-2026-00524,2026-06-26 17:28:18,PREVENTIVE_DETERRENCE_ACHIEVED,FALSE_ALARM_REPORTED,99
OUT-2026-00525,TCK-2026-00525,2025-07-03 21:24:56,CIVIL_SUPPORT_REFERRED,NEW_CORRIDOR_DISCOVERED,88
OUT-2026-00526,TCK-2026-00526,2025-08-26 09:49:50,SEIZURE_EXECUTED,FALSE_ALARM_REPORTED,84
OUT-2026-00527,TCK-2026-00527,2025-05-26 10:50:40,SEIZURE_EXECUTED,MODEL_PREDICTION_VERIFIED,98
OUT-2026-00528,TCK-2026-00528,2026-06-12 20:33:37,CIVIL_SUPPORT_REFERRED,MODEL_PREDICTION_VERIFIED,84
OUT-2026-00529,TCK-2026-00529,2025-05-22 09:15:27,PREVENTIVE_DETERRENCE_ACHIEVED,FALSE_ALARM_REPORTED,83
OUT-2026-00530,TCK-2026-00530,2026-04-13 06:39:48,CIVIL_SUPPORT_REFERRED,FALSE_ALARM_REPORTED,83
OUT-2026-00531,TCK-2026-00531,2026-04-29 00:25:28,SEIZURE_EXECUTED,NEW_CORRIDOR_DISCOVERED,91
OUT-2026-00532,TCK-2026-00532,2025-04-19 04:07:38,CIVIL_SUPPORT_REFERRED,FALSE_ALARM_REPORTED,81
OUT-2026-00533,TCK-2026-00533,2026-03-04 00:51:49,UNSUBSTANTIATED_TIP,MODEL_PREDICTION_VERIFIED,93
OUT-2026-00534,TCK-2026-00534,2026-08-08 05:04:44,SEIZURE_EXECUTED,MODEL_PREDICTION_VERIFIED,83
OUT-2026-00535,TCK-2026-00535,2025-09-09 17:24:12,PREVENTIVE_DETERRENCE_ACHIEVED,FALSE_ALARM_REPORTED,91
OUT-2026-00536,TCK-2026-00536,2025-12-04 22:37:33,UNSUBSTANTIATED_TIP,FALSE_ALARM_REPORTED,91
OUT-2026-00537,TCK-2026-00537,2026-03-07 11:48:17,SEIZURE_EXECUTED,MODEL_PREDICTION_VERIFIED,98
OUT-2026-00538,TCK-2026-00538,2025-12-20 13:29:11,PREVENTIVE_DETERRENCE_ACHIEVED,MODEL_PREDICTION_VERIFIED,87
OUT-2026-00539,TCK-2026-00539,2025-12-10 16:08:42,SEIZURE_EXECUTED,MODEL_PREDICTION_VERIFIED,84
OUT-2026-00540,TCK-2026-00540,2025-05-13 18:42:48,UNSUBSTANTIATED_TIP,MODEL_PREDICTION_VERIFIED,79
OUT-2026-00541,TCK-2026-00541,2025-08-08 18:53:14,UNSUBSTANTIATED_TIP,MODEL_PREDICTION_VERIFIED,82
OUT-2026-00542,TCK-2026-00542,2026-06-21 09:57:58,SEIZURE_EXECUTED,NEW_CORRIDOR_DISCOVERED,95
OUT-2026-00543,TCK-2026-00543,2025-07-22 21:03:21,CIVIL_SUPPORT_REFERRED,MODEL_PREDICTION_VERIFIED,89
OUT-2026-00544,TCK-2026-00544,2025-05-21 02:20:57,CIVIL_SUPPORT_REFERRED,NEW_CORRIDOR_DISCOVERED,97
OUT-2026-00545,TCK-2026-00545,2026-01-11 03:33:50,SEIZURE_EXECUTED,NEW_CORRIDOR_DISCOVERED,95
OUT-2026-00546,TCK-2026-00546,2025-08-04 19:47:44,CIVIL_SUPPORT_REFERRED,FALSE_ALARM_REPORTED,82
OUT-2026-00547,TCK-2026-00547,2026-04-27 13:43:02,SEIZURE_EXECUTED,FALSE_ALARM_REPORTED,85
OUT-2026-00548,TCK-2026-00548,2025-07-10 09:11:20,UNSUBSTANTIATED_TIP,MODEL_PREDICTION_VERIFIED,85
OUT-2026-00549,TCK-2026-00549,2026-06-08 19:47:20,UNSUBSTANTIATED_TIP,MODEL_PREDICTION_VERIFIED,86
OUT-2026-00550,TCK-2026-00550,2026-03-26 10:40:28,PREVENTIVE_DETERRENCE_ACHIEVED,MODEL_PREDICTION_VERIFIED,83
OUT-2026-00551,TCK-2026-00551,2026-03-13 14:36:58,PREVENTIVE_DETERRENCE_ACHIEVED,FALSE_ALARM_REPORTED,91
OUT-2026-00552,TCK-2026-00552,2026-04-12 14:38:56,UNSUBSTANTIATED_TIP,NEW_CORRIDOR_DISCOVERED,83
OUT-2026-00553,TCK-2026-00553,2025-09-03 17:47:51,UNSUBSTANTIATED_TIP,NEW_CORRIDOR_DISCOVERED,82
OUT-2026-00554,TCK-2026-00554,2026-03-22 18:45:10,SEIZURE_EXECUTED,NEW_CORRIDOR_DISCOVERED,76
OUT-2026-00555,TCK-2026-00555,2025-12-16 20:22:49,UNSUBSTANTIATED_TIP,NEW_CORRIDOR_DISCOVERED,98
OUT-2026-00556,TCK-2026-00556,2026-04-29 03:29:27,SEIZURE_EXECUTED,MODEL_PREDICTION_VERIFIED,86
OUT-2026-00557,TCK-2026-00557,2026-04-07 11:01:19,PREVENTIVE_DETERRENCE_ACHIEVED,FALSE_ALARM_REPORTED,94
OUT-2026-00558,TCK-2026-00558,2026-08-17 17:41:26,PREVENTIVE_DETERRENCE_ACHIEVED,FALSE_ALARM_REPORTED,97
OUT-2026-00559,TCK-2026-00559,2026-06-02 03:47:21,SEIZURE_EXECUTED,MODEL_PREDICTION_VERIFIED,93
OUT-2026-00560,TCK-2026-00560,2025-06-27 04:23:25,UNSUBSTANTIATED_TIP,FALSE_ALARM_REPORTED,93
OUT-2026-00561,TCK-2026-00561,2025-11-14 17:14:57,CIVIL_SUPPORT_REFERRED,FALSE_ALARM_REPORTED,84
OUT-2026-00562,TCK-2026-00562,2026-07-22 19:41:52,PREVENTIVE_DETERRENCE_ACHIEVED,MODEL_PREDICTION_VERIFIED,93
OUT-2026-00563,TCK-2026-00563,2025-08-04 15:52:53,UNSUBSTANTIATED_TIP,NEW_CORRIDOR_DISCOVERED,87
OUT-2026-00564,TCK-2026-00564,2026-08-09 16:53:18,SEIZURE_EXECUTED,FALSE_ALARM_REPORTED,77
OUT-2026-00565,TCK-2026-00565,2025-12-29 00:50:48,SEIZURE_EXECUTED,FALSE_ALARM_REPORTED,88
OUT-2026-00566,TCK-2026-00566,2026-07-03 16:52:17,SEIZURE_EXECUTED,FALSE_ALARM_REPORTED,96
OUT-2026-00567,TCK-2026-00567,2026-01-28 23:16:12,SEIZURE_EXECUTED,FALSE_ALARM_REPORTED,81
OUT-2026-00568,TCK-2026-00568,2026-06-01 03:05:57,UNSUBSTANTIATED_TIP,FALSE_ALARM_REPORTED,77
OUT-2026-00569,TCK-2026-00569,2025-06-03 17:18:15,CIVIL_SUPPORT_REFERRED,MODEL_PREDICTION_VERIFIED,78
OUT-2026-00570,TCK-2026-00570,2026-02-15 09:37:36,SEIZURE_EXECUTED,FALSE_ALARM_REPORTED,99
OUT-2026-00571,TCK-2026-00571,2025-12-01 21:34:41,UNSUBSTANTIATED_TIP,FALSE_ALARM_REPORTED,83
OUT-2026-00572,TCK-2026-00572,2026-02-26 02:45:23,UNSUBSTANTIATED_TIP,FALSE_ALARM_REPORTED,86
OUT-2026-00573,TCK-2026-00573,2026-06-25 22:42:23,CIVIL_SUPPORT_REFERRED,MODEL_PREDICTION_VERIFIED,85
OUT-2026-00574,TCK-2026-00574,2026-04-21 07:47:03,CIVIL_SUPPORT_REFERRED,FALSE_ALARM_REPORTED,93
OUT-2026-00575,TCK-2026-00575,2026-06-15 19:27:58,SEIZURE_EXECUTED,MODEL_PREDICTION_VERIFIED,81
OUT-2026-00576,TCK-2026-00576,2026-04-22 13:54:05,UNSUBSTANTIATED_TIP,MODEL_PREDICTION_VERIFIED,76
OUT-2026-00577,TCK-2026-00577,2025-08-18 13:05:58,PREVENTIVE_DETERRENCE_ACHIEVED,FALSE_ALARM_REPORTED,91
OUT-2026-00578,TCK-2026-00578,2026-08-12 23:31:14,CIVIL_SUPPORT_REFERRED,MODEL_PREDICTION_VERIFIED,82
OUT-2026-00579,TCK-2026-00579,2026-02-12 09:28:50,SEIZURE_EXECUTED,FALSE_ALARM_REPORTED,78
OUT-2026-00580,TCK-2026-00580,2025-05-22 03:13:45,CIVIL_SUPPORT_REFERRED,NEW_CORRIDOR_DISCOVERED,80
OUT-2026-00581,TCK-2026-00581,2026-01-05 04:56:25,UNSUBSTANTIATED_TIP,FALSE_ALARM_REPORTED,77
OUT-2026-00582,TCK-2026-00582,2026-06-03 13:07:40,UNSUBSTANTIATED_TIP,NEW_CORRIDOR_DISCOVERED,80
OUT-2026-00583,TCK-2026-00583,2025-08-21 08:04:32,PREVENTIVE_DETERRENCE_ACHIEVED,NEW_CORRIDOR_DISCOVERED,92
OUT-2026-00584,TCK-2026-00584,2026-01-06 02:17:52,SEIZURE_EXECUTED,FALSE_ALARM_REPORTED,90
OUT-2026-00585,TCK-2026-00585,2025-09-12 10:45:28,UNSUBSTANTIATED_TIP,NEW_CORRIDOR_DISCOVERED,76
OUT-2026-00586,TCK-2026-00586,2026-07-10 09:12:23,SEIZURE_EXECUTED,NEW_CORRIDOR_DISCOVERED,97
OUT-2026-00587,TCK-2026-00587,2025-11-11 03:13:46,CIVIL_SUPPORT_REFERRED,NEW_CORRIDOR_DISCOVERED,88
OUT-2026-00588,TCK-2026-00588,2026-01-21 17:45:36,PREVENTIVE_DETERRENCE_ACHIEVED,MODEL_PREDICTION_VERIFIED,84
OUT-2026-00589,TCK-2026-00589,2026-07-10 03:11:14,UNSUBSTANTIATED_TIP,MODEL_PREDICTION_VERIFIED,88
OUT-2026-00590,TCK-2026-00590,2025-06-12 20:50:54,SEIZURE_EXECUTED,FALSE_ALARM_REPORTED,98
OUT-2026-00591,TCK-2026-00591,2026-06-20 22:12:18,SEIZURE_EXECUTED,MODEL_PREDICTION_VERIFIED,77
OUT-2026-00592,TCK-2026-00592,2026-01-28 04:11:42,CIVIL_SUPPORT_REFERRED,MODEL_PREDICTION_VERIFIED,77
OUT-2026-00593,TCK-2026-00593,2025-09-08 00:08:27,UNSUBSTANTIATED_TIP,NEW_CORRIDOR_DISCOVERED,83
OUT-2026-00594,TCK-2026-00594,2025-08-13 04:16:59,SEIZURE_EXECUTED,NEW_CORRIDOR_DISCOVERED,78
OUT-2026-00595,TCK-2026-00595,2026-07-23 22:55:40,PREVENTIVE_DETERRENCE_ACHIEVED,MODEL_PREDICTION_VERIFIED,82
OUT-2026-00596,TCK-2026-00596,2026-07-17 08:20:18,PREVENTIVE_DETERRENCE_ACHIEVED,MODEL_PREDICTION_VERIFIED,85
OUT-2026-00597,TCK-2026-00597,2025-05-14 13:25:36,PREVENTIVE_DETERRENCE_ACHIEVED,MODEL_PREDICTION_VERIFIED,75
OUT-2026-00598,TCK-2026-00598,2026-02-04 04:42:17,UNSUBSTANTIATED_TIP,MODEL_PREDICTION_VERIFIED,98
OUT-2026-00599,TCK-2026-00599,2026-05-27 03:00:53,PREVENTIVE_DETERRENCE_ACHIEVED,FALSE_ALARM_REPORTED,76
OUT-2026-00600,TCK-2026-00600,2025-10-02 23:39:47,SEIZURE_EXECUTED,MODEL_PREDICTION_VERIFIED,75
OUT-2026-00601,TCK-2026-00601,2025-11-07 04:54:20,CIVIL_SUPPORT_REFERRED,FALSE_ALARM_REPORTED,84
OUT-2026-00602,TCK-2026-00602,2025-11-15 09:11:18,SEIZURE_EXECUTED,FALSE_ALARM_REPORTED,96
OUT-2026-00603,TCK-2026-00603,2026-04-23 10:05:28,PREVENTIVE_DETERRENCE_ACHIEVED,MODEL_PREDICTION_VERIFIED,99
OUT-2026-00604,TCK-2026-00604,2026-07-06 10:52:50,CIVIL_SUPPORT_REFERRED,MODEL_PREDICTION_VERIFIED,91
OUT-2026-00605,TCK-2026-00605,2026-01-05 12:51:28,SEIZURE_EXECUTED,NEW_CORRIDOR_DISCOVERED,95
OUT-2026-00606,TCK-2026-00606,2025-05-31 18:45:06,PREVENTIVE_DETERRENCE_ACHIEVED,NEW_CORRIDOR_DISCOVERED,86
OUT-2026-00607,TCK-2026-00607,2026-02-13 19:07:38,UNSUBSTANTIATED_TIP,FALSE_ALARM_REPORTED,96
OUT-2026-00608,TCK-2026-00608,2025-08-28 07:16:50,UNSUBSTANTIATED_TIP,FALSE_ALARM_REPORTED,92
OUT-2026-00609,TCK-2026-00609,2025-09-14 00:34:45,PREVENTIVE_DETERRENCE_ACHIEVED,FALSE_ALARM_REPORTED,79
OUT-2026-00610,TCK-2026-00610,2025-04-11 00:32:23,CIVIL_SUPPORT_REFERRED,FALSE_ALARM_REPORTED,91
OUT-2026-00611,TCK-2026-00611,2025-08-20 16:54:39,SEIZURE_EXECUTED,NEW_CORRIDOR_DISCOVERED,94
OUT-2026-00612,TCK-2026-00612,2026-01-13 02:10:08,CIVIL_SUPPORT_REFERRED,MODEL_PREDICTION_VERIFIED,85
OUT-2026-00613,TCK-2026-00613,2026-04-15 03:30:05,PREVENTIVE_DETERRENCE_ACHIEVED,NEW_CORRIDOR_DISCOVERED,89
OUT-2026-00614,TCK-2026-00614,2025-05-03 13:34:40,PREVENTIVE_DETERRENCE_ACHIEVED,NEW_CORRIDOR_DISCOVERED,93
OUT-2026-00615,TCK-2026-00615,2026-03-22 08:36:19,SEIZURE_EXECUTED,FALSE_ALARM_REPORTED,78
OUT-2026-00616,TCK-2026-00616,2025-05-22 09:53:05,CIVIL_SUPPORT_REFERRED,NEW_CORRIDOR_DISCOVERED,95
OUT-2026-00617,TCK-2026-00617,2025-05-09 09:31:21,CIVIL_SUPPORT_REFERRED,NEW_CORRIDOR_DISCOVERED,76
OUT-2026-00618,TCK-2026-00618,2025-11-01 00:43:06,PREVENTIVE_DETERRENCE_ACHIEVED,FALSE_ALARM_REPORTED,83
OUT-2026-00619,TCK-2026-00619,2025-12-13 09:57:13,CIVIL_SUPPORT_REFERRED,FALSE_ALARM_REPORTED,98
OUT-2026-00620,TCK-2026-00620,2026-02-13 15:18:02,SEIZURE_EXECUTED,FALSE_ALARM_REPORTED,81
OUT-2026-00621,TCK-2026-00621,2025-05-28 05:34:00,PREVENTIVE_DETERRENCE_ACHIEVED,FALSE_ALARM_REPORTED,81
OUT-2026-00622,TCK-2026-00622,2026-02-13 01:35:28,SEIZURE_EXECUTED,FALSE_ALARM_REPORTED,96
OUT-2026-00623,TCK-2026-00623,2026-01-27 05:45:38,UNSUBSTANTIATED_TIP,NEW_CORRIDOR_DISCOVERED,99
OUT-2026-00624,TCK-2026-00624,2026-04-15 04:58:44,PREVENTIVE_DETERRENCE_ACHIEVED,MODEL_PREDICTION_VERIFIED,82
OUT-2026-00625,TCK-2026-00625,2025-11-21 17:52:25,CIVIL_SUPPORT_REFERRED,FALSE_ALARM_REPORTED,83
OUT-2026-00626,TCK-2026-00626,2026-03-31 11:23:55,UNSUBSTANTIATED_TIP,MODEL_PREDICTION_VERIFIED,92
OUT-2026-00627,TCK-2026-00627,2026-05-28 22:15:28,CIVIL_SUPPORT_REFERRED,MODEL_PREDICTION_VERIFIED,80
OUT-2026-00628,TCK-2026-00628,2026-05-30 04:29:44,SEIZURE_EXECUTED,NEW_CORRIDOR_DISCOVERED,77
OUT-2026-00629,TCK-2026-00629,2025-09-16 17:37:11,UNSUBSTANTIATED_TIP,FALSE_ALARM_REPORTED,95
OUT-2026-00630,TCK-2026-00630,2026-03-05 12:51:39,SEIZURE_EXECUTED,NEW_CORRIDOR_DISCOVERED,96
OUT-2026-00631,TCK-2026-00631,2026-01-16 19:19:52,SEIZURE_EXECUTED,FALSE_ALARM_REPORTED,76
OUT-2026-00632,TCK-2026-00632,2025-05-29 00:55:21,UNSUBSTANTIATED_TIP,MODEL_PREDICTION_VERIFIED,95
OUT-2026-00633,TCK-2026-00633,2025-10-14 11:11:26,PREVENTIVE_DETERRENCE_ACHIEVED,MODEL_PREDICTION_VERIFIED,81
OUT-2026-00634,TCK-2026-00634,2026-01-16 09:11:55,CIVIL_SUPPORT_REFERRED,MODEL_PREDICTION_VERIFIED,76
OUT-2026-00635,TCK-2026-00635,2025-10-27 22:06:36,PREVENTIVE_DETERRENCE_ACHIEVED,FALSE_ALARM_REPORTED,75
OUT-2026-00636,TCK-2026-00636,2026-08-04 14:29:05,UNSUBSTANTIATED_TIP,NEW_CORRIDOR_DISCOVERED,95
OUT-2026-00637,TCK-2026-00637,2025-04-12 19:59:57,UNSUBSTANTIATED_TIP,FALSE_ALARM_REPORTED,84
OUT-2026-00638,TCK-2026-00638,2026-04-03 07:52:54,CIVIL_SUPPORT_REFERRED,FALSE_ALARM_REPORTED,99
OUT-2026-00639,TCK-2026-00639,2025-11-17 02:20:04,SEIZURE_EXECUTED,NEW_CORRIDOR_DISCOVERED,86
OUT-2026-00640,TCK-2026-00640,2025-10-12 01:10:26,SEIZURE_EXECUTED,MODEL_PREDICTION_VERIFIED,83
OUT-2026-00641,TCK-2026-00641,2026-04-05 03:50:41,PREVENTIVE_DETERRENCE_ACHIEVED,FALSE_ALARM_REPORTED,85
OUT-2026-00642,TCK-2026-00642,2025-07-16 00:58:07,SEIZURE_EXECUTED,NEW_CORRIDOR_DISCOVERED,89
OUT-2026-00643,TCK-2026-00643,2025-04-09 05:03:55,SEIZURE_EXECUTED,NEW_CORRIDOR_DISCOVERED,85
OUT-2026-00644,TCK-2026-00644,2025-12-15 22:09:22,PREVENTIVE_DETERRENCE_ACHIEVED,MODEL_PREDICTION_VERIFIED,76
OUT-2026-00645,TCK-2026-00645,2026-01-08 06:11:24,CIVIL_SUPPORT_REFERRED,FALSE_ALARM_REPORTED,89
OUT-2026-00646,TCK-2026-00646,2026-03-20 00:10:42,PREVENTIVE_DETERRENCE_ACHIEVED,NEW_CORRIDOR_DISCOVERED,94
OUT-2026-00647,TCK-2026-00647,2026-01-22 07:13:59,CIVIL_SUPPORT_REFERRED,FALSE_ALARM_REPORTED,78
OUT-2026-00648,TCK-2026-00648,2026-02-15 17:37:38,UNSUBSTANTIATED_TIP,MODEL_PREDICTION_VERIFIED,76
OUT-2026-00649,TCK-2026-00649,2026-03-24 23:52:28,UNSUBSTANTIATED_TIP,MODEL_PREDICTION_VERIFIED,81
OUT-2026-00650,TCK-2026-00650,2026-07-12 15:01:20,UNSUBSTANTIATED_TIP,NEW_CORRIDOR_DISCOVERED,80
OUT-2026-00651,TCK-2026-00651,2026-01-27 13:28:29,UNSUBSTANTIATED_TIP,MODEL_PREDICTION_VERIFIED,96
OUT-2026-00652,TCK-2026-00652,2026-02-16 15:22:26,UNSUBSTANTIATED_TIP,FALSE_ALARM_REPORTED,93
OUT-2026-00653,TCK-2026-00653,2026-01-13 14:10:15,PREVENTIVE_DETERRENCE_ACHIEVED,MODEL_PREDICTION_VERIFIED,93
OUT-2026-00654,TCK-2026-00654,2026-05-10 00:06:56,PREVENTIVE_DETERRENCE_ACHIEVED,MODEL_PREDICTION_VERIFIED,75
OUT-2026-00655,TCK-2026-00655,2026-08-01 02:01:43,CIVIL_SUPPORT_REFERRED,MODEL_PREDICTION_VERIFIED,80
OUT-2026-00656,TCK-2026-00656,2026-01-30 14:25:13,PREVENTIVE_DETERRENCE_ACHIEVED,NEW_CORRIDOR_DISCOVERED,86
OUT-2026-00657,TCK-2026-00657,2026-01-16 13:24:01,PREVENTIVE_DETERRENCE_ACHIEVED,FALSE_ALARM_REPORTED,91
OUT-2026-00658,TCK-2026-00658,2025-08-26 12:17:00,SEIZURE_EXECUTED,MODEL_PREDICTION_VERIFIED,83
OUT-2026-00659,TCK-2026-00659,2026-02-09 17:48:30,SEIZURE_EXECUTED,NEW_CORRIDOR_DISCOVERED,93
OUT-2026-00660,TCK-2026-00660,2026-04-04 10:45:56,UNSUBSTANTIATED_TIP,FALSE_ALARM_REPORTED,76
OUT-2026-00661,TCK-2026-00661,2025-08-26 19:46:30,UNSUBSTANTIATED_TIP,NEW_CORRIDOR_DISCOVERED,81
OUT-2026-00662,TCK-2026-00662,2026-08-17 07:16:43,PREVENTIVE_DETERRENCE_ACHIEVED,FALSE_ALARM_REPORTED,83
OUT-2026-00663,TCK-2026-00663,2025-09-17 04:44:41,UNSUBSTANTIATED_TIP,MODEL_PREDICTION_VERIFIED,96
OUT-2026-00664,TCK-2026-00664,2026-03-25 10:22:45,UNSUBSTANTIATED_TIP,NEW_CORRIDOR_DISCOVERED,87
OUT-2026-00665,TCK-2026-00665,2025-11-29 03:53:05,UNSUBSTANTIATED_TIP,FALSE_ALARM_REPORTED,91
OUT-2026-00666,TCK-2026-00666,2026-03-29 05:34:53,CIVIL_SUPPORT_REFERRED,FALSE_ALARM_REPORTED,95
OUT-2026-00667,TCK-2026-00667,2026-04-21 03:20:47,UNSUBSTANTIATED_TIP,NEW_CORRIDOR_DISCOVERED,91
OUT-2026-00668,TCK-2026-00668,2026-08-19 01:03:33,PREVENTIVE_DETERRENCE_ACHIEVED,FALSE_ALARM_REPORTED,92
OUT-2026-00669,TCK-2026-00669,2025-05-10 10:10:34,UNSUBSTANTIATED_TIP,MODEL_PREDICTION_VERIFIED,85
OUT-2026-00670,TCK-2026-00670,2025-04-18 16:11:53,SEIZURE_EXECUTED,NEW_CORRIDOR_DISCOVERED,84
OUT-2026-00671,TCK-2026-00671,2026-04-08 08:41:50,PREVENTIVE_DETERRENCE_ACHIEVED,FALSE_ALARM_REPORTED,85
OUT-2026-00672,TCK-2026-00672,2026-01-07 06:57:26,PREVENTIVE_DETERRENCE_ACHIEVED,FALSE_ALARM_REPORTED,89
OUT-2026-00673,TCK-2026-00673,2026-02-06 17:54:59,SEIZURE_EXECUTED,MODEL_PREDICTION_VERIFIED,94
OUT-2026-00674,TCK-2026-00674,2026-04-20 22:16:53,PREVENTIVE_DETERRENCE_ACHIEVED,NEW_CORRIDOR_DISCOVERED,94
OUT-2026-00675,TCK-2026-00675,2026-03-08 06:20:49,SEIZURE_EXECUTED,FALSE_ALARM_REPORTED,95
OUT-2026-00676,TCK-2026-00676,2025-04-20 21:53:58,SEIZURE_EXECUTED,MODEL_PREDICTION_VERIFIED,83
OUT-2026-00677,TCK-2026-00677,2026-04-01 06:57:41,SEIZURE_EXECUTED,NEW_CORRIDOR_DISCOVERED,97
OUT-2026-00678,TCK-2026-00678,2025-05-22 13:59:15,CIVIL_SUPPORT_REFERRED,FALSE_ALARM_REPORTED,79
OUT-2026-00679,TCK-2026-00679,2026-07-24 07:38:14,PREVENTIVE_DETERRENCE_ACHIEVED,NEW_CORRIDOR_DISCOVERED,97
OUT-2026-00680,TCK-2026-00680,2026-07-11 17:51:52,SEIZURE_EXECUTED,MODEL_PREDICTION_VERIFIED,84
OUT-2026-00681,TCK-2026-00681,2026-06-28 14:24:04,UNSUBSTANTIATED_TIP,NEW_CORRIDOR_DISCOVERED,98
OUT-2026-00682,TCK-2026-00682,2026-03-10 13:37:15,SEIZURE_EXECUTED,FALSE_ALARM_REPORTED,86
OUT-2026-00683,TCK-2026-00683,2026-04-14 04:00:14,UNSUBSTANTIATED_TIP,MODEL_PREDICTION_VERIFIED,79
OUT-2026-00684,TCK-2026-00684,2025-11-26 19:11:48,UNSUBSTANTIATED_TIP,FALSE_ALARM_REPORTED,79
OUT-2026-00685,TCK-2026-00685,2026-06-16 19:32:24,SEIZURE_EXECUTED,FALSE_ALARM_REPORTED,91
OUT-2026-00686,TCK-2026-00686,2025-12-15 11:58:04,CIVIL_SUPPORT_REFERRED,MODEL_PREDICTION_VERIFIED,91
OUT-2026-00687,TCK-2026-00687,2025-11-21 23:25:19,UNSUBSTANTIATED_TIP,NEW_CORRIDOR_DISCOVERED,77
OUT-2026-00688,TCK-2026-00688,2026-07-21 19:49:55,CIVIL_SUPPORT_REFERRED,MODEL_PREDICTION_VERIFIED,86
OUT-2026-00689,TCK-2026-00689,2026-02-26 14:43:00,UNSUBSTANTIATED_TIP,MODEL_PREDICTION_VERIFIED,96
OUT-2026-00690,TCK-2026-00690,2025-10-14 14:56:41,UNSUBSTANTIATED_TIP,MODEL_PREDICTION_VERIFIED,83
OUT-2026-00691,TCK-2026-00691,2026-05-29 16:45:10,CIVIL_SUPPORT_REFERRED,FALSE_ALARM_REPORTED,80
OUT-2026-00692,TCK-2026-00692,2025-08-25 19:47:29,UNSUBSTANTIATED_TIP,MODEL_PREDICTION_VERIFIED,83
OUT-2026-00693,TCK-2026-00693,2025-12-13 01:29:42,CIVIL_SUPPORT_REFERRED,MODEL_PREDICTION_VERIFIED,79
OUT-2026-00694,TCK-2026-00694,2026-06-23 03:20:34,SEIZURE_EXECUTED,FALSE_ALARM_REPORTED,75
OUT-2026-00695,TCK-2026-00695,2026-01-26 19:18:41,UNSUBSTANTIATED_TIP,FALSE_ALARM_REPORTED,87
OUT-2026-00696,TCK-2026-00696,2026-02-07 17:30:35,UNSUBSTANTIATED_TIP,MODEL_PREDICTION_VERIFIED,85
OUT-2026-00697,TCK-2026-00697,2025-08-11 06:06:28,UNSUBSTANTIATED_TIP,FALSE_ALARM_REPORTED,98
OUT-2026-00698,TCK-2026-00698,2026-04-21 13:28:08,PREVENTIVE_DETERRENCE_ACHIEVED,FALSE_ALARM_REPORTED,98
OUT-2026-00699,TCK-2026-00699,2025-09-25 01:31:10,UNSUBSTANTIATED_TIP,FALSE_ALARM_REPORTED,88
OUT-2026-00700,TCK-2026-00700,2025-12-09 21:03:09,SEIZURE_EXECUTED,FALSE_ALARM_REPORTED,93
OUT-2026-00701,TCK-2026-00701,2025-08-19 14:14:44,CIVIL_SUPPORT_REFERRED,MODEL_PREDICTION_VERIFIED,76
OUT-2026-00702,TCK-2026-00702,2026-05-10 00:44:28,UNSUBSTANTIATED_TIP,FALSE_ALARM_REPORTED,97
OUT-2026-00703,TCK-2026-00703,2025-07-31 21:19:42,SEIZURE_EXECUTED,MODEL_PREDICTION_VERIFIED,88
OUT-2026-00704,TCK-2026-00704,2025-06-24 00:28:46,PREVENTIVE_DETERRENCE_ACHIEVED,FALSE_ALARM_REPORTED,90
OUT-2026-00705,TCK-2026-00705,2026-08-14 10:19:23,PREVENTIVE_DETERRENCE_ACHIEVED,FALSE_ALARM_REPORTED,76
OUT-2026-00706,TCK-2026-00706,2025-04-09 12:44:01,CIVIL_SUPPORT_REFERRED,NEW_CORRIDOR_DISCOVERED,92
OUT-2026-00707,TCK-2026-00707,2026-07-15 10:49:08,UNSUBSTANTIATED_TIP,FALSE_ALARM_REPORTED,80
OUT-2026-00708,TCK-2026-00708,2026-07-29 08:26:19,PREVENTIVE_DETERRENCE_ACHIEVED,MODEL_PREDICTION_VERIFIED,90
OUT-2026-00709,TCK-2026-00709,2026-07-15 08:49:20,SEIZURE_EXECUTED,FALSE_ALARM_REPORTED,96
OUT-2026-00710,TCK-2026-00710,2026-06-20 21:09:45,CIVIL_SUPPORT_REFERRED,NEW_CORRIDOR_DISCOVERED,79
OUT-2026-00711,TCK-2026-00711,2026-03-09 23:27:05,PREVENTIVE_DETERRENCE_ACHIEVED,MODEL_PREDICTION_VERIFIED,92
OUT-2026-00712,TCK-2026-00712,2026-01-21 06:22:50,SEIZURE_EXECUTED,NEW_CORRIDOR_DISCOVERED,76
OUT-2026-00713,TCK-2026-00713,2026-05-07 00:16:20,PREVENTIVE_DETERRENCE_ACHIEVED,NEW_CORRIDOR_DISCOVERED,87
OUT-2026-00714,TCK-2026-00714,2026-05-09 13:22:25,SEIZURE_EXECUTED,FALSE_ALARM_REPORTED,88
OUT-2026-00715,TCK-2026-00715,2026-01-27 19:07:54,SEIZURE_EXECUTED,MODEL_PREDICTION_VERIFIED,96
OUT-2026-00716,TCK-2026-00716,2025-05-14 19:08:39,CIVIL_SUPPORT_REFERRED,MODEL_PREDICTION_VERIFIED,82
OUT-2026-00717,TCK-2026-00717,2026-04-13 04:06:53,CIVIL_SUPPORT_REFERRED,NEW_CORRIDOR_DISCOVERED,94
OUT-2026-00718,TCK-2026-00718,2026-04-23 15:56:15,UNSUBSTANTIATED_TIP,MODEL_PREDICTION_VERIFIED,76
OUT-2026-00719,TCK-2026-00719,2026-03-03 07:16:27,PREVENTIVE_DETERRENCE_ACHIEVED,FALSE_ALARM_REPORTED,92
OUT-2026-00720,TCK-2026-00720,2026-08-02 14:02:30,PREVENTIVE_DETERRENCE_ACHIEVED,FALSE_ALARM_REPORTED,96
OUT-2026-00721,TCK-2026-00721,2025-12-19 19:51:42,SEIZURE_EXECUTED,MODEL_PREDICTION_VERIFIED,85
OUT-2026-00722,TCK-2026-00722,2025-08-08 11:06:01,UNSUBSTANTIATED_TIP,NEW_CORRIDOR_DISCOVERED,93
OUT-2026-00723,TCK-2026-00723,2025-08-24 01:53:17,UNSUBSTANTIATED_TIP,FALSE_ALARM_REPORTED,84
OUT-2026-00724,TCK-2026-00724,2026-05-13 10:22:53,CIVIL_SUPPORT_REFERRED,MODEL_PREDICTION_VERIFIED,99
OUT-2026-00725,TCK-2026-00725,2025-04-17 19:30:12,CIVIL_SUPPORT_REFERRED,MODEL_PREDICTION_VERIFIED,81
OUT-2026-00726,TCK-2026-00726,2026-04-19 22:35:51,PREVENTIVE_DETERRENCE_ACHIEVED,FALSE_ALARM_REPORTED,99
OUT-2026-00727,TCK-2026-00727,2025-06-26 12:47:30,CIVIL_SUPPORT_REFERRED,MODEL_PREDICTION_VERIFIED,91
OUT-2026-00728,TCK-2026-00728,2026-05-27 08:10:42,CIVIL_SUPPORT_REFERRED,FALSE_ALARM_REPORTED,93
OUT-2026-00729,TCK-2026-00729,2025-05-07 23:23:06,SEIZURE_EXECUTED,FALSE_ALARM_REPORTED,99
OUT-2026-00730,TCK-2026-00730,2025-10-27 07:24:28,PREVENTIVE_DETERRENCE_ACHIEVED,NEW_CORRIDOR_DISCOVERED,76
OUT-2026-00731,TCK-2026-00731,2026-06-14 21:28:08,CIVIL_SUPPORT_REFERRED,MODEL_PREDICTION_VERIFIED,98
OUT-2026-00732,TCK-2026-00732,2025-07-17 02:50:07,UNSUBSTANTIATED_TIP,NEW_CORRIDOR_DISCOVERED,82
OUT-2026-00733,TCK-2026-00733,2025-08-18 19:42:30,UNSUBSTANTIATED_TIP,MODEL_PREDICTION_VERIFIED,93
OUT-2026-00734,TCK-2026-00734,2025-09-22 21:07:11,SEIZURE_EXECUTED,MODEL_PREDICTION_VERIFIED,77
OUT-2026-00735,TCK-2026-00735,2026-05-21 14:45:04,PREVENTIVE_DETERRENCE_ACHIEVED,FALSE_ALARM_REPORTED,84
OUT-2026-00736,TCK-2026-00736,2026-07-31 20:19:15,PREVENTIVE_DETERRENCE_ACHIEVED,NEW_CORRIDOR_DISCOVERED,90
OUT-2026-00737,TCK-2026-00737,2026-01-31 04:48:13,CIVIL_SUPPORT_REFERRED,NEW_CORRIDOR_DISCOVERED,75
OUT-2026-00738,TCK-2026-00738,2025-08-15 10:58:24,SEIZURE_EXECUTED,MODEL_PREDICTION_VERIFIED,79
OUT-2026-00739,TCK-2026-00739,2025-09-04 01:36:32,CIVIL_SUPPORT_REFERRED,FALSE_ALARM_REPORTED,88
OUT-2026-00740,TCK-2026-00740,2026-04-26 21:56:05,SEIZURE_EXECUTED,MODEL_PREDICTION_VERIFIED,76
OUT-2026-00741,TCK-2026-00741,2025-08-03 05:57:12,UNSUBSTANTIATED_TIP,FALSE_ALARM_REPORTED,92
OUT-2026-00742,TCK-2026-00742,2026-02-19 11:13:50,UNSUBSTANTIATED_TIP,NEW_CORRIDOR_DISCOVERED,79
OUT-2026-00743,TCK-2026-00743,2026-07-02 15:34:28,SEIZURE_EXECUTED,MODEL_PREDICTION_VERIFIED,95
OUT-2026-00744,TCK-2026-00744,2026-05-07 11:18:05,UNSUBSTANTIATED_TIP,NEW_CORRIDOR_DISCOVERED,92
OUT-2026-00745,TCK-2026-00745,2026-04-05 22:21:22,SEIZURE_EXECUTED,MODEL_PREDICTION_VERIFIED,81
OUT-2026-00746,TCK-2026-00746,2026-05-23 09:46:10,UNSUBSTANTIATED_TIP,FALSE_ALARM_REPORTED,91
OUT-2026-00747,TCK-2026-00747,2026-03-06 01:16:04,UNSUBSTANTIATED_TIP,FALSE_ALARM_REPORTED,91
OUT-2026-00748,TCK-2026-00748,2025-05-11 12:38:50,SEIZURE_EXECUTED,MODEL_PREDICTION_VERIFIED,99
OUT-2026-00749,TCK-2026-00749,2025-10-18 22:03:43,CIVIL_SUPPORT_REFERRED,MODEL_PREDICTION_VERIFIED,95
OUT-2026-00750,TCK-2026-00750,2025-07-06 18:56:22,CIVIL_SUPPORT_REFERRED,FALSE_ALARM_REPORTED,78
OUT-2026-00751,TCK-2026-00751,2026-05-27 22:49:14,CIVIL_SUPPORT_REFERRED,FALSE_ALARM_REPORTED,84
OUT-2026-00752,TCK-2026-00752,2025-07-11 16:11:18,CIVIL_SUPPORT_REFERRED,FALSE_ALARM_REPORTED,88
OUT-2026-00753,TCK-2026-00753,2025-08-21 23:14:14,CIVIL_SUPPORT_REFERRED,MODEL_PREDICTION_VERIFIED,87
OUT-2026-00754,TCK-2026-00754,2026-01-19 00:00:08,UNSUBSTANTIATED_TIP,FALSE_ALARM_REPORTED,76
OUT-2026-00755,TCK-2026-00755,2026-06-16 18:00:56,PREVENTIVE_DETERRENCE_ACHIEVED,FALSE_ALARM_REPORTED,88
OUT-2026-00756,TCK-2026-00756,2025-11-02 21:54:58,SEIZURE_EXECUTED,MODEL_PREDICTION_VERIFIED,95
OUT-2026-00757,TCK-2026-00757,2026-05-10 04:35:24,UNSUBSTANTIATED_TIP,FALSE_ALARM_REPORTED,96
OUT-2026-00758,TCK-2026-00758,2025-07-09 00:25:55,UNSUBSTANTIATED_TIP,FALSE_ALARM_REPORTED,80
OUT-2026-00759,TCK-2026-00759,2025-06-05 02:11:08,SEIZURE_EXECUTED,FALSE_ALARM_REPORTED,99
OUT-2026-00760,TCK-2026-00760,2026-01-12 19:02:19,UNSUBSTANTIATED_TIP,NEW_CORRIDOR_DISCOVERED,88
OUT-2026-00761,TCK-2026-00761,2025-12-16 08:26:09,SEIZURE_EXECUTED,MODEL_PREDICTION_VERIFIED,88
OUT-2026-00762,TCK-2026-00762,2025-07-12 11:56:42,CIVIL_SUPPORT_REFERRED,MODEL_PREDICTION_VERIFIED,98
OUT-2026-00763,TCK-2026-00763,2025-09-09 19:23:56,SEIZURE_EXECUTED,FALSE_ALARM_REPORTED,89
OUT-2026-00764,TCK-2026-00764,2026-05-02 13:10:42,PREVENTIVE_DETERRENCE_ACHIEVED,NEW_CORRIDOR_DISCOVERED,98
OUT-2026-00765,TCK-2026-00765,2025-07-01 10:38:04,SEIZURE_EXECUTED,NEW_CORRIDOR_DISCOVERED,76
OUT-2026-00766,TCK-2026-00766,2026-01-13 21:53:26,SEIZURE_EXECUTED,MODEL_PREDICTION_VERIFIED,80
OUT-2026-00767,TCK-2026-00767,2025-10-16 22:15:56,SEIZURE_EXECUTED,FALSE_ALARM_REPORTED,96
OUT-2026-00768,TCK-2026-00768,2026-04-02 21:11:53,UNSUBSTANTIATED_TIP,MODEL_PREDICTION_VERIFIED,75
OUT-2026-00769,TCK-2026-00769,2026-01-18 12:21:23,UNSUBSTANTIATED_TIP,FALSE_ALARM_REPORTED,84
OUT-2026-00770,TCK-2026-00770,2026-03-21 06:49:12,SEIZURE_EXECUTED,NEW_CORRIDOR_DISCOVERED,76
OUT-2026-00771,TCK-2026-00771,2026-05-06 11:26:30,CIVIL_SUPPORT_REFERRED,NEW_CORRIDOR_DISCOVERED,83
OUT-2026-00772,TCK-2026-00772,2025-09-07 23:58:37,UNSUBSTANTIATED_TIP,FALSE_ALARM_REPORTED,92
OUT-2026-00773,TCK-2026-00773,2026-05-10 22:05:10,UNSUBSTANTIATED_TIP,NEW_CORRIDOR_DISCOVERED,95
OUT-2026-00774,TCK-2026-00774,2026-02-19 12:43:41,UNSUBSTANTIATED_TIP,FALSE_ALARM_REPORTED,93
OUT-2026-00775,TCK-2026-00775,2025-06-26 20:30:47,UNSUBSTANTIATED_TIP,MODEL_PREDICTION_VERIFIED,88
OUT-2026-00776,TCK-2026-00776,2026-02-25 22:44:38,UNSUBSTANTIATED_TIP,NEW_CORRIDOR_DISCOVERED,96
OUT-2026-00777,TCK-2026-00777,2026-07-12 02:39:59,CIVIL_SUPPORT_REFERRED,NEW_CORRIDOR_DISCOVERED,91
OUT-2026-00778,TCK-2026-00778,2026-01-31 12:07:15,UNSUBSTANTIATED_TIP,NEW_CORRIDOR_DISCOVERED,86
OUT-2026-00779,TCK-2026-00779,2026-01-21 22:28:40,CIVIL_SUPPORT_REFERRED,NEW_CORRIDOR_DISCOVERED,77
OUT-2026-00780,TCK-2026-00780,2026-06-20 11:50:37,PREVENTIVE_DETERRENCE_ACHIEVED,NEW_CORRIDOR_DISCOVERED,99
OUT-2026-00781,TCK-2026-00781,2026-04-19 17:29:03,SEIZURE_EXECUTED,FALSE_ALARM_REPORTED,80
OUT-2026-00782,TCK-2026-00782,2025-05-18 21:19:07,SEIZURE_EXECUTED,MODEL_PREDICTION_VERIFIED,80
OUT-2026-00783,TCK-2026-00783,2026-02-10 08:55:59,SEIZURE_EXECUTED,NEW_CORRIDOR_DISCOVERED,89
OUT-2026-00784,TCK-2026-00784,2026-01-27 13:06:17,CIVIL_SUPPORT_REFERRED,FALSE_ALARM_REPORTED,77
OUT-2026-00785,TCK-2026-00785,2025-07-19 09:01:33,SEIZURE_EXECUTED,NEW_CORRIDOR_DISCOVERED,99
OUT-2026-00786,TCK-2026-00786,2025-11-03 00:27:29,SEIZURE_EXECUTED,NEW_CORRIDOR_DISCOVERED,80
OUT-2026-00787,TCK-2026-00787,2026-08-03 04:31:28,CIVIL_SUPPORT_REFERRED,MODEL_PREDICTION_VERIFIED,85
OUT-2026-00788,TCK-2026-00788,2025-04-07 09:34:38,PREVENTIVE_DETERRENCE_ACHIEVED,FALSE_ALARM_REPORTED,95
OUT-2026-00789,TCK-2026-00789,2025-04-23 14:33:06,PREVENTIVE_DETERRENCE_ACHIEVED,NEW_CORRIDOR_DISCOVERED,88
OUT-2026-00790,TCK-2026-00790,2025-09-29 08:17:06,CIVIL_SUPPORT_REFERRED,MODEL_PREDICTION_VERIFIED,78
OUT-2026-00791,TCK-2026-00791,2025-06-24 01:45:44,SEIZURE_EXECUTED,MODEL_PREDICTION_VERIFIED,75
OUT-2026-00792,TCK-2026-00792,2025-08-08 06:49:31,UNSUBSTANTIATED_TIP,MODEL_PREDICTION_VERIFIED,89
OUT-2026-00793,TCK-2026-00793,2025-11-21 11:10:54,UNSUBSTANTIATED_TIP,NEW_CORRIDOR_DISCOVERED,77
OUT-2026-00794,TCK-2026-00794,2025-11-29 12:02:23,SEIZURE_EXECUTED,NEW_CORRIDOR_DISCOVERED,78
OUT-2026-00795,TCK-2026-00795,2025-12-21 16:09:14,PREVENTIVE_DETERRENCE_ACHIEVED,MODEL_PREDICTION_VERIFIED,94
OUT-2026-00796,TCK-2026-00796,2025-05-06 12:42:11,PREVENTIVE_DETERRENCE_ACHIEVED,MODEL_PREDICTION_VERIFIED,81
OUT-2026-00797,TCK-2026-00797,2026-01-12 15:58:20,PREVENTIVE_DETERRENCE_ACHIEVED,MODEL_PREDICTION_VERIFIED,76
OUT-2026-00798,TCK-2026-00798,2025-05-14 13:15:40,CIVIL_SUPPORT_REFERRED,MODEL_PREDICTION_VERIFIED,97
OUT-2026-00799,TCK-2026-00799,2026-06-07 17:08:59,SEIZURE_EXECUTED,MODEL_PREDICTION_VERIFIED,90
OUT-2026-00800,TCK-2026-00800,2026-03-04 15:04:40,UNSUBSTANTIATED_TIP,NEW_CORRIDOR_DISCOVERED,81
OUT-2026-00801,TCK-2026-00801,2025-04-13 15:31:19,UNSUBSTANTIATED_TIP,MODEL_PREDICTION_VERIFIED,78
OUT-2026-00802,TCK-2026-00802,2025-11-21 12:50:59,CIVIL_SUPPORT_REFERRED,FALSE_ALARM_REPORTED,86
OUT-2026-00803,TCK-2026-00803,2025-06-07 01:23:10,PREVENTIVE_DETERRENCE_ACHIEVED,MODEL_PREDICTION_VERIFIED,78
OUT-2026-00804,TCK-2026-00804,2026-07-10 03:57:58,SEIZURE_EXECUTED,FALSE_ALARM_REPORTED,75
OUT-2026-00805,TCK-2026-00805,2026-07-03 19:16:16,UNSUBSTANTIATED_TIP,FALSE_ALARM_REPORTED,85
OUT-2026-00806,TCK-2026-00806,2025-12-23 13:53:07,PREVENTIVE_DETERRENCE_ACHIEVED,MODEL_PREDICTION_VERIFIED,98
OUT-2026-00807,TCK-2026-00807,2025-07-31 19:35:09,SEIZURE_EXECUTED,MODEL_PREDICTION_VERIFIED,89
OUT-2026-00808,TCK-2026-00808,2026-01-27 21:44:11,PREVENTIVE_DETERRENCE_ACHIEVED,MODEL_PREDICTION_VERIFIED,75
OUT-2026-00809,TCK-2026-00809,2026-07-16 03:29:55,UNSUBSTANTIATED_TIP,MODEL_PREDICTION_VERIFIED,81
OUT-2026-00810,TCK-2026-00810,2025-12-29 20:59:58,UNSUBSTANTIATED_TIP,NEW_CORRIDOR_DISCOVERED,76
OUT-2026-00811,TCK-2026-00811,2025-11-25 09:45:50,CIVIL_SUPPORT_REFERRED,NEW_CORRIDOR_DISCOVERED,88
OUT-2026-00812,TCK-2026-00812,2026-01-04 22:12:58,UNSUBSTANTIATED_TIP,NEW_CORRIDOR_DISCOVERED,77
OUT-2026-00813,TCK-2026-00813,2026-05-29 07:30:50,UNSUBSTANTIATED_TIP,MODEL_PREDICTION_VERIFIED,81
OUT-2026-00814,TCK-2026-00814,2025-09-21 09:47:08,CIVIL_SUPPORT_REFERRED,FALSE_ALARM_REPORTED,99
OUT-2026-00815,TCK-2026-00815,2025-12-01 10:59:40,CIVIL_SUPPORT_REFERRED,MODEL_PREDICTION_VERIFIED,98
OUT-2026-00816,TCK-2026-00816,2026-07-27 01:42:28,PREVENTIVE_DETERRENCE_ACHIEVED,MODEL_PREDICTION_VERIFIED,83
OUT-2026-00817,TCK-2026-00817,2026-01-05 12:39:38,CIVIL_SUPPORT_REFERRED,MODEL_PREDICTION_VERIFIED,90
OUT-2026-00818,TCK-2026-00818,2026-04-22 16:46:32,UNSUBSTANTIATED_TIP,MODEL_PREDICTION_VERIFIED,95
OUT-2026-00819,TCK-2026-00819,2025-12-22 08:07:44,CIVIL_SUPPORT_REFERRED,NEW_CORRIDOR_DISCOVERED,78
OUT-2026-00820,TCK-2026-00820,2025-12-05 19:12:48,SEIZURE_EXECUTED,MODEL_PREDICTION_VERIFIED,89
OUT-2026-00821,TCK-2026-00821,2025-05-24 13:37:45,PREVENTIVE_DETERRENCE_ACHIEVED,NEW_CORRIDOR_DISCOVERED,75
OUT-2026-00822,TCK-2026-00822,2025-10-31 05:18:43,UNSUBSTANTIATED_TIP,NEW_CORRIDOR_DISCOVERED,87
OUT-2026-00823,TCK-2026-00823,2026-07-13 19:36:06,SEIZURE_EXECUTED,MODEL_PREDICTION_VERIFIED,77
OUT-2026-00824,TCK-2026-00824,2025-09-24 23:38:10,PREVENTIVE_DETERRENCE_ACHIEVED,NEW_CORRIDOR_DISCOVERED,82
OUT-2026-00825,TCK-2026-00825,2026-05-30 22:53:44,SEIZURE_EXECUTED,MODEL_PREDICTION_VERIFIED,78
OUT-2026-00826,TCK-2026-00826,2025-06-16 07:56:28,UNSUBSTANTIATED_TIP,MODEL_PREDICTION_VERIFIED,95
OUT-2026-00827,TCK-2026-00827,2026-02-25 11:24:13,UNSUBSTANTIATED_TIP,NEW_CORRIDOR_DISCOVERED,96
OUT-2026-00828,TCK-2026-00828,2026-01-01 18:45:25,UNSUBSTANTIATED_TIP,MODEL_PREDICTION_VERIFIED,98
OUT-2026-00829,TCK-2026-00829,2026-03-15 06:30:29,SEIZURE_EXECUTED,MODEL_PREDICTION_VERIFIED,99
OUT-2026-00830,TCK-2026-00830,2025-09-29 01:12:02,SEIZURE_EXECUTED,MODEL_PREDICTION_VERIFIED,84
OUT-2026-00831,TCK-2026-00831,2026-03-20 01:59:21,PREVENTIVE_DETERRENCE_ACHIEVED,NEW_CORRIDOR_DISCOVERED,96
OUT-2026-00832,TCK-2026-00832,2026-01-27 08:13:43,CIVIL_SUPPORT_REFERRED,FALSE_ALARM_REPORTED,87
OUT-2026-00833,TCK-2026-00833,2025-12-07 19:08:56,CIVIL_SUPPORT_REFERRED,NEW_CORRIDOR_DISCOVERED,77
OUT-2026-00834,TCK-2026-00834,2025-06-10 12:12:22,SEIZURE_EXECUTED,NEW_CORRIDOR_DISCOVERED,77
OUT-2026-00835,TCK-2026-00835,2025-04-23 06:22:11,SEIZURE_EXECUTED,FALSE_ALARM_REPORTED,90
OUT-2026-00836,TCK-2026-00836,2026-01-24 14:01:00,PREVENTIVE_DETERRENCE_ACHIEVED,MODEL_PREDICTION_VERIFIED,91
OUT-2026-00837,TCK-2026-00837,2026-07-09 06:48:13,SEIZURE_EXECUTED,MODEL_PREDICTION_VERIFIED,92
OUT-2026-00838,TCK-2026-00838,2025-04-23 13:14:54,PREVENTIVE_DETERRENCE_ACHIEVED,MODEL_PREDICTION_VERIFIED,99
OUT-2026-00839,TCK-2026-00839,2025-11-14 14:34:40,UNSUBSTANTIATED_TIP,NEW_CORRIDOR_DISCOVERED,96
OUT-2026-00840,TCK-2026-00840,2025-04-25 06:01:12,UNSUBSTANTIATED_TIP,NEW_CORRIDOR_DISCOVERED,75
OUT-2026-00841,TCK-2026-00841,2025-05-24 14:38:33,PREVENTIVE_DETERRENCE_ACHIEVED,MODEL_PREDICTION_VERIFIED,93
OUT-2026-00842,TCK-2026-00842,2025-12-17 07:11:32,SEIZURE_EXECUTED,FALSE_ALARM_REPORTED,79
OUT-2026-00843,TCK-2026-00843,2025-05-13 14:28:28,UNSUBSTANTIATED_TIP,MODEL_PREDICTION_VERIFIED,85
OUT-2026-00844,TCK-2026-00844,2026-03-07 07:30:39,PREVENTIVE_DETERRENCE_ACHIEVED,MODEL_PREDICTION_VERIFIED,85
OUT-2026-00845,TCK-2026-00845,2025-06-11 17:56:20,PREVENTIVE_DETERRENCE_ACHIEVED,FALSE_ALARM_REPORTED,77
OUT-2026-00846,TCK-2026-00846,2026-07-30 23:56:23,PREVENTIVE_DETERRENCE_ACHIEVED,MODEL_PREDICTION_VERIFIED,77
OUT-2026-00847,TCK-2026-00847,2025-12-28 11:03:11,PREVENTIVE_DETERRENCE_ACHIEVED,FALSE_ALARM_REPORTED,90
OUT-2026-00848,TCK-2026-00848,2026-05-17 07:52:35,CIVIL_SUPPORT_REFERRED,MODEL_PREDICTION_VERIFIED,87
OUT-2026-00849,TCK-2026-00849,2025-06-17 04:49:46,CIVIL_SUPPORT_REFERRED,FALSE_ALARM_REPORTED,91
OUT-2026-00850,TCK-2026-00850,2025-07-17 06:51:39,CIVIL_SUPPORT_REFERRED,MODEL_PREDICTION_VERIFIED,87
OUT-2026-00851,TCK-2026-00851,2026-06-06 23:24:47,CIVIL_SUPPORT_REFERRED,FALSE_ALARM_REPORTED,97
OUT-2026-00852,TCK-2026-00852,2026-04-24 01:45:07,SEIZURE_EXECUTED,MODEL_PREDICTION_VERIFIED,80
OUT-2026-00853,TCK-2026-00853,2026-06-21 12:08:58,PREVENTIVE_DETERRENCE_ACHIEVED,MODEL_PREDICTION_VERIFIED,89
OUT-2026-00854,TCK-2026-00854,2026-01-29 14:19:52,SEIZURE_EXECUTED,MODEL_PREDICTION_VERIFIED,93
OUT-2026-00855,TCK-2026-00855,2026-07-16 09:31:33,UNSUBSTANTIATED_TIP,FALSE_ALARM_REPORTED,86
OUT-2026-00856,TCK-2026-00856,2026-07-04 20:10:55,CIVIL_SUPPORT_REFERRED,MODEL_PREDICTION_VERIFIED,79
OUT-2026-00857,TCK-2026-00857,2025-07-05 03:26:27,PREVENTIVE_DETERRENCE_ACHIEVED,MODEL_PREDICTION_VERIFIED,92
OUT-2026-00858,TCK-2026-00858,2026-02-16 00:41:01,PREVENTIVE_DETERRENCE_ACHIEVED,FALSE_ALARM_REPORTED,76
OUT-2026-00859,TCK-2026-00859,2026-05-25 23:43:36,PREVENTIVE_DETERRENCE_ACHIEVED,MODEL_PREDICTION_VERIFIED,81
OUT-2026-00860,TCK-2026-00860,2025-04-14 16:17:19,CIVIL_SUPPORT_REFERRED,FALSE_ALARM_REPORTED,96
OUT-2026-00861,TCK-2026-00861,2026-04-23 02:53:09,PREVENTIVE_DETERRENCE_ACHIEVED,MODEL_PREDICTION_VERIFIED,97
OUT-2026-00862,TCK-2026-00862,2025-06-28 09:31:32,PREVENTIVE_DETERRENCE_ACHIEVED,FALSE_ALARM_REPORTED,89
OUT-2026-00863,TCK-2026-00863,2025-10-07 23:23:42,SEIZURE_EXECUTED,MODEL_PREDICTION_VERIFIED,96
OUT-2026-00864,TCK-2026-00864,2026-04-23 12:19:46,SEIZURE_EXECUTED,FALSE_ALARM_REPORTED,77
OUT-2026-00865,TCK-2026-00865,2025-07-20 09:51:18,CIVIL_SUPPORT_REFERRED,FALSE_ALARM_REPORTED,84
OUT-2026-00866,TCK-2026-00866,2025-08-13 03:17:26,SEIZURE_EXECUTED,MODEL_PREDICTION_VERIFIED,81
OUT-2026-00867,TCK-2026-00867,2025-11-08 15:53:15,PREVENTIVE_DETERRENCE_ACHIEVED,NEW_CORRIDOR_DISCOVERED,82
OUT-2026-00868,TCK-2026-00868,2026-04-12 18:38:04,CIVIL_SUPPORT_REFERRED,NEW_CORRIDOR_DISCOVERED,85
OUT-2026-00869,TCK-2026-00869,2026-05-31 00:31:51,SEIZURE_EXECUTED,NEW_CORRIDOR_DISCOVERED,99
OUT-2026-00870,TCK-2026-00870,2026-08-06 07:10:39,CIVIL_SUPPORT_REFERRED,MODEL_PREDICTION_VERIFIED,99
OUT-2026-00871,TCK-2026-00871,2026-03-18 14:10:39,UNSUBSTANTIATED_TIP,NEW_CORRIDOR_DISCOVERED,89
OUT-2026-00872,TCK-2026-00872,2025-05-10 10:41:02,PREVENTIVE_DETERRENCE_ACHIEVED,MODEL_PREDICTION_VERIFIED,77
OUT-2026-00873,TCK-2026-00873,2025-04-11 01:48:14,UNSUBSTANTIATED_TIP,MODEL_PREDICTION_VERIFIED,75
OUT-2026-00874,TCK-2026-00874,2026-07-10 07:57:50,CIVIL_SUPPORT_REFERRED,NEW_CORRIDOR_DISCOVERED,90
OUT-2026-00875,TCK-2026-00875,2025-05-29 21:31:23,PREVENTIVE_DETERRENCE_ACHIEVED,NEW_CORRIDOR_DISCOVERED,94
OUT-2026-00876,TCK-2026-00876,2026-08-02 22:59:49,CIVIL_SUPPORT_REFERRED,NEW_CORRIDOR_DISCOVERED,82
OUT-2026-00877,TCK-2026-00877,2026-02-14 01:56:43,SEIZURE_EXECUTED,NEW_CORRIDOR_DISCOVERED,95
OUT-2026-00878,TCK-2026-00878,2026-03-10 15:40:32,PREVENTIVE_DETERRENCE_ACHIEVED,FALSE_ALARM_REPORTED,88
OUT-2026-00879,TCK-2026-00879,2026-03-25 01:44:44,UNSUBSTANTIATED_TIP,NEW_CORRIDOR_DISCOVERED,78
OUT-2026-00880,TCK-2026-00880,2025-06-01 11:19:49,CIVIL_SUPPORT_REFERRED,NEW_CORRIDOR_DISCOVERED,87
OUT-2026-00881,TCK-2026-00881,2025-08-08 19:17:26,SEIZURE_EXECUTED,NEW_CORRIDOR_DISCOVERED,89
OUT-2026-00882,TCK-2026-00882,2025-07-20 21:18:38,SEIZURE_EXECUTED,NEW_CORRIDOR_DISCOVERED,92
OUT-2026-00883,TCK-2026-00883,2025-05-07 15:14:44,PREVENTIVE_DETERRENCE_ACHIEVED,NEW_CORRIDOR_DISCOVERED,79
OUT-2026-00884,TCK-2026-00884,2025-10-31 04:10:40,CIVIL_SUPPORT_REFERRED,FALSE_ALARM_REPORTED,78
OUT-2026-00885,TCK-2026-00885,2025-11-07 15:19:58,UNSUBSTANTIATED_TIP,FALSE_ALARM_REPORTED,86
OUT-2026-00886,TCK-2026-00886,2026-06-11 00:01:44,SEIZURE_EXECUTED,NEW_CORRIDOR_DISCOVERED,91
OUT-2026-00887,TCK-2026-00887,2026-07-09 23:24:26,CIVIL_SUPPORT_REFERRED,MODEL_PREDICTION_VERIFIED,85
OUT-2026-00888,TCK-2026-00888,2025-04-18 05:44:44,CIVIL_SUPPORT_REFERRED,MODEL_PREDICTION_VERIFIED,80
OUT-2026-00889,TCK-2026-00889,2026-02-06 19:56:09,PREVENTIVE_DETERRENCE_ACHIEVED,NEW_CORRIDOR_DISCOVERED,96
OUT-2026-00890,TCK-2026-00890,2025-06-06 07:15:28,UNSUBSTANTIATED_TIP,NEW_CORRIDOR_DISCOVERED,95
OUT-2026-00891,TCK-2026-00891,2025-10-26 17:05:37,PREVENTIVE_DETERRENCE_ACHIEVED,MODEL_PREDICTION_VERIFIED,90
OUT-2026-00892,TCK-2026-00892,2026-02-28 13:21:22,SEIZURE_EXECUTED,MODEL_PREDICTION_VERIFIED,78
OUT-2026-00893,TCK-2026-00893,2026-02-06 20:36:53,PREVENTIVE_DETERRENCE_ACHIEVED,NEW_CORRIDOR_DISCOVERED,82
OUT-2026-00894,TCK-2026-00894,2026-03-18 02:43:37,UNSUBSTANTIATED_TIP,FALSE_ALARM_REPORTED,79
OUT-2026-00895,TCK-2026-00895,2025-10-31 10:56:23,SEIZURE_EXECUTED,FALSE_ALARM_REPORTED,99
OUT-2026-00896,TCK-2026-00896,2026-07-07 20:48:27,PREVENTIVE_DETERRENCE_ACHIEVED,MODEL_PREDICTION_VERIFIED,86
OUT-2026-00897,TCK-2026-00897,2026-08-07 22:50:12,SEIZURE_EXECUTED,NEW_CORRIDOR_DISCOVERED,95
OUT-2026-00898,TCK-2026-00898,2025-06-04 00:14:35,CIVIL_SUPPORT_REFERRED,NEW_CORRIDOR_DISCOVERED,93
OUT-2026-00899,TCK-2026-00899,2025-11-07 02:07:43,SEIZURE_EXECUTED,FALSE_ALARM_REPORTED,85
OUT-2026-00900,TCK-2026-00900,2025-07-21 18:55:59,PREVENTIVE_DETERRENCE_ACHIEVED,FALSE_ALARM_REPORTED,83
OUT-2026-00901,TCK-2026-00901,2025-04-29 19:42:32,SEIZURE_EXECUTED,NEW_CORRIDOR_DISCOVERED,86
OUT-2026-00902,TCK-2026-00902,2026-03-12 09:16:23,CIVIL_SUPPORT_REFERRED,FALSE_ALARM_REPORTED,85
OUT-2026-00903,TCK-2026-00903,2025-07-14 02:53:02,CIVIL_SUPPORT_REFERRED,MODEL_PREDICTION_VERIFIED,89
OUT-2026-00904,TCK-2026-00904,2026-07-20 02:58:35,PREVENTIVE_DETERRENCE_ACHIEVED,NEW_CORRIDOR_DISCOVERED,81
OUT-2026-00905,TCK-2026-00905,2026-06-30 08:39:35,CIVIL_SUPPORT_REFERRED,FALSE_ALARM_REPORTED,78
OUT-2026-00906,TCK-2026-00906,2025-04-27 06:37:32,SEIZURE_EXECUTED,FALSE_ALARM_REPORTED,85
OUT-2026-00907,TCK-2026-00907,2025-10-17 11:04:31,PREVENTIVE_DETERRENCE_ACHIEVED,NEW_CORRIDOR_DISCOVERED,88
OUT-2026-00908,TCK-2026-00908,2025-10-25 15:48:56,UNSUBSTANTIATED_TIP,NEW_CORRIDOR_DISCOVERED,81
OUT-2026-00909,TCK-2026-00909,2026-02-06 09:58:32,CIVIL_SUPPORT_REFERRED,FALSE_ALARM_REPORTED,79
OUT-2026-00910,TCK-2026-00910,2026-05-25 13:46:43,CIVIL_SUPPORT_REFERRED,NEW_CORRIDOR_DISCOVERED,86
OUT-2026-00911,TCK-2026-00911,2025-11-15 16:54:56,PREVENTIVE_DETERRENCE_ACHIEVED,FALSE_ALARM_REPORTED,98
OUT-2026-00912,TCK-2026-00912,2025-12-30 01:29:04,UNSUBSTANTIATED_TIP,MODEL_PREDICTION_VERIFIED,98
OUT-2026-00913,TCK-2026-00913,2026-06-25 10:55:15,PREVENTIVE_DETERRENCE_ACHIEVED,FALSE_ALARM_REPORTED,97
OUT-2026-00914,TCK-2026-00914,2026-06-16 13:35:58,SEIZURE_EXECUTED,MODEL_PREDICTION_VERIFIED,97
OUT-2026-00915,TCK-2026-00915,2025-07-31 15:05:14,PREVENTIVE_DETERRENCE_ACHIEVED,MODEL_PREDICTION_VERIFIED,88
OUT-2026-00916,TCK-2026-00916,2026-02-16 22:09:21,PREVENTIVE_DETERRENCE_ACHIEVED,NEW_CORRIDOR_DISCOVERED,78
OUT-2026-00917,TCK-2026-00917,2025-09-14 13:53:59,CIVIL_SUPPORT_REFERRED,FALSE_ALARM_REPORTED,87
OUT-2026-00918,TCK-2026-00918,2026-06-13 08:08:48,PREVENTIVE_DETERRENCE_ACHIEVED,NEW_CORRIDOR_DISCOVERED,92
OUT-2026-00919,TCK-2026-00919,2025-05-22 19:54:12,SEIZURE_EXECUTED,FALSE_ALARM_REPORTED,76
OUT-2026-00920,TCK-2026-00920,2025-11-19 08:11:57,SEIZURE_EXECUTED,FALSE_ALARM_REPORTED,92
OUT-2026-00921,TCK-2026-00921,2025-07-18 02:41:14,PREVENTIVE_DETERRENCE_ACHIEVED,MODEL_PREDICTION_VERIFIED,84
OUT-2026-00922,TCK-2026-00922,2025-08-26 08:13:34,PREVENTIVE_DETERRENCE_ACHIEVED,MODEL_PREDICTION_VERIFIED,93
OUT-2026-00923,TCK-2026-00923,2026-02-21 12:36:42,CIVIL_SUPPORT_REFERRED,MODEL_PREDICTION_VERIFIED,81
OUT-2026-00924,TCK-2026-00924,2026-08-17 04:50:56,UNSUBSTANTIATED_TIP,MODEL_PREDICTION_VERIFIED,79
OUT-2026-00925,TCK-2026-00925,2026-03-12 11:26:37,SEIZURE_EXECUTED,FALSE_ALARM_REPORTED,77
OUT-2026-00926,TCK-2026-00926,2025-12-29 15:17:09,PREVENTIVE_DETERRENCE_ACHIEVED,MODEL_PREDICTION_VERIFIED,79
OUT-2026-00927,TCK-2026-00927,2026-05-29 10:06:55,SEIZURE_EXECUTED,NEW_CORRIDOR_DISCOVERED,81
OUT-2026-00928,TCK-2026-00928,2025-08-27 21:26:30,PREVENTIVE_DETERRENCE_ACHIEVED,FALSE_ALARM_REPORTED,78
OUT-2026-00929,TCK-2026-00929,2025-10-05 21:17:48,CIVIL_SUPPORT_REFERRED,NEW_CORRIDOR_DISCOVERED,99
OUT-2026-00930,TCK-2026-00930,2026-08-14 23:17:42,SEIZURE_EXECUTED,MODEL_PREDICTION_VERIFIED,80
OUT-2026-00931,TCK-2026-00931,2026-03-18 17:26:34,PREVENTIVE_DETERRENCE_ACHIEVED,MODEL_PREDICTION_VERIFIED,80
OUT-2026-00932,TCK-2026-00932,2026-01-04 14:12:33,UNSUBSTANTIATED_TIP,MODEL_PREDICTION_VERIFIED,80
OUT-2026-00933,TCK-2026-00933,2026-03-19 01:25:05,SEIZURE_EXECUTED,NEW_CORRIDOR_DISCOVERED,93
OUT-2026-00934,TCK-2026-00934,2025-11-03 18:33:09,PREVENTIVE_DETERRENCE_ACHIEVED,NEW_CORRIDOR_DISCOVERED,83
OUT-2026-00935,TCK-2026-00935,2026-07-28 05:46:59,CIVIL_SUPPORT_REFERRED,FALSE_ALARM_REPORTED,80
OUT-2026-00936,TCK-2026-00936,2026-02-09 22:34:33,CIVIL_SUPPORT_REFERRED,FALSE_ALARM_REPORTED,80
OUT-2026-00937,TCK-2026-00937,2026-06-24 17:23:53,PREVENTIVE_DETERRENCE_ACHIEVED,FALSE_ALARM_REPORTED,76
OUT-2026-00938,TCK-2026-00938,2025-11-19 13:25:54,CIVIL_SUPPORT_REFERRED,MODEL_PREDICTION_VERIFIED,87
OUT-2026-00939,TCK-2026-00939,2026-08-01 07:50:16,CIVIL_SUPPORT_REFERRED,NEW_CORRIDOR_DISCOVERED,83
OUT-2026-00940,TCK-2026-00940,2026-07-01 23:00:10,PREVENTIVE_DETERRENCE_ACHIEVED,NEW_CORRIDOR_DISCOVERED,82
OUT-2026-00941,TCK-2026-00941,2025-04-30 09:38:11,SEIZURE_EXECUTED,NEW_CORRIDOR_DISCOVERED,96
OUT-2026-00942,TCK-2026-00942,2025-10-12 06:58:56,CIVIL_SUPPORT_REFERRED,FALSE_ALARM_REPORTED,92
OUT-2026-00943,TCK-2026-00943,2026-05-30 09:07:04,UNSUBSTANTIATED_TIP,NEW_CORRIDOR_DISCOVERED,99
OUT-2026-00944,TCK-2026-00944,2026-02-21 19:22:16,CIVIL_SUPPORT_REFERRED,NEW_CORRIDOR_DISCOVERED,98
OUT-2026-00945,TCK-2026-00945,2026-07-16 09:59:49,UNSUBSTANTIATED_TIP,NEW_CORRIDOR_DISCOVERED,77
OUT-2026-00946,TCK-2026-00946,2026-04-06 12:31:05,CIVIL_SUPPORT_REFERRED,MODEL_PREDICTION_VERIFIED,78
OUT-2026-00947,TCK-2026-00947,2026-03-15 13:22:48,CIVIL_SUPPORT_REFERRED,MODEL_PREDICTION_VERIFIED,79
OUT-2026-00948,TCK-2026-00948,2025-09-22 18:34:31,PREVENTIVE_DETERRENCE_ACHIEVED,FALSE_ALARM_REPORTED,79
OUT-2026-00949,TCK-2026-00949,2025-11-09 03:11:50,UNSUBSTANTIATED_TIP,NEW_CORRIDOR_DISCOVERED,98
OUT-2026-00950,TCK-2026-00950,2025-10-13 13:28:31,CIVIL_SUPPORT_REFERRED,FALSE_ALARM_REPORTED,75
OUT-2026-00951,TCK-2026-00951,2025-12-11 20:52:35,SEIZURE_EXECUTED,MODEL_PREDICTION_VERIFIED,92
OUT-2026-00952,TCK-2026-00952,2025-07-21 06:12:55,SEIZURE_EXECUTED,MODEL_PREDICTION_VERIFIED,99
OUT-2026-00953,TCK-2026-00953,2026-01-10 12:39:15,PREVENTIVE_DETERRENCE_ACHIEVED,MODEL_PREDICTION_VERIFIED,76
OUT-2026-00954,TCK-2026-00954,2025-05-10 07:39:11,PREVENTIVE_DETERRENCE_ACHIEVED,FALSE_ALARM_REPORTED,91
OUT-2026-00955,TCK-2026-00955,2025-05-26 03:24:46,SEIZURE_EXECUTED,NEW_CORRIDOR_DISCOVERED,85
OUT-2026-00956,TCK-2026-00956,2025-07-28 02:39:17,SEIZURE_EXECUTED,NEW_CORRIDOR_DISCOVERED,88
OUT-2026-00957,TCK-2026-00957,2025-08-24 08:04:01,CIVIL_SUPPORT_REFERRED,MODEL_PREDICTION_VERIFIED,98
OUT-2026-00958,TCK-2026-00958,2026-06-19 10:28:36,UNSUBSTANTIATED_TIP,MODEL_PREDICTION_VERIFIED,76
OUT-2026-00959,TCK-2026-00959,2026-07-14 23:07:43,UNSUBSTANTIATED_TIP,NEW_CORRIDOR_DISCOVERED,88
OUT-2026-00960,TCK-2026-00960,2026-04-01 00:54:29,PREVENTIVE_DETERRENCE_ACHIEVED,MODEL_PREDICTION_VERIFIED,90
OUT-2026-00961,TCK-2026-00961,2026-01-12 20:26:15,CIVIL_SUPPORT_REFERRED,MODEL_PREDICTION_VERIFIED,79
OUT-2026-00962,TCK-2026-00962,2025-07-01 09:35:39,PREVENTIVE_DETERRENCE_ACHIEVED,NEW_CORRIDOR_DISCOVERED,78
OUT-2026-00963,TCK-2026-00963,2025-11-07 12:09:30,PREVENTIVE_DETERRENCE_ACHIEVED,FALSE_ALARM_REPORTED,90
OUT-2026-00964,TCK-2026-00964,2025-08-25 16:40:17,SEIZURE_EXECUTED,FALSE_ALARM_REPORTED,82
OUT-2026-00965,TCK-2026-00965,2025-07-27 17:34:11,CIVIL_SUPPORT_REFERRED,FALSE_ALARM_REPORTED,81
OUT-2026-00966,TCK-2026-00966,2025-04-21 05:26:32,PREVENTIVE_DETERRENCE_ACHIEVED,MODEL_PREDICTION_VERIFIED,79
OUT-2026-00967,TCK-2026-00967,2025-10-02 13:02:50,SEIZURE_EXECUTED,FALSE_ALARM_REPORTED,89
OUT-2026-00968,TCK-2026-00968,2026-01-14 07:48:36,CIVIL_SUPPORT_REFERRED,FALSE_ALARM_REPORTED,91
OUT-2026-00969,TCK-2026-00969,2025-07-10 04:44:07,UNSUBSTANTIATED_TIP,NEW_CORRIDOR_DISCOVERED,94
OUT-2026-00970,TCK-2026-00970,2026-03-24 18:21:49,SEIZURE_EXECUTED,FALSE_ALARM_REPORTED,75
OUT-2026-00971,TCK-2026-00971,2025-08-13 06:40:03,PREVENTIVE_DETERRENCE_ACHIEVED,MODEL_PREDICTION_VERIFIED,90
OUT-2026-00972,TCK-2026-00972,2025-12-31 00:24:26,PREVENTIVE_DETERRENCE_ACHIEVED,MODEL_PREDICTION_VERIFIED,93
OUT-2026-00973,TCK-2026-00973,2026-07-21 18:49:27,SEIZURE_EXECUTED,FALSE_ALARM_REPORTED,91
OUT-2026-00974,TCK-2026-00974,2026-02-25 22:37:28,UNSUBSTANTIATED_TIP,FALSE_ALARM_REPORTED,96
OUT-2026-00975,TCK-2026-00975,2026-01-30 19:26:29,SEIZURE_EXECUTED,FALSE_ALARM_REPORTED,83
OUT-2026-00976,TCK-2026-00976,2025-09-02 10:10:41,PREVENTIVE_DETERRENCE_ACHIEVED,MODEL_PREDICTION_VERIFIED,97
OUT-2026-00977,TCK-2026-00977,2025-10-22 20:03:26,SEIZURE_EXECUTED,NEW_CORRIDOR_DISCOVERED,80
OUT-2026-00978,TCK-2026-00978,2025-10-16 10:17:59,CIVIL_SUPPORT_REFERRED,MODEL_PREDICTION_VERIFIED,79
OUT-2026-00979,TCK-2026-00979,2026-01-06 11:38:23,CIVIL_SUPPORT_REFERRED,NEW_CORRIDOR_DISCOVERED,84
OUT-2026-00980,TCK-2026-00980,2026-02-07 23:17:39,SEIZURE_EXECUTED,FALSE_ALARM_REPORTED,83
OUT-2026-00981,TCK-2026-00981,2026-03-27 22:24:35,UNSUBSTANTIATED_TIP,NEW_CORRIDOR_DISCOVERED,90
OUT-2026-00982,TCK-2026-00982,2026-08-16 23:23:20,SEIZURE_EXECUTED,FALSE_ALARM_REPORTED,75
OUT-2026-00983,TCK-2026-00983,2025-09-17 10:34:02,UNSUBSTANTIATED_TIP,MODEL_PREDICTION_VERIFIED,93
OUT-2026-00984,TCK-2026-00984,2026-05-27 17:08:56,PREVENTIVE_DETERRENCE_ACHIEVED,NEW_CORRIDOR_DISCOVERED,79
OUT-2026-00985,TCK-2026-00985,2026-05-22 05:00:13,SEIZURE_EXECUTED,FALSE_ALARM_REPORTED,93
OUT-2026-00986,TCK-2026-00986,2026-01-08 15:23:07,SEIZURE_EXECUTED,FALSE_ALARM_REPORTED,78
OUT-2026-00987,TCK-2026-00987,2025-08-23 16:23:03,CIVIL_SUPPORT_REFERRED,NEW_CORRIDOR_DISCOVERED,87
OUT-2026-00988,TCK-2026-00988,2025-07-01 08:40:57,UNSUBSTANTIATED_TIP,NEW_CORRIDOR_DISCOVERED,90
OUT-2026-00989,TCK-2026-00989,2025-10-05 11:55:58,SEIZURE_EXECUTED,NEW_CORRIDOR_DISCOVERED,81
OUT-2026-00990,TCK-2026-00990,2025-07-13 04:06:18,CIVIL_SUPPORT_REFERRED,MODEL_PREDICTION_VERIFIED,77
OUT-2026-00991,TCK-2026-00991,2025-06-19 09:34:49,CIVIL_SUPPORT_REFERRED,NEW_CORRIDOR_DISCOVERED,95
OUT-2026-00992,TCK-2026-00992,2026-08-16 12:03:01,PREVENTIVE_DETERRENCE_ACHIEVED,FALSE_ALARM_REPORTED,82
OUT-2026-00993,TCK-2026-00993,2026-06-19 08:59:56,SEIZURE_EXECUTED,FALSE_ALARM_REPORTED,95
OUT-2026-00994,TCK-2026-00994,2026-07-30 01:30:34,UNSUBSTANTIATED_TIP,MODEL_PREDICTION_VERIFIED,77
OUT-2026-00995,TCK-2026-00995,2026-06-12 07:59:04,SEIZURE_EXECUTED,FALSE_ALARM_REPORTED,92
OUT-2026-00996,TCK-2026-00996,2026-06-24 19:06:52,PREVENTIVE_DETERRENCE_ACHIEVED,FALSE_ALARM_REPORTED,83
OUT-2026-00997,TCK-2026-00997,2025-07-13 16:45:29,SEIZURE_EXECUTED,NEW_CORRIDOR_DISCOVERED,91
OUT-2026-00998,TCK-2026-00998,2025-06-24 06:43:33,SEIZURE_EXECUTED,FALSE_ALARM_REPORTED,77
OUT-2026-00999,TCK-2026-00999,2025-09-09 19:42:14,UNSUBSTANTIATED_TIP,FALSE_ALARM_REPORTED,84
OUT-2026-01000,TCK-2026-01000,2025-09-27 11:39:11,SEIZURE_EXECUTED,MODEL_PREDICTION_VERIFIED,94